Searching for spacegroup Fm-3m
Matching spacegroup found: F m -3 m
Space group with Hermann-Mauguin symbol: F m -3 m
Point group with:
Lattice system: Cubic
Crystal system: Cubic
Symbol: m-3m
Processing  1  datasets.
Try loading MDE from /EXAMPLES/HYS/IPTS-19996/shared/merged_mde/merged_mde_MnO_25meV_5K_unpol.nxs
BZ cov and thresh in  4.316183805465698
Initial BZ list:  16 [[0, 0, 2], [-1, -1, 1], [1, 1, -1], [1, 1, 1], [-1, -1, -1], [0, 0, 0], [0, 0, -2], [2, 2, 0], [-2, -2, 0], [0, -2, 0], [-2, 0, 0], [2, 0, 0], [0, 2, 0], [1, -1, 1], [-1, 1, 1], [-1, 1, -1]]

Checking for prior progress
0 BZ arrays fully processed and removed:
[]

Data being processed in 16 BZs

BZs: [[0, 0, 2], [-1, -1, 1], [1, 1, -1], [1, 1, 1], [-1, -1, -1], [0, 0, 0], [0, 0, -2], [2, 2, 0], [-2, -2, 0], [0, -2, 0], [-2, 0, 0], [2, 0, 0], [0, 2, 0], [1, -1, 1], [-1, 1, 1], [-1, 1, -1]]

6 ('Gamma', 'X') symmetrically equivalent path segments

24 ('X', 'U') symmetrically equivalent path segments

12 ('K', 'Gamma') symmetrically equivalent path segments

8 ('Gamma', 'L') symmetrically equivalent path segments

48 ('L', 'W') symmetrically equivalent path segments

24 ('W', 'X') symmetrically equivalent path segments


 Total expected slices: 1952


Processing BZ [0 0 2], path segments from Gamma to X

6 symmetrically equivalent path segments
[[ 0.  0.  0. -1.  0.  0.]
 [ 0.  0.  0.  0. -1.  0.]
 [ 0.  0.  0.  0.  0. -1.]
 [ 0.  0.  0.  0.  0.  1.]
 [ 0.  0.  0.  0.  1.  0.]
 [ 0.  0.  0.  1.  0.  0.]]
Slicing  [0. 0. 2.]  to  [-1.  0.  2.]


Processed: 1/1952 (0.05%) | Elapsed: 00:00:02 | BZ Folding estimated remaining time: 01:21:44


Slicing  [0. 0. 2.]  to  [ 0. -1.  2.]
Slicing  [0. 0. 2.]  to  [0. 0. 1.]
Slicing  [0. 0. 2.]  to  [0. 0. 3.]
Slicing  [0. 0. 2.]  to  [0. 1. 2.]
Slicing  [0. 0. 2.]  to  [1. 0. 2.]
Processing BZ [0 0 2], path segments from X to U

24 symmetrically equivalent path segments
[[-1.    0.    0.   -1.   -0.25 -0.25]
 [-1.    0.    0.   -1.   -0.25  0.25]
 [-1.    0.    0.   -1.    0.25 -0.25]
 [-1.    0.    0.   -1.    0.25  0.25]
 [ 0.   -1.    0.   -0.25 -1.   -0.25]
 [ 0.   -1.    0.   -0.25 -1.    0.25]
 [ 0.   -1.    0.    0.25 -1.   -0.25]
 [ 0.   -1.    0.    0.25 -1.    0.25]
 [ 0.    0.   -1.   -0.25 -0.25 -1.  ]
 [ 0.    0.   -1.   -0.25  0.25 -1.  ]
 [ 0.    0.   -1.    0.25 -0.25 -1.  ]
 [ 0.    0.   -1.    0.25  0.25 -1.  ]
 [ 0.    0.    1.   -0.25 -0.25  1.  ]
 [ 0.    0.    1.   -0.25  0.25  1.  ]
 [ 0.    0.    1.    0.25 -0.25  1.  ]
 [ 0.    0.    1.    0.25  0.25  1.  ]
 [ 0.    1.    0.   -0.25  1.   -0.25]
 [ 0.    1.    0.   -0.25  1.    0.25]
 [ 0.    1.    0.    0.25  1.   -0.25]
 [ 0.    1.    0.    0.25  1.    0.25]
 [ 1.    0.    0.    1.   -0.25 -0.25]
 [ 1.    0.    0.    1.   -0.25  0.25]
 [ 1.    0.    0.    1.    0.25 -0.25]
 [ 1.    0.    0.    1.    0.25  0.25]]
Slicing  [-1.  0.  2.]  to  [-1.   -0.25  1.75]
Slicing  [-1.  0.  2.]  to  [-1.   -0.25  2.25]
Slicing  [-1.  0.  2.]  to  [-1.    0.25  1.75]
Slicing  [-1.  0.  2.]  to  [-1.    0.25  2.25]
Slicing  [ 0. -1.  2.]  to  [-0.25 -1.    1.75]
Slicing  [ 0. -1.  2.]  to  [-0.25 -1.    2.25]
Slicing  [ 0. -1.  2.]  to  [ 0.25 -1.    1.75]
Slicing  [ 0. -1.  2.]  to  [ 0.25 -1.    2.25]
Slicing  [0. 0. 1.]  to  [-0.25 -0.25  1.  ]
Slicing  [0. 0. 1.]  to  [-0.25  0.25  1.  ]
Slicing  [0. 0. 1.]  to  [ 0.25 -0.25  1.  ]
Slicing  [0. 0. 1.]  to  [0.25 0.25 1.  ]
Slicing  [0. 0. 3.]  to  [-0.25 -0.25  3.  ]
Slicing  [0. 0. 3.]  to  [-0.25  0.25  3.  ]
Slicing  [0. 0. 3.]  to  [ 0.25 -0.25  3.  ]
Slicing  [0. 0. 3.]  to  [0.25 0.25 3.  ]
Slicing  [0. 1. 2.]  to  [-0.25  1.    1.75]
Slicing  [0. 1. 2.]  to  [-0.25  1.    2.25]
Slicing  [0. 1. 2.]  to  [0.25 1.   1.75]
Slicing  [0. 1. 2.]  to  [0.25 1.   2.25]
Slicing  [1. 0. 2.]  to  [ 1.   -0.25  1.75]
Slicing  [1. 0. 2.]  to  [ 1.   -0.25  2.25]
Slicing  [1. 0. 2.]  to  [1.   0.25 1.75]
Slicing  [1. 0. 2.]  to  [1.   0.25 2.25]
Processing BZ [0 0 2], path segments from K to Gamma

12 symmetrically equivalent path segments
[[-0.75 -0.75  0.    0.    0.    0.  ]
 [-0.75  0.   -0.75  0.    0.    0.  ]
 [-0.75  0.    0.75  0.    0.    0.  ]
 [-0.75  0.75  0.    0.    0.    0.  ]
 [ 0.   -0.75 -0.75  0.    0.    0.  ]
 [ 0.   -0.75  0.75  0.    0.    0.  ]
 [ 0.    0.75 -0.75  0.    0.    0.  ]
 [ 0.    0.75  0.75  0.    0.    0.  ]
 [ 0.75 -0.75  0.    0.    0.    0.  ]
 [ 0.75  0.   -0.75  0.    0.    0.  ]
 [ 0.75  0.    0.75  0.    0.    0.  ]
 [ 0.75  0.75  0.    0.    0.    0.  ]]
Slicing  [-0.75 -0.75  2.  ]  to  [0. 0. 2.]
Slicing  [-0.75  0.    1.25]  to  [0. 0. 2.]
Slicing  [-0.75  0.    2.75]  to  [0. 0. 2.]
Slicing  [-0.75  0.75  2.  ]  to  [0. 0. 2.]
Slicing  [ 0.   -0.75  1.25]  to  [0. 0. 2.]
Slicing  [ 0.   -0.75  2.75]  to  [0. 0. 2.]
Slicing  [0.   0.75 1.25]  to  [0. 0. 2.]
Slicing  [0.   0.75 2.75]  to  [0. 0. 2.]
Slicing  [ 0.75 -0.75  2.  ]  to  [0. 0. 2.]
Slicing  [0.75 0.   1.25]  to  [0. 0. 2.]


Processed: 40/1952 (2.05%) | Elapsed: 00:01:46 | BZ Folding estimated remaining time: 01:24:42


Slicing  [0.75 0.   2.75]  to  [0. 0. 2.]
Slicing  [0.75 0.75 2.  ]  to  [0. 0. 2.]
Processing BZ [0 0 2], path segments from Gamma to L

8 symmetrically equivalent path segments
[[ 0.   0.   0.  -0.5 -0.5 -0.5]
 [ 0.   0.   0.  -0.5 -0.5  0.5]
 [ 0.   0.   0.  -0.5  0.5 -0.5]
 [ 0.   0.   0.  -0.5  0.5  0.5]
 [ 0.   0.   0.   0.5 -0.5 -0.5]
 [ 0.   0.   0.   0.5 -0.5  0.5]
 [ 0.   0.   0.   0.5  0.5 -0.5]
 [ 0.   0.   0.   0.5  0.5  0.5]]
Slicing  [0. 0. 2.]  to  [-0.5 -0.5  1.5]
Slicing  [0. 0. 2.]  to  [-0.5 -0.5  2.5]
Slicing  [0. 0. 2.]  to  [-0.5  0.5  1.5]
Slicing  [0. 0. 2.]  to  [-0.5  0.5  2.5]
Slicing  [0. 0. 2.]  to  [ 0.5 -0.5  1.5]
Slicing  [0. 0. 2.]  to  [ 0.5 -0.5  2.5]
Slicing  [0. 0. 2.]  to  [0.5 0.5 1.5]
Slicing  [0. 0. 2.]  to  [0.5 0.5 2.5]
Processing BZ [0 0 2], path segments from L to W

48 symmetrically equivalent path segments
[[-0.5 -0.5 -0.5 -1.  -0.5  0. ]
 [-0.5 -0.5 -0.5 -1.   0.  -0.5]
 [-0.5 -0.5 -0.5 -0.5 -1.   0. ]
 [-0.5 -0.5 -0.5 -0.5  0.  -1. ]
 [-0.5 -0.5 -0.5  0.  -1.  -0.5]
 [-0.5 -0.5 -0.5  0.  -0.5 -1. ]
 [-0.5 -0.5  0.5 -1.  -0.5  0. ]
 [-0.5 -0.5  0.5 -1.   0.   0.5]
 [-0.5 -0.5  0.5 -0.5 -1.   0. ]
 [-0.5 -0.5  0.5 -0.5  0.   1. ]
 [-0.5 -0.5  0.5  0.  -1.   0.5]
 [-0.5 -0.5  0.5  0.  -0.5  1. ]
 [-0.5  0.5 -0.5 -1.   0.  -0.5]
 [-0.5  0.5 -0.5 -1.   0.5  0. ]
 [-0.5  0.5 -0.5 -0.5  0.  -1. ]
 [-0.5  0.5 -0.5 -0.5  1.   0. ]
 [-0.5  0.5 -0.5  0.   0.5 -1. ]
 [-0.5  0.5 -0.5  0.   1.  -0.5]
 [-0.5  0.5  0.5 -1.   0.   0.5]
 [-0.5  0.5  0.5 -1.   0.5  0. ]
 [-0.5  0.5  0.5 -0.5  0.   1. ]
 [-0.5  0.5  0.5 -0.5  1.   0. ]
 [-0.5  0.5  0.5  0.   0.5  1. ]
 [-0.5  0.5  0.5  0.   1.   0.5]
 [ 0.5 -0.5 -0.5  0.  -1.  -0.5]
 [ 0.5 -0.5 -0.5  0.  -0.5 -1. ]
 [ 0.5 -0.5 -0.5  0.5 -1.   0. ]
 [ 0.5 -0.5 -0.5  0.5  0.  -1. ]
 [ 0.5 -0.5 -0.5  1.  -0.5  0. ]
 [ 0.5 -0.5 -0.5  1.   0.  -0.5]
 [ 0.5 -0.5  0.5  0.  -1.   0.5]
 [ 0.5 -0.5  0.5  0.  -0.5  1. ]
 [ 0.5 -0.5  0.5  0.5 -1.   0. ]
 [ 0.5 -0.5  0.5  0.5  0.   1. ]
 [ 0.5 -0.5  0.5  1.  -0.5  0. ]
 [ 0.5 -0.5  0.5  1.   0.   0.5]
 [ 0.5  0.5 -0.5  0.   0.5 -1. ]
 [ 0.5  0.5 -0.5  0.   1.  -0.5]
 [ 0.5  0.5 -0.5  0.5  0.  -1. ]
 [ 0.5  0.5 -0.5  0.5  1.   0. ]
 [ 0.5  0.5 -0.5  1.   0.  -0.5]
 [ 0.5  0.5 -0.5  1.   0.5  0. ]
 [ 0.5  0.5  0.5  0.   0.5  1. ]
 [ 0.5  0.5  0.5  0.   1.   0.5]
 [ 0.5  0.5  0.5  0.5  0.   1. ]
 [ 0.5  0.5  0.5  0.5  1.   0. ]
 [ 0.5  0.5  0.5  1.   0.   0.5]
 [ 0.5  0.5  0.5  1.   0.5  0. ]]
Slicing  [-0.5 -0.5  1.5]  to  [-1.  -0.5  2. ]
Slicing  [-0.5 -0.5  1.5]  to  [-1.   0.   1.5]
Slicing  [-0.5 -0.5  1.5]  to  [-0.5 -1.   2. ]
Slicing  [-0.5 -0.5  1.5]  to  [-0.5  0.   1. ]
Slicing  [-0.5 -0.5  1.5]  to  [ 0.  -1.   1.5]
Slicing  [-0.5 -0.5  1.5]  to  [ 0.  -0.5  1. ]
Slicing  [-0.5 -0.5  2.5]  to  [-1.  -0.5  2. ]
Slicing  [-0.5 -0.5  2.5]  to  [-1.   0.   2.5]
Slicing  [-0.5 -0.5  2.5]  to  [-0.5 -1.   2. ]
Slicing  [-0.5 -0.5  2.5]  to  [-0.5  0.   3. ]
Slicing  [-0.5 -0.5  2.5]  to  [ 0.  -1.   2.5]
Slicing  [-0.5 -0.5  2.5]  to  [ 0.  -0.5  3. ]
Slicing  [-0.5  0.5  1.5]  to  [-1.   0.   1.5]
Slicing  [-0.5  0.5  1.5]  to  [-1.   0.5  2. ]
Slicing  [-0.5  0.5  1.5]  to  [-0.5  0.   1. ]
Slicing  [-0.5  0.5  1.5]  to  [-0.5  1.   2. ]
Slicing  [-0.5  0.5  1.5]  to  [0.  0.5 1. ]
Slicing  [-0.5  0.5  1.5]  to  [0.  1.  1.5]
Slicing  [-0.5  0.5  2.5]  to  [-1.   0.   2.5]
Slicing  [-0.5  0.5  2.5]  to  [-1.   0.5  2. ]
Slicing  [-0.5  0.5  2.5]  to  [-0.5  0.   3. ]
Slicing  [-0.5  0.5  2.5]  to  [-0.5  1.   2. ]
Slicing  [-0.5  0.5  2.5]  to  [0.  0.5 3. ]
Slicing  [-0.5  0.5  2.5]  to  [0.  1.  2.5]
Slicing  [ 0.5 -0.5  1.5]  to  [ 0.  -1.   1.5]
Slicing  [ 0.5 -0.5  1.5]  to  [ 0.  -0.5  1. ]
Slicing  [ 0.5 -0.5  1.5]  to  [ 0.5 -1.   2. ]
Slicing  [ 0.5 -0.5  1.5]  to  [0.5 0.  1. ]
Slicing  [ 0.5 -0.5  1.5]  to  [ 1.  -0.5  2. ]


Processed: 79/1952 (4.05%) | Elapsed: 00:03:30 | BZ Folding estimated remaining time: 01:23:04


Slicing  [ 0.5 -0.5  1.5]  to  [1.  0.  1.5]
Slicing  [ 0.5 -0.5  2.5]  to  [ 0.  -1.   2.5]
Slicing  [ 0.5 -0.5  2.5]  to  [ 0.  -0.5  3. ]
Slicing  [ 0.5 -0.5  2.5]  to  [ 0.5 -1.   2. ]
Slicing  [ 0.5 -0.5  2.5]  to  [0.5 0.  3. ]
Slicing  [ 0.5 -0.5  2.5]  to  [ 1.  -0.5  2. ]
Slicing  [ 0.5 -0.5  2.5]  to  [1.  0.  2.5]
Slicing  [0.5 0.5 1.5]  to  [0.  0.5 1. ]
Slicing  [0.5 0.5 1.5]  to  [0.  1.  1.5]
Slicing  [0.5 0.5 1.5]  to  [0.5 0.  1. ]
Slicing  [0.5 0.5 1.5]  to  [0.5 1.  2. ]
Slicing  [0.5 0.5 1.5]  to  [1.  0.  1.5]
Slicing  [0.5 0.5 1.5]  to  [1.  0.5 2. ]
Slicing  [0.5 0.5 2.5]  to  [0.  0.5 3. ]
Slicing  [0.5 0.5 2.5]  to  [0.  1.  2.5]
Slicing  [0.5 0.5 2.5]  to  [0.5 0.  3. ]
Slicing  [0.5 0.5 2.5]  to  [0.5 1.  2. ]
Slicing  [0.5 0.5 2.5]  to  [1.  0.  2.5]
Slicing  [0.5 0.5 2.5]  to  [1.  0.5 2. ]
Processing BZ [0 0 2], path segments from W to X

24 symmetrically equivalent path segments
[[-1.  -0.5  0.  -1.   0.   0. ]
 [-1.   0.  -0.5 -1.   0.   0. ]
 [-1.   0.   0.5 -1.   0.   0. ]
 [-1.   0.5  0.  -1.   0.   0. ]
 [-0.5 -1.   0.   0.  -1.   0. ]
 [-0.5  0.  -1.   0.   0.  -1. ]
 [-0.5  0.   1.   0.   0.   1. ]
 [-0.5  1.   0.   0.   1.   0. ]
 [ 0.  -1.  -0.5  0.  -1.   0. ]
 [ 0.  -1.   0.5  0.  -1.   0. ]
 [ 0.  -0.5 -1.   0.   0.  -1. ]
 [ 0.  -0.5  1.   0.   0.   1. ]
 [ 0.   0.5 -1.   0.   0.  -1. ]
 [ 0.   0.5  1.   0.   0.   1. ]
 [ 0.   1.  -0.5  0.   1.   0. ]
 [ 0.   1.   0.5  0.   1.   0. ]
 [ 0.5 -1.   0.   0.  -1.   0. ]
 [ 0.5  0.  -1.   0.   0.  -1. ]
 [ 0.5  0.   1.   0.   0.   1. ]
 [ 0.5  1.   0.   0.   1.   0. ]
 [ 1.  -0.5  0.   1.   0.   0. ]
 [ 1.   0.  -0.5  1.   0.   0. ]
 [ 1.   0.   0.5  1.   0.   0. ]
 [ 1.   0.5  0.   1.   0.   0. ]]
Slicing  [-1.  -0.5  2. ]  to  [-1.  0.  2.]
Slicing  [-1.   0.   1.5]  to  [-1.  0.  2.]
Slicing  [-1.   0.   2.5]  to  [-1.  0.  2.]
Slicing  [-1.   0.5  2. ]  to  [-1.  0.  2.]
Slicing  [-0.5 -1.   2. ]  to  [ 0. -1.  2.]
Slicing  [-0.5  0.   1. ]  to  [0. 0. 1.]
Slicing  [-0.5  0.   3. ]  to  [0. 0. 3.]
Slicing  [-0.5  1.   2. ]  to  [0. 1. 2.]
Slicing  [ 0.  -1.   1.5]  to  [ 0. -1.  2.]
Slicing  [ 0.  -1.   2.5]  to  [ 0. -1.  2.]
Slicing  [ 0.  -0.5  1. ]  to  [0. 0. 1.]
Slicing  [ 0.  -0.5  3. ]  to  [0. 0. 3.]
Slicing  [0.  0.5 1. ]  to  [0. 0. 1.]
Slicing  [0.  0.5 3. ]  to  [0. 0. 3.]
Slicing  [0.  1.  1.5]  to  [0. 1. 2.]
Slicing  [0.  1.  2.5]  to  [0. 1. 2.]
Slicing  [ 0.5 -1.   2. ]  to  [ 0. -1.  2.]
Slicing  [0.5 0.  1. ]  to  [0. 0. 1.]
Slicing  [0.5 0.  3. ]  to  [0. 0. 3.]
Slicing  [0.5 1.  2. ]  to  [0. 1. 2.]


Processed: 118/1952 (6.05%) | Elapsed: 00:05:15 | BZ Folding estimated remaining time: 01:21:44


Slicing  [ 1.  -0.5  2. ]  to  [1. 0. 2.]
Slicing  [1.  0.  1.5]  to  [1. 0. 2.]
Slicing  [1.  0.  2.5]  to  [1. 0. 2.]
Slicing  [1.  0.5 2. ]  to  [1. 0. 2.]

Generating Report for BZ [0 0 2]

Combining all 0 BZ

BZ [0 0 2] done. Total time elapsed 00:06:03
Processing BZ [-1 -1  1], path segments from Gamma to X

6 symmetrically equivalent path segments
[[ 0.  0.  0. -1.  0.  0.]
 [ 0.  0.  0.  0. -1.  0.]
 [ 0.  0.  0.  0.  0. -1.]
 [ 0.  0.  0.  0.  0.  1.]
 [ 0.  0.  0.  0.  1.  0.]
 [ 0.  0.  0.  1.  0.  0.]]
Slicing  [-1. -1.  1.]  to  [-2. -1.  1.]
Slicing  [-1. -1.  1.]  to  [-1. -2.  1.]
Slicing  [-1. -1.  1.]  to  [-1. -1.  0.]
Slicing  [-1. -1.  1.]  to  [-1. -1.  2.]
Slicing  [-1. -1.  1.]  to  [-1.  0.  1.]
Slicing  [-1. -1.  1.]  to  [ 0. -1.  1.]
Processing BZ [-1 -1  1], path segments from X to U

24 symmetrically equivalent path segments
[[-1.    0.    0.   -1.   -0.25 -0.25]
 [-1.    0.    0.   -1.   -0.25  0.25]
 [-1.    0.    0.   -1.    0.25 -0.25]
 [-1.    0.    0.   -1.    0.25  0.25]
 [ 0.   -1.    0.   -0.25 -1.   -0.25]
 [ 0.   -1.    0.   -0.25 -1.    0.25]
 [ 0.   -1.    0.    0.25 -1.   -0.25]
 [ 0.   -1.    0.    0.25 -1.    0.25]
 [ 0.    0.   -1.   -0.25 -0.25 -1.  ]
 [ 0.    0.   -1.   -0.25  0.25 -1.  ]
 [ 0.    0.   -1.    0.25 -0.25 -1.  ]
 [ 0.    0.   -1.    0.25  0.25 -1.  ]
 [ 0.    0.    1.   -0.25 -0.25  1.  ]
 [ 0.    0.    1.   -0.25  0.25  1.  ]
 [ 0.    0.    1.    0.25 -0.25  1.  ]
 [ 0.    0.    1.    0.25  0.25  1.  ]
 [ 0.    1.    0.   -0.25  1.   -0.25]
 [ 0.    1.    0.   -0.25  1.    0.25]
 [ 0.    1.    0.    0.25  1.   -0.25]
 [ 0.    1.    0.    0.25  1.    0.25]
 [ 1.    0.    0.    1.   -0.25 -0.25]
 [ 1.    0.    0.    1.   -0.25  0.25]
 [ 1.    0.    0.    1.    0.25 -0.25]
 [ 1.    0.    0.    1.    0.25  0.25]]
Slicing  [-2. -1.  1.]  to  [-2.   -1.25  0.75]
Slicing  [-2. -1.  1.]  to  [-2.   -1.25  1.25]
Slicing  [-2. -1.  1.]  to  [-2.   -0.75  0.75]
Slicing  [-2. -1.  1.]  to  [-2.   -0.75  1.25]
Slicing  [-1. -2.  1.]  to  [-1.25 -2.    0.75]
Slicing  [-1. -2.  1.]  to  [-1.25 -2.    1.25]
Slicing  [-1. -2.  1.]  to  [-0.75 -2.    0.75]
Slicing  [-1. -2.  1.]  to  [-0.75 -2.    1.25]
Slicing  [-1. -1.  0.]  to  [-1.25 -1.25  0.  ]
Slicing  [-1. -1.  0.]  to  [-1.25 -0.75  0.  ]
Slicing  [-1. -1.  0.]  to  [-0.75 -1.25  0.  ]
Slicing  [-1. -1.  0.]  to  [-0.75 -0.75  0.  ]
Slicing  [-1. -1.  2.]  to  [-1.25 -1.25  2.  ]
Slicing  [-1. -1.  2.]  to  [-1.25 -0.75  2.  ]
Slicing  [-1. -1.  2.]  to  [-0.75 -1.25  2.  ]
Slicing  [-1. -1.  2.]  to  [-0.75 -0.75  2.  ]
Slicing  [-1.  0.  1.]  to  [-1.25  0.    0.75]
Slicing  [-1.  0.  1.]  to  [-1.25  0.    1.25]
Slicing  [-1.  0.  1.]  to  [-0.75  0.    0.75]
Slicing  [-1.  0.  1.]  to  [-0.75  0.    1.25]
Slicing  [ 0. -1.  1.]  to  [ 0.   -1.25  0.75]
Slicing  [ 0. -1.  1.]  to  [ 0.   -1.25  1.25]
Slicing  [ 0. -1.  1.]  to  [ 0.   -0.75  0.75]
Slicing  [ 0. -1.  1.]  to  [ 0.   -0.75  1.25]
Processing BZ [-1 -1  1], path segments from K to Gamma

12 symmetrically equivalent path segments
[[-0.75 -0.75  0.    0.    0.    0.  ]
 [-0.75  0.   -0.75  0.    0.    0.  ]
 [-0.75  0.    0.75  0.    0.    0.  ]
 [-0.75  0.75  0.    0.    0.    0.  ]
 [ 0.   -0.75 -0.75  0.    0.    0.  ]
 [ 0.   -0.75  0.75  0.    0.    0.  ]
 [ 0.    0.75 -0.75  0.    0.    0.  ]
 [ 0.    0.75  0.75  0.    0.    0.  ]
 [ 0.75 -0.75  0.    0.    0.    0.  ]
 [ 0.75  0.   -0.75  0.    0.    0.  ]
 [ 0.75  0.    0.75  0.    0.    0.  ]
 [ 0.75  0.75  0.    0.    0.    0.  ]]
Slicing  [-1.75 -1.75  1.  ]  to  [-1. -1.  1.]
Slicing  [-1.75 -1.    0.25]  to  [-1. -1.  1.]
Slicing  [-1.75 -1.    1.75]  to  [-1. -1.  1.]
Slicing  [-1.75 -0.25  1.  ]  to  [-1. -1.  1.]
Slicing  [-1.   -1.75  0.25]  to  [-1. -1.  1.]


Processed: 157/1952 (8.04%) | Elapsed: 00:07:12 | BZ Folding estimated remaining time: 01:22:22


Slicing  [-1.   -1.75  1.75]  to  [-1. -1.  1.]
Slicing  [-1.   -0.25  0.25]  to  [-1. -1.  1.]
Slicing  [-1.   -0.25  1.75]  to  [-1. -1.  1.]
Slicing  [-0.25 -1.75  1.  ]  to  [-1. -1.  1.]
Slicing  [-0.25 -1.    0.25]  to  [-1. -1.  1.]
Slicing  [-0.25 -1.    1.75]  to  [-1. -1.  1.]
Slicing  [-0.25 -0.25  1.  ]  to  [-1. -1.  1.]
Processing BZ [-1 -1  1], path segments from Gamma to L

8 symmetrically equivalent path segments
[[ 0.   0.   0.  -0.5 -0.5 -0.5]
 [ 0.   0.   0.  -0.5 -0.5  0.5]
 [ 0.   0.   0.  -0.5  0.5 -0.5]
 [ 0.   0.   0.  -0.5  0.5  0.5]
 [ 0.   0.   0.   0.5 -0.5 -0.5]
 [ 0.   0.   0.   0.5 -0.5  0.5]
 [ 0.   0.   0.   0.5  0.5 -0.5]
 [ 0.   0.   0.   0.5  0.5  0.5]]
Slicing  [-1. -1.  1.]  to  [-1.5 -1.5  0.5]
Slicing  [-1. -1.  1.]  to  [-1.5 -1.5  1.5]
Slicing  [-1. -1.  1.]  to  [-1.5 -0.5  0.5]
Slicing  [-1. -1.  1.]  to  [-1.5 -0.5  1.5]
Slicing  [-1. -1.  1.]  to  [-0.5 -1.5  0.5]
Slicing  [-1. -1.  1.]  to  [-0.5 -1.5  1.5]
Slicing  [-1. -1.  1.]  to  [-0.5 -0.5  0.5]
Slicing  [-1. -1.  1.]  to  [-0.5 -0.5  1.5]
Processing BZ [-1 -1  1], path segments from L to W

48 symmetrically equivalent path segments
[[-0.5 -0.5 -0.5 -1.  -0.5  0. ]
 [-0.5 -0.5 -0.5 -1.   0.  -0.5]
 [-0.5 -0.5 -0.5 -0.5 -1.   0. ]
 [-0.5 -0.5 -0.5 -0.5  0.  -1. ]
 [-0.5 -0.5 -0.5  0.  -1.  -0.5]
 [-0.5 -0.5 -0.5  0.  -0.5 -1. ]
 [-0.5 -0.5  0.5 -1.  -0.5  0. ]
 [-0.5 -0.5  0.5 -1.   0.   0.5]
 [-0.5 -0.5  0.5 -0.5 -1.   0. ]
 [-0.5 -0.5  0.5 -0.5  0.   1. ]
 [-0.5 -0.5  0.5  0.  -1.   0.5]
 [-0.5 -0.5  0.5  0.  -0.5  1. ]
 [-0.5  0.5 -0.5 -1.   0.  -0.5]
 [-0.5  0.5 -0.5 -1.   0.5  0. ]
 [-0.5  0.5 -0.5 -0.5  0.  -1. ]
 [-0.5  0.5 -0.5 -0.5  1.   0. ]
 [-0.5  0.5 -0.5  0.   0.5 -1. ]
 [-0.5  0.5 -0.5  0.   1.  -0.5]
 [-0.5  0.5  0.5 -1.   0.   0.5]
 [-0.5  0.5  0.5 -1.   0.5  0. ]
 [-0.5  0.5  0.5 -0.5  0.   1. ]
 [-0.5  0.5  0.5 -0.5  1.   0. ]
 [-0.5  0.5  0.5  0.   0.5  1. ]
 [-0.5  0.5  0.5  0.   1.   0.5]
 [ 0.5 -0.5 -0.5  0.  -1.  -0.5]
 [ 0.5 -0.5 -0.5  0.  -0.5 -1. ]
 [ 0.5 -0.5 -0.5  0.5 -1.   0. ]
 [ 0.5 -0.5 -0.5  0.5  0.  -1. ]
 [ 0.5 -0.5 -0.5  1.  -0.5  0. ]
 [ 0.5 -0.5 -0.5  1.   0.  -0.5]
 [ 0.5 -0.5  0.5  0.  -1.   0.5]
 [ 0.5 -0.5  0.5  0.  -0.5  1. ]
 [ 0.5 -0.5  0.5  0.5 -1.   0. ]
 [ 0.5 -0.5  0.5  0.5  0.   1. ]
 [ 0.5 -0.5  0.5  1.  -0.5  0. ]
 [ 0.5 -0.5  0.5  1.   0.   0.5]
 [ 0.5  0.5 -0.5  0.   0.5 -1. ]
 [ 0.5  0.5 -0.5  0.   1.  -0.5]
 [ 0.5  0.5 -0.5  0.5  0.  -1. ]
 [ 0.5  0.5 -0.5  0.5  1.   0. ]
 [ 0.5  0.5 -0.5  1.   0.  -0.5]
 [ 0.5  0.5 -0.5  1.   0.5  0. ]
 [ 0.5  0.5  0.5  0.   0.5  1. ]
 [ 0.5  0.5  0.5  0.   1.   0.5]
 [ 0.5  0.5  0.5  0.5  0.   1. ]
 [ 0.5  0.5  0.5  0.5  1.   0. ]
 [ 0.5  0.5  0.5  1.   0.   0.5]
 [ 0.5  0.5  0.5  1.   0.5  0. ]]
Slicing  [-1.5 -1.5  0.5]  to  [-2.  -1.5  1. ]
Slicing  [-1.5 -1.5  0.5]  to  [-2.  -1.   0.5]
Slicing  [-1.5 -1.5  0.5]  to  [-1.5 -2.   1. ]
Slicing  [-1.5 -1.5  0.5]  to  [-1.5 -1.   0. ]
Slicing  [-1.5 -1.5  0.5]  to  [-1.  -2.   0.5]
Slicing  [-1.5 -1.5  0.5]  to  [-1.  -1.5  0. ]
Slicing  [-1.5 -1.5  1.5]  to  [-2.  -1.5  1. ]
Slicing  [-1.5 -1.5  1.5]  to  [-2.  -1.   1.5]
Slicing  [-1.5 -1.5  1.5]  to  [-1.5 -2.   1. ]
Slicing  [-1.5 -1.5  1.5]  to  [-1.5 -1.   2. ]
Slicing  [-1.5 -1.5  1.5]  to  [-1.  -2.   1.5]
Slicing  [-1.5 -1.5  1.5]  to  [-1.  -1.5  2. ]
Slicing  [-1.5 -0.5  0.5]  to  [-2.  -1.   0.5]
Slicing  [-1.5 -0.5  0.5]  to  [-2.  -0.5  1. ]
Slicing  [-1.5 -0.5  0.5]  to  [-1.5 -1.   0. ]
Slicing  [-1.5 -0.5  0.5]  to  [-1.5  0.   1. ]
Slicing  [-1.5 -0.5  0.5]  to  [-1.  -0.5  0. ]
Slicing  [-1.5 -0.5  0.5]  to  [-1.   0.   0.5]
Slicing  [-1.5 -0.5  1.5]  to  [-2.  -1.   1.5]
Slicing  [-1.5 -0.5  1.5]  to  [-2.  -0.5  1. ]
Slicing  [-1.5 -0.5  1.5]  to  [-1.5 -1.   2. ]
Slicing  [-1.5 -0.5  1.5]  to  [-1.5  0.   1. ]
Slicing  [-1.5 -0.5  1.5]  to  [-1.  -0.5  2. ]
Slicing  [-1.5 -0.5  1.5]  to  [-1.   0.   1.5]


Processed: 196/1952 (10.04%) | Elapsed: 00:08:59 | BZ Folding estimated remaining time: 01:20:32


Slicing  [-0.5 -1.5  0.5]  to  [-1.  -2.   0.5]
Slicing  [-0.5 -1.5  0.5]  to  [-1.  -1.5  0. ]
Slicing  [-0.5 -1.5  0.5]  to  [-0.5 -2.   1. ]
Slicing  [-0.5 -1.5  0.5]  to  [-0.5 -1.   0. ]
Slicing  [-0.5 -1.5  0.5]  to  [ 0.  -1.5  1. ]
Slicing  [-0.5 -1.5  0.5]  to  [ 0.  -1.   0.5]
Slicing  [-0.5 -1.5  1.5]  to  [-1.  -2.   1.5]
Slicing  [-0.5 -1.5  1.5]  to  [-1.  -1.5  2. ]
Slicing  [-0.5 -1.5  1.5]  to  [-0.5 -2.   1. ]
Slicing  [-0.5 -1.5  1.5]  to  [-0.5 -1.   2. ]
Slicing  [-0.5 -1.5  1.5]  to  [ 0.  -1.5  1. ]
Slicing  [-0.5 -1.5  1.5]  to  [ 0.  -1.   1.5]
Slicing  [-0.5 -0.5  0.5]  to  [-1.  -0.5  0. ]
Slicing  [-0.5 -0.5  0.5]  to  [-1.   0.   0.5]
Slicing  [-0.5 -0.5  0.5]  to  [-0.5 -1.   0. ]
Slicing  [-0.5 -0.5  0.5]  to  [-0.5  0.   1. ]
Slicing  [-0.5 -0.5  0.5]  to  [ 0.  -1.   0.5]
Slicing  [-0.5 -0.5  0.5]  to  [ 0.  -0.5  1. ]
Slicing  [-0.5 -0.5  1.5]  to  [-1.  -0.5  2. ]
Slicing  [-0.5 -0.5  1.5]  to  [-1.   0.   1.5]
Slicing  [-0.5 -0.5  1.5]  to  [-0.5 -1.   2. ]
Slicing  [-0.5 -0.5  1.5]  to  [-0.5  0.   1. ]
Slicing  [-0.5 -0.5  1.5]  to  [ 0.  -1.   1.5]
Slicing  [-0.5 -0.5  1.5]  to  [ 0.  -0.5  1. ]
Processing BZ [-1 -1  1], path segments from W to X

24 symmetrically equivalent path segments
[[-1.  -0.5  0.  -1.   0.   0. ]
 [-1.   0.  -0.5 -1.   0.   0. ]
 [-1.   0.   0.5 -1.   0.   0. ]
 [-1.   0.5  0.  -1.   0.   0. ]
 [-0.5 -1.   0.   0.  -1.   0. ]
 [-0.5  0.  -1.   0.   0.  -1. ]
 [-0.5  0.   1.   0.   0.   1. ]
 [-0.5  1.   0.   0.   1.   0. ]
 [ 0.  -1.  -0.5  0.  -1.   0. ]
 [ 0.  -1.   0.5  0.  -1.   0. ]
 [ 0.  -0.5 -1.   0.   0.  -1. ]
 [ 0.  -0.5  1.   0.   0.   1. ]
 [ 0.   0.5 -1.   0.   0.  -1. ]
 [ 0.   0.5  1.   0.   0.   1. ]
 [ 0.   1.  -0.5  0.   1.   0. ]
 [ 0.   1.   0.5  0.   1.   0. ]
 [ 0.5 -1.   0.   0.  -1.   0. ]
 [ 0.5  0.  -1.   0.   0.  -1. ]
 [ 0.5  0.   1.   0.   0.   1. ]
 [ 0.5  1.   0.   0.   1.   0. ]
 [ 1.  -0.5  0.   1.   0.   0. ]
 [ 1.   0.  -0.5  1.   0.   0. ]
 [ 1.   0.   0.5  1.   0.   0. ]
 [ 1.   0.5  0.   1.   0.   0. ]]
Slicing  [-2.  -1.5  1. ]  to  [-2. -1.  1.]
Slicing  [-2.  -1.   0.5]  to  [-2. -1.  1.]
Slicing  [-2.  -1.   1.5]  to  [-2. -1.  1.]
Slicing  [-2.  -0.5  1. ]  to  [-2. -1.  1.]
Slicing  [-1.5 -2.   1. ]  to  [-1. -2.  1.]
Slicing  [-1.5 -1.   0. ]  to  [-1. -1.  0.]
Slicing  [-1.5 -1.   2. ]  to  [-1. -1.  2.]
Slicing  [-1.5  0.   1. ]  to  [-1.  0.  1.]
Slicing  [-1.  -2.   0.5]  to  [-1. -2.  1.]
Slicing  [-1.  -2.   1.5]  to  [-1. -2.  1.]
Slicing  [-1.  -1.5  0. ]  to  [-1. -1.  0.]
Slicing  [-1.  -1.5  2. ]  to  [-1. -1.  2.]
Slicing  [-1.  -0.5  0. ]  to  [-1. -1.  0.]
Slicing  [-1.  -0.5  2. ]  to  [-1. -1.  2.]
Slicing  [-1.   0.   0.5]  to  [-1.  0.  1.]


Processed: 235/1952 (12.04%) | Elapsed: 00:10:44 | BZ Folding estimated remaining time: 01:18:31


Slicing  [-1.   0.   1.5]  to  [-1.  0.  1.]
Slicing  [-0.5 -2.   1. ]  to  [-1. -2.  1.]
Slicing  [-0.5 -1.   0. ]  to  [-1. -1.  0.]
Slicing  [-0.5 -1.   2. ]  to  [-1. -1.  2.]
Slicing  [-0.5  0.   1. ]  to  [-1.  0.  1.]
Slicing  [ 0.  -1.5  1. ]  to  [ 0. -1.  1.]
Slicing  [ 0.  -1.   0.5]  to  [ 0. -1.  1.]
Slicing  [ 0.  -1.   1.5]  to  [ 0. -1.  1.]
Slicing  [ 0.  -0.5  1. ]  to  [ 0. -1.  1.]

Generating Report for BZ [-1 -1  1]

Combining all 1 BZ

BZ [-1 -1  1] done. Total time elapsed 00:11:47
Processing BZ [ 1  1 -1], path segments from Gamma to X

6 symmetrically equivalent path segments
[[ 0.  0.  0. -1.  0.  0.]
 [ 0.  0.  0.  0. -1.  0.]
 [ 0.  0.  0.  0.  0. -1.]
 [ 0.  0.  0.  0.  0.  1.]
 [ 0.  0.  0.  0.  1.  0.]
 [ 0.  0.  0.  1.  0.  0.]]
Slicing  [ 1.  1. -1.]  to  [ 0.  1. -1.]
Slicing  [ 1.  1. -1.]  to  [ 1.  0. -1.]
Slicing  [ 1.  1. -1.]  to  [ 1.  1. -2.]
Slicing  [ 1.  1. -1.]  to  [1. 1. 0.]
Slicing  [ 1.  1. -1.]  to  [ 1.  2. -1.]
Slicing  [ 1.  1. -1.]  to  [ 2.  1. -1.]
Processing BZ [ 1  1 -1], path segments from X to U

24 symmetrically equivalent path segments
[[-1.    0.    0.   -1.   -0.25 -0.25]
 [-1.    0.    0.   -1.   -0.25  0.25]
 [-1.    0.    0.   -1.    0.25 -0.25]
 [-1.    0.    0.   -1.    0.25  0.25]
 [ 0.   -1.    0.   -0.25 -1.   -0.25]
 [ 0.   -1.    0.   -0.25 -1.    0.25]
 [ 0.   -1.    0.    0.25 -1.   -0.25]
 [ 0.   -1.    0.    0.25 -1.    0.25]
 [ 0.    0.   -1.   -0.25 -0.25 -1.  ]
 [ 0.    0.   -1.   -0.25  0.25 -1.  ]
 [ 0.    0.   -1.    0.25 -0.25 -1.  ]
 [ 0.    0.   -1.    0.25  0.25 -1.  ]
 [ 0.    0.    1.   -0.25 -0.25  1.  ]
 [ 0.    0.    1.   -0.25  0.25  1.  ]
 [ 0.    0.    1.    0.25 -0.25  1.  ]
 [ 0.    0.    1.    0.25  0.25  1.  ]
 [ 0.    1.    0.   -0.25  1.   -0.25]
 [ 0.    1.    0.   -0.25  1.    0.25]
 [ 0.    1.    0.    0.25  1.   -0.25]
 [ 0.    1.    0.    0.25  1.    0.25]
 [ 1.    0.    0.    1.   -0.25 -0.25]
 [ 1.    0.    0.    1.   -0.25  0.25]
 [ 1.    0.    0.    1.    0.25 -0.25]
 [ 1.    0.    0.    1.    0.25  0.25]]
Slicing  [ 0.  1. -1.]  to  [ 0.    0.75 -1.25]
Slicing  [ 0.  1. -1.]  to  [ 0.    0.75 -0.75]
Slicing  [ 0.  1. -1.]  to  [ 0.    1.25 -1.25]
Slicing  [ 0.  1. -1.]  to  [ 0.    1.25 -0.75]
Slicing  [ 1.  0. -1.]  to  [ 0.75  0.   -1.25]
Slicing  [ 1.  0. -1.]  to  [ 0.75  0.   -0.75]
Slicing  [ 1.  0. -1.]  to  [ 1.25  0.   -1.25]
Slicing  [ 1.  0. -1.]  to  [ 1.25  0.   -0.75]
Slicing  [ 1.  1. -2.]  to  [ 0.75  0.75 -2.  ]
Slicing  [ 1.  1. -2.]  to  [ 0.75  1.25 -2.  ]
Slicing  [ 1.  1. -2.]  to  [ 1.25  0.75 -2.  ]
Slicing  [ 1.  1. -2.]  to  [ 1.25  1.25 -2.  ]
Slicing  [1. 1. 0.]  to  [0.75 0.75 0.  ]
Slicing  [1. 1. 0.]  to  [0.75 1.25 0.  ]
Slicing  [1. 1. 0.]  to  [1.25 0.75 0.  ]
Slicing  [1. 1. 0.]  to  [1.25 1.25 0.  ]
Slicing  [ 1.  2. -1.]  to  [ 0.75  2.   -1.25]
Slicing  [ 1.  2. -1.]  to  [ 0.75  2.   -0.75]
Slicing  [ 1.  2. -1.]  to  [ 1.25  2.   -1.25]
Slicing  [ 1.  2. -1.]  to  [ 1.25  2.   -0.75]
Slicing  [ 2.  1. -1.]  to  [ 2.    0.75 -1.25]
Slicing  [ 2.  1. -1.]  to  [ 2.    0.75 -0.75]
Slicing  [ 2.  1. -1.]  to  [ 2.    1.25 -1.25]
Slicing  [ 2.  1. -1.]  to  [ 2.    1.25 -0.75]


Processed: 274/1952 (14.04%) | Elapsed: 00:12:40 | BZ Folding estimated remaining time: 01:17:36


Processing BZ [ 1  1 -1], path segments from K to Gamma

12 symmetrically equivalent path segments
[[-0.75 -0.75  0.    0.    0.    0.  ]
 [-0.75  0.   -0.75  0.    0.    0.  ]
 [-0.75  0.    0.75  0.    0.    0.  ]
 [-0.75  0.75  0.    0.    0.    0.  ]
 [ 0.   -0.75 -0.75  0.    0.    0.  ]
 [ 0.   -0.75  0.75  0.    0.    0.  ]
 [ 0.    0.75 -0.75  0.    0.    0.  ]
 [ 0.    0.75  0.75  0.    0.    0.  ]
 [ 0.75 -0.75  0.    0.    0.    0.  ]
 [ 0.75  0.   -0.75  0.    0.    0.  ]
 [ 0.75  0.    0.75  0.    0.    0.  ]
 [ 0.75  0.75  0.    0.    0.    0.  ]]
Slicing  [ 0.25  0.25 -1.  ]  to  [ 1.  1. -1.]
Slicing  [ 0.25  1.   -1.75]  to  [ 1.  1. -1.]
Slicing  [ 0.25  1.   -0.25]  to  [ 1.  1. -1.]
Slicing  [ 0.25  1.75 -1.  ]  to  [ 1.  1. -1.]
Slicing  [ 1.    0.25 -1.75]  to  [ 1.  1. -1.]
Slicing  [ 1.    0.25 -0.25]  to  [ 1.  1. -1.]
Slicing  [ 1.    1.75 -1.75]  to  [ 1.  1. -1.]
Slicing  [ 1.    1.75 -0.25]  to  [ 1.  1. -1.]
Slicing  [ 1.75  0.25 -1.  ]  to  [ 1.  1. -1.]
Slicing  [ 1.75  1.   -1.75]  to  [ 1.  1. -1.]
Slicing  [ 1.75  1.   -0.25]  to  [ 1.  1. -1.]
Slicing  [ 1.75  1.75 -1.  ]  to  [ 1.  1. -1.]
Processing BZ [ 1  1 -1], path segments from Gamma to L

8 symmetrically equivalent path segments
[[ 0.   0.   0.  -0.5 -0.5 -0.5]
 [ 0.   0.   0.  -0.5 -0.5  0.5]
 [ 0.   0.   0.  -0.5  0.5 -0.5]
 [ 0.   0.   0.  -0.5  0.5  0.5]
 [ 0.   0.   0.   0.5 -0.5 -0.5]
 [ 0.   0.   0.   0.5 -0.5  0.5]
 [ 0.   0.   0.   0.5  0.5 -0.5]
 [ 0.   0.   0.   0.5  0.5  0.5]]
Slicing  [ 1.  1. -1.]  to  [ 0.5  0.5 -1.5]
Slicing  [ 1.  1. -1.]  to  [ 0.5  0.5 -0.5]
Slicing  [ 1.  1. -1.]  to  [ 0.5  1.5 -1.5]
Slicing  [ 1.  1. -1.]  to  [ 0.5  1.5 -0.5]
Slicing  [ 1.  1. -1.]  to  [ 1.5  0.5 -1.5]
Slicing  [ 1.  1. -1.]  to  [ 1.5  0.5 -0.5]
Slicing  [ 1.  1. -1.]  to  [ 1.5  1.5 -1.5]
Slicing  [ 1.  1. -1.]  to  [ 1.5  1.5 -0.5]
Processing BZ [ 1  1 -1], path segments from L to W

48 symmetrically equivalent path segments
[[-0.5 -0.5 -0.5 -1.  -0.5  0. ]
 [-0.5 -0.5 -0.5 -1.   0.  -0.5]
 [-0.5 -0.5 -0.5 -0.5 -1.   0. ]
 [-0.5 -0.5 -0.5 -0.5  0.  -1. ]
 [-0.5 -0.5 -0.5  0.  -1.  -0.5]
 [-0.5 -0.5 -0.5  0.  -0.5 -1. ]
 [-0.5 -0.5  0.5 -1.  -0.5  0. ]
 [-0.5 -0.5  0.5 -1.   0.   0.5]
 [-0.5 -0.5  0.5 -0.5 -1.   0. ]
 [-0.5 -0.5  0.5 -0.5  0.   1. ]
 [-0.5 -0.5  0.5  0.  -1.   0.5]
 [-0.5 -0.5  0.5  0.  -0.5  1. ]
 [-0.5  0.5 -0.5 -1.   0.  -0.5]
 [-0.5  0.5 -0.5 -1.   0.5  0. ]
 [-0.5  0.5 -0.5 -0.5  0.  -1. ]
 [-0.5  0.5 -0.5 -0.5  1.   0. ]
 [-0.5  0.5 -0.5  0.   0.5 -1. ]
 [-0.5  0.5 -0.5  0.   1.  -0.5]
 [-0.5  0.5  0.5 -1.   0.   0.5]
 [-0.5  0.5  0.5 -1.   0.5  0. ]
 [-0.5  0.5  0.5 -0.5  0.   1. ]
 [-0.5  0.5  0.5 -0.5  1.   0. ]
 [-0.5  0.5  0.5  0.   0.5  1. ]
 [-0.5  0.5  0.5  0.   1.   0.5]
 [ 0.5 -0.5 -0.5  0.  -1.  -0.5]
 [ 0.5 -0.5 -0.5  0.  -0.5 -1. ]
 [ 0.5 -0.5 -0.5  0.5 -1.   0. ]
 [ 0.5 -0.5 -0.5  0.5  0.  -1. ]
 [ 0.5 -0.5 -0.5  1.  -0.5  0. ]
 [ 0.5 -0.5 -0.5  1.   0.  -0.5]
 [ 0.5 -0.5  0.5  0.  -1.   0.5]
 [ 0.5 -0.5  0.5  0.  -0.5  1. ]
 [ 0.5 -0.5  0.5  0.5 -1.   0. ]
 [ 0.5 -0.5  0.5  0.5  0.   1. ]
 [ 0.5 -0.5  0.5  1.  -0.5  0. ]
 [ 0.5 -0.5  0.5  1.   0.   0.5]
 [ 0.5  0.5 -0.5  0.   0.5 -1. ]
 [ 0.5  0.5 -0.5  0.   1.  -0.5]
 [ 0.5  0.5 -0.5  0.5  0.  -1. ]
 [ 0.5  0.5 -0.5  0.5  1.   0. ]
 [ 0.5  0.5 -0.5  1.   0.  -0.5]
 [ 0.5  0.5 -0.5  1.   0.5  0. ]
 [ 0.5  0.5  0.5  0.   0.5  1. ]
 [ 0.5  0.5  0.5  0.   1.   0.5]
 [ 0.5  0.5  0.5  0.5  0.   1. ]
 [ 0.5  0.5  0.5  0.5  1.   0. ]
 [ 0.5  0.5  0.5  1.   0.   0.5]
 [ 0.5  0.5  0.5  1.   0.5  0. ]]
Slicing  [ 0.5  0.5 -1.5]  to  [ 0.   0.5 -1. ]
Slicing  [ 0.5  0.5 -1.5]  to  [ 0.   1.  -1.5]
Slicing  [ 0.5  0.5 -1.5]  to  [ 0.5  0.  -1. ]
Slicing  [ 0.5  0.5 -1.5]  to  [ 0.5  1.  -2. ]
Slicing  [ 0.5  0.5 -1.5]  to  [ 1.   0.  -1.5]
Slicing  [ 0.5  0.5 -1.5]  to  [ 1.   0.5 -2. ]
Slicing  [ 0.5  0.5 -0.5]  to  [ 0.   0.5 -1. ]
Slicing  [ 0.5  0.5 -0.5]  to  [ 0.   1.  -0.5]
Slicing  [ 0.5  0.5 -0.5]  to  [ 0.5  0.  -1. ]
Slicing  [ 0.5  0.5 -0.5]  to  [0.5 1.  0. ]
Slicing  [ 0.5  0.5 -0.5]  to  [ 1.   0.  -0.5]
Slicing  [ 0.5  0.5 -0.5]  to  [1.  0.5 0. ]
Slicing  [ 0.5  1.5 -1.5]  to  [ 0.   1.  -1.5]
Slicing  [ 0.5  1.5 -1.5]  to  [ 0.   1.5 -1. ]
Slicing  [ 0.5  1.5 -1.5]  to  [ 0.5  1.  -2. ]
Slicing  [ 0.5  1.5 -1.5]  to  [ 0.5  2.  -1. ]
Slicing  [ 0.5  1.5 -1.5]  to  [ 1.   1.5 -2. ]
Slicing  [ 0.5  1.5 -1.5]  to  [ 1.   2.  -1.5]
Slicing  [ 0.5  1.5 -0.5]  to  [ 0.   1.  -0.5]


Processed: 313/1952 (16.03%) | Elapsed: 00:14:26 | BZ Folding estimated remaining time: 01:15:39


Slicing  [ 0.5  1.5 -0.5]  to  [ 0.   1.5 -1. ]
Slicing  [ 0.5  1.5 -0.5]  to  [0.5 1.  0. ]
Slicing  [ 0.5  1.5 -0.5]  to  [ 0.5  2.  -1. ]
Slicing  [ 0.5  1.5 -0.5]  to  [1.  1.5 0. ]
Slicing  [ 0.5  1.5 -0.5]  to  [ 1.   2.  -0.5]
Slicing  [ 1.5  0.5 -1.5]  to  [ 1.   0.  -1.5]
Slicing  [ 1.5  0.5 -1.5]  to  [ 1.   0.5 -2. ]
Slicing  [ 1.5  0.5 -1.5]  to  [ 1.5  0.  -1. ]
Slicing  [ 1.5  0.5 -1.5]  to  [ 1.5  1.  -2. ]
Slicing  [ 1.5  0.5 -1.5]  to  [ 2.   0.5 -1. ]
Slicing  [ 1.5  0.5 -1.5]  to  [ 2.   1.  -1.5]
Slicing  [ 1.5  0.5 -0.5]  to  [ 1.   0.  -0.5]
Slicing  [ 1.5  0.5 -0.5]  to  [1.  0.5 0. ]
Slicing  [ 1.5  0.5 -0.5]  to  [ 1.5  0.  -1. ]
Slicing  [ 1.5  0.5 -0.5]  to  [1.5 1.  0. ]
Slicing  [ 1.5  0.5 -0.5]  to  [ 2.   0.5 -1. ]
Slicing  [ 1.5  0.5 -0.5]  to  [ 2.   1.  -0.5]
Slicing  [ 1.5  1.5 -1.5]  to  [ 1.   1.5 -2. ]
Slicing  [ 1.5  1.5 -1.5]  to  [ 1.   2.  -1.5]
Slicing  [ 1.5  1.5 -1.5]  to  [ 1.5  1.  -2. ]
Slicing  [ 1.5  1.5 -1.5]  to  [ 1.5  2.  -1. ]
Slicing  [ 1.5  1.5 -1.5]  to  [ 2.   1.  -1.5]
Slicing  [ 1.5  1.5 -1.5]  to  [ 2.   1.5 -1. ]
Slicing  [ 1.5  1.5 -0.5]  to  [1.  1.5 0. ]
Slicing  [ 1.5  1.5 -0.5]  to  [ 1.   2.  -0.5]
Slicing  [ 1.5  1.5 -0.5]  to  [1.5 1.  0. ]
Slicing  [ 1.5  1.5 -0.5]  to  [ 1.5  2.  -1. ]
Slicing  [ 1.5  1.5 -0.5]  to  [ 2.   1.  -0.5]
Slicing  [ 1.5  1.5 -0.5]  to  [ 2.   1.5 -1. ]
Processing BZ [ 1  1 -1], path segments from W to X

24 symmetrically equivalent path segments
[[-1.  -0.5  0.  -1.   0.   0. ]
 [-1.   0.  -0.5 -1.   0.   0. ]
 [-1.   0.   0.5 -1.   0.   0. ]
 [-1.   0.5  0.  -1.   0.   0. ]
 [-0.5 -1.   0.   0.  -1.   0. ]
 [-0.5  0.  -1.   0.   0.  -1. ]
 [-0.5  0.   1.   0.   0.   1. ]
 [-0.5  1.   0.   0.   1.   0. ]
 [ 0.  -1.  -0.5  0.  -1.   0. ]
 [ 0.  -1.   0.5  0.  -1.   0. ]
 [ 0.  -0.5 -1.   0.   0.  -1. ]
 [ 0.  -0.5  1.   0.   0.   1. ]
 [ 0.   0.5 -1.   0.   0.  -1. ]
 [ 0.   0.5  1.   0.   0.   1. ]
 [ 0.   1.  -0.5  0.   1.   0. ]
 [ 0.   1.   0.5  0.   1.   0. ]
 [ 0.5 -1.   0.   0.  -1.   0. ]
 [ 0.5  0.  -1.   0.   0.  -1. ]
 [ 0.5  0.   1.   0.   0.   1. ]
 [ 0.5  1.   0.   0.   1.   0. ]
 [ 1.  -0.5  0.   1.   0.   0. ]
 [ 1.   0.  -0.5  1.   0.   0. ]
 [ 1.   0.   0.5  1.   0.   0. ]
 [ 1.   0.5  0.   1.   0.   0. ]]
Slicing  [ 0.   0.5 -1. ]  to  [ 0.  1. -1.]
Slicing  [ 0.   1.  -1.5]  to  [ 0.  1. -1.]
Slicing  [ 0.   1.  -0.5]  to  [ 0.  1. -1.]
Slicing  [ 0.   1.5 -1. ]  to  [ 0.  1. -1.]
Slicing  [ 0.5  0.  -1. ]  to  [ 1.  0. -1.]
Slicing  [ 0.5  1.  -2. ]  to  [ 1.  1. -2.]
Slicing  [0.5 1.  0. ]  to  [1. 1. 0.]
Slicing  [ 0.5  2.  -1. ]  to  [ 1.  2. -1.]
Slicing  [ 1.   0.  -1.5]  to  [ 1.  0. -1.]
Slicing  [ 1.   0.  -0.5]  to  [ 1.  0. -1.]


Processed: 352/1952 (18.03%) | Elapsed: 00:16:10 | BZ Folding estimated remaining time: 01:13:31


Slicing  [ 1.   0.5 -2. ]  to  [ 1.  1. -2.]
Slicing  [1.  0.5 0. ]  to  [1. 1. 0.]
Slicing  [ 1.   1.5 -2. ]  to  [ 1.  1. -2.]
Slicing  [1.  1.5 0. ]  to  [1. 1. 0.]
Slicing  [ 1.   2.  -1.5]  to  [ 1.  2. -1.]
Slicing  [ 1.   2.  -0.5]  to  [ 1.  2. -1.]
Slicing  [ 1.5  0.  -1. ]  to  [ 1.  0. -1.]
Slicing  [ 1.5  1.  -2. ]  to  [ 1.  1. -2.]
Slicing  [1.5 1.  0. ]  to  [1. 1. 0.]
Slicing  [ 1.5  2.  -1. ]  to  [ 1.  2. -1.]
Slicing  [ 2.   0.5 -1. ]  to  [ 2.  1. -1.]
Slicing  [ 2.   1.  -1.5]  to  [ 2.  1. -1.]
Slicing  [ 2.   1.  -0.5]  to  [ 2.  1. -1.]
Slicing  [ 2.   1.5 -1. ]  to  [ 2.  1. -1.]

Generating Report for BZ [ 1  1 -1]

Combining all 2 BZ

BZ [ 1  1 -1] done. Total time elapsed 00:17:20
Processing BZ [1 1 1], path segments from Gamma to X

6 symmetrically equivalent path segments
[[ 0.  0.  0. -1.  0.  0.]
 [ 0.  0.  0.  0. -1.  0.]
 [ 0.  0.  0.  0.  0. -1.]
 [ 0.  0.  0.  0.  0.  1.]
 [ 0.  0.  0.  0.  1.  0.]
 [ 0.  0.  0.  1.  0.  0.]]
Slicing  [1. 1. 1.]  to  [0. 1. 1.]
Slicing  [1. 1. 1.]  to  [1. 0. 1.]
Slicing  [1. 1. 1.]  to  [1. 1. 0.]
Slicing  [1. 1. 1.]  to  [1. 1. 2.]
Slicing  [1. 1. 1.]  to  [1. 2. 1.]
Slicing  [1. 1. 1.]  to  [2. 1. 1.]
Processing BZ [1 1 1], path segments from X to U

24 symmetrically equivalent path segments
[[-1.    0.    0.   -1.   -0.25 -0.25]
 [-1.    0.    0.   -1.   -0.25  0.25]
 [-1.    0.    0.   -1.    0.25 -0.25]
 [-1.    0.    0.   -1.    0.25  0.25]
 [ 0.   -1.    0.   -0.25 -1.   -0.25]
 [ 0.   -1.    0.   -0.25 -1.    0.25]
 [ 0.   -1.    0.    0.25 -1.   -0.25]
 [ 0.   -1.    0.    0.25 -1.    0.25]
 [ 0.    0.   -1.   -0.25 -0.25 -1.  ]
 [ 0.    0.   -1.   -0.25  0.25 -1.  ]
 [ 0.    0.   -1.    0.25 -0.25 -1.  ]
 [ 0.    0.   -1.    0.25  0.25 -1.  ]
 [ 0.    0.    1.   -0.25 -0.25  1.  ]
 [ 0.    0.    1.   -0.25  0.25  1.  ]
 [ 0.    0.    1.    0.25 -0.25  1.  ]
 [ 0.    0.    1.    0.25  0.25  1.  ]
 [ 0.    1.    0.   -0.25  1.   -0.25]
 [ 0.    1.    0.   -0.25  1.    0.25]
 [ 0.    1.    0.    0.25  1.   -0.25]
 [ 0.    1.    0.    0.25  1.    0.25]
 [ 1.    0.    0.    1.   -0.25 -0.25]
 [ 1.    0.    0.    1.   -0.25  0.25]
 [ 1.    0.    0.    1.    0.25 -0.25]
 [ 1.    0.    0.    1.    0.25  0.25]]
Slicing  [0. 1. 1.]  to  [0.   0.75 0.75]
Slicing  [0. 1. 1.]  to  [0.   0.75 1.25]
Slicing  [0. 1. 1.]  to  [0.   1.25 0.75]
Slicing  [0. 1. 1.]  to  [0.   1.25 1.25]
Slicing  [1. 0. 1.]  to  [0.75 0.   0.75]
Slicing  [1. 0. 1.]  to  [0.75 0.   1.25]
Slicing  [1. 0. 1.]  to  [1.25 0.   0.75]
Slicing  [1. 0. 1.]  to  [1.25 0.   1.25]
Slicing  [1. 1. 0.]  to  [0.75 0.75 0.  ]
Slicing  [1. 1. 0.]  to  [0.75 1.25 0.  ]
Slicing  [1. 1. 0.]  to  [1.25 0.75 0.  ]
Slicing  [1. 1. 0.]  to  [1.25 1.25 0.  ]
Slicing  [1. 1. 2.]  to  [0.75 0.75 2.  ]
Slicing  [1. 1. 2.]  to  [0.75 1.25 2.  ]
Slicing  [1. 1. 2.]  to  [1.25 0.75 2.  ]
Slicing  [1. 1. 2.]  to  [1.25 1.25 2.  ]
Slicing  [1. 2. 1.]  to  [0.75 2.   0.75]
Slicing  [1. 2. 1.]  to  [0.75 2.   1.25]
Slicing  [1. 2. 1.]  to  [1.25 2.   0.75]


Processed: 391/1952 (20.03%) | Elapsed: 00:18:02 | BZ Folding estimated remaining time: 01:11:59


Slicing  [1. 2. 1.]  to  [1.25 2.   1.25]
Slicing  [2. 1. 1.]  to  [2.   0.75 0.75]
Slicing  [2. 1. 1.]  to  [2.   0.75 1.25]
Slicing  [2. 1. 1.]  to  [2.   1.25 0.75]
Slicing  [2. 1. 1.]  to  [2.   1.25 1.25]
Processing BZ [1 1 1], path segments from K to Gamma

12 symmetrically equivalent path segments
[[-0.75 -0.75  0.    0.    0.    0.  ]
 [-0.75  0.   -0.75  0.    0.    0.  ]
 [-0.75  0.    0.75  0.    0.    0.  ]
 [-0.75  0.75  0.    0.    0.    0.  ]
 [ 0.   -0.75 -0.75  0.    0.    0.  ]
 [ 0.   -0.75  0.75  0.    0.    0.  ]
 [ 0.    0.75 -0.75  0.    0.    0.  ]
 [ 0.    0.75  0.75  0.    0.    0.  ]
 [ 0.75 -0.75  0.    0.    0.    0.  ]
 [ 0.75  0.   -0.75  0.    0.    0.  ]
 [ 0.75  0.    0.75  0.    0.    0.  ]
 [ 0.75  0.75  0.    0.    0.    0.  ]]
Slicing  [0.25 0.25 1.  ]  to  [1. 1. 1.]
Slicing  [0.25 1.   0.25]  to  [1. 1. 1.]
Slicing  [0.25 1.   1.75]  to  [1. 1. 1.]
Slicing  [0.25 1.75 1.  ]  to  [1. 1. 1.]
Slicing  [1.   0.25 0.25]  to  [1. 1. 1.]
Slicing  [1.   0.25 1.75]  to  [1. 1. 1.]
Slicing  [1.   1.75 0.25]  to  [1. 1. 1.]
Slicing  [1.   1.75 1.75]  to  [1. 1. 1.]
Slicing  [1.75 0.25 1.  ]  to  [1. 1. 1.]
Slicing  [1.75 1.   0.25]  to  [1. 1. 1.]
Slicing  [1.75 1.   1.75]  to  [1. 1. 1.]
Slicing  [1.75 1.75 1.  ]  to  [1. 1. 1.]
Processing BZ [1 1 1], path segments from Gamma to L

8 symmetrically equivalent path segments
[[ 0.   0.   0.  -0.5 -0.5 -0.5]
 [ 0.   0.   0.  -0.5 -0.5  0.5]
 [ 0.   0.   0.  -0.5  0.5 -0.5]
 [ 0.   0.   0.  -0.5  0.5  0.5]
 [ 0.   0.   0.   0.5 -0.5 -0.5]
 [ 0.   0.   0.   0.5 -0.5  0.5]
 [ 0.   0.   0.   0.5  0.5 -0.5]
 [ 0.   0.   0.   0.5  0.5  0.5]]
Slicing  [1. 1. 1.]  to  [0.5 0.5 0.5]
Slicing  [1. 1. 1.]  to  [0.5 0.5 1.5]
Slicing  [1. 1. 1.]  to  [0.5 1.5 0.5]
Slicing  [1. 1. 1.]  to  [0.5 1.5 1.5]
Slicing  [1. 1. 1.]  to  [1.5 0.5 0.5]
Slicing  [1. 1. 1.]  to  [1.5 0.5 1.5]
Slicing  [1. 1. 1.]  to  [1.5 1.5 0.5]
Slicing  [1. 1. 1.]  to  [1.5 1.5 1.5]
Processing BZ [1 1 1], path segments from L to W

48 symmetrically equivalent path segments
[[-0.5 -0.5 -0.5 -1.  -0.5  0. ]
 [-0.5 -0.5 -0.5 -1.   0.  -0.5]
 [-0.5 -0.5 -0.5 -0.5 -1.   0. ]
 [-0.5 -0.5 -0.5 -0.5  0.  -1. ]
 [-0.5 -0.5 -0.5  0.  -1.  -0.5]
 [-0.5 -0.5 -0.5  0.  -0.5 -1. ]
 [-0.5 -0.5  0.5 -1.  -0.5  0. ]
 [-0.5 -0.5  0.5 -1.   0.   0.5]
 [-0.5 -0.5  0.5 -0.5 -1.   0. ]
 [-0.5 -0.5  0.5 -0.5  0.   1. ]
 [-0.5 -0.5  0.5  0.  -1.   0.5]
 [-0.5 -0.5  0.5  0.  -0.5  1. ]
 [-0.5  0.5 -0.5 -1.   0.  -0.5]
 [-0.5  0.5 -0.5 -1.   0.5  0. ]
 [-0.5  0.5 -0.5 -0.5  0.  -1. ]
 [-0.5  0.5 -0.5 -0.5  1.   0. ]
 [-0.5  0.5 -0.5  0.   0.5 -1. ]
 [-0.5  0.5 -0.5  0.   1.  -0.5]
 [-0.5  0.5  0.5 -1.   0.   0.5]
 [-0.5  0.5  0.5 -1.   0.5  0. ]
 [-0.5  0.5  0.5 -0.5  0.   1. ]
 [-0.5  0.5  0.5 -0.5  1.   0. ]
 [-0.5  0.5  0.5  0.   0.5  1. ]
 [-0.5  0.5  0.5  0.   1.   0.5]
 [ 0.5 -0.5 -0.5  0.  -1.  -0.5]
 [ 0.5 -0.5 -0.5  0.  -0.5 -1. ]
 [ 0.5 -0.5 -0.5  0.5 -1.   0. ]
 [ 0.5 -0.5 -0.5  0.5  0.  -1. ]
 [ 0.5 -0.5 -0.5  1.  -0.5  0. ]
 [ 0.5 -0.5 -0.5  1.   0.  -0.5]
 [ 0.5 -0.5  0.5  0.  -1.   0.5]
 [ 0.5 -0.5  0.5  0.  -0.5  1. ]
 [ 0.5 -0.5  0.5  0.5 -1.   0. ]
 [ 0.5 -0.5  0.5  0.5  0.   1. ]
 [ 0.5 -0.5  0.5  1.  -0.5  0. ]
 [ 0.5 -0.5  0.5  1.   0.   0.5]
 [ 0.5  0.5 -0.5  0.   0.5 -1. ]
 [ 0.5  0.5 -0.5  0.   1.  -0.5]
 [ 0.5  0.5 -0.5  0.5  0.  -1. ]
 [ 0.5  0.5 -0.5  0.5  1.   0. ]
 [ 0.5  0.5 -0.5  1.   0.  -0.5]
 [ 0.5  0.5 -0.5  1.   0.5  0. ]
 [ 0.5  0.5  0.5  0.   0.5  1. ]
 [ 0.5  0.5  0.5  0.   1.   0.5]
 [ 0.5  0.5  0.5  0.5  0.   1. ]
 [ 0.5  0.5  0.5  0.5  1.   0. ]
 [ 0.5  0.5  0.5  1.   0.   0.5]
 [ 0.5  0.5  0.5  1.   0.5  0. ]]
Slicing  [0.5 0.5 0.5]  to  [0.  0.5 1. ]
Slicing  [0.5 0.5 0.5]  to  [0.  1.  0.5]
Slicing  [0.5 0.5 0.5]  to  [0.5 0.  1. ]
Slicing  [0.5 0.5 0.5]  to  [0.5 1.  0. ]
Slicing  [0.5 0.5 0.5]  to  [1.  0.  0.5]
Slicing  [0.5 0.5 0.5]  to  [1.  0.5 0. ]
Slicing  [0.5 0.5 1.5]  to  [0.  0.5 1. ]
Slicing  [0.5 0.5 1.5]  to  [0.  1.  1.5]
Slicing  [0.5 0.5 1.5]  to  [0.5 0.  1. ]
Slicing  [0.5 0.5 1.5]  to  [0.5 1.  2. ]
Slicing  [0.5 0.5 1.5]  to  [1.  0.  1.5]
Slicing  [0.5 0.5 1.5]  to  [1.  0.5 2. ]
Slicing  [0.5 1.5 0.5]  to  [0.  1.  0.5]
Slicing  [0.5 1.5 0.5]  to  [0.  1.5 1. ]


Processed: 430/1952 (22.03%) | Elapsed: 00:19:50 | BZ Folding estimated remaining time: 01:10:14


Slicing  [0.5 1.5 0.5]  to  [0.5 1.  0. ]
Slicing  [0.5 1.5 0.5]  to  [0.5 2.  1. ]
Slicing  [0.5 1.5 0.5]  to  [1.  1.5 0. ]
Slicing  [0.5 1.5 0.5]  to  [1.  2.  0.5]
Slicing  [0.5 1.5 1.5]  to  [0.  1.  1.5]
Slicing  [0.5 1.5 1.5]  to  [0.  1.5 1. ]
Slicing  [0.5 1.5 1.5]  to  [0.5 1.  2. ]
Slicing  [0.5 1.5 1.5]  to  [0.5 2.  1. ]
Slicing  [0.5 1.5 1.5]  to  [1.  1.5 2. ]
Slicing  [0.5 1.5 1.5]  to  [1.  2.  1.5]
Slicing  [1.5 0.5 0.5]  to  [1.  0.  0.5]
Slicing  [1.5 0.5 0.5]  to  [1.  0.5 0. ]
Slicing  [1.5 0.5 0.5]  to  [1.5 0.  1. ]
Slicing  [1.5 0.5 0.5]  to  [1.5 1.  0. ]
Slicing  [1.5 0.5 0.5]  to  [2.  0.5 1. ]
Slicing  [1.5 0.5 0.5]  to  [2.  1.  0.5]
Slicing  [1.5 0.5 1.5]  to  [1.  0.  1.5]
Slicing  [1.5 0.5 1.5]  to  [1.  0.5 2. ]
Slicing  [1.5 0.5 1.5]  to  [1.5 0.  1. ]
Slicing  [1.5 0.5 1.5]  to  [1.5 1.  2. ]
Slicing  [1.5 0.5 1.5]  to  [2.  0.5 1. ]
Slicing  [1.5 0.5 1.5]  to  [2.  1.  1.5]
Slicing  [1.5 1.5 0.5]  to  [1.  1.5 0. ]
Slicing  [1.5 1.5 0.5]  to  [1.  2.  0.5]
Slicing  [1.5 1.5 0.5]  to  [1.5 1.  0. ]
Slicing  [1.5 1.5 0.5]  to  [1.5 2.  1. ]
Slicing  [1.5 1.5 0.5]  to  [2.  1.  0.5]
Slicing  [1.5 1.5 0.5]  to  [2.  1.5 1. ]
Slicing  [1.5 1.5 1.5]  to  [1.  1.5 2. ]
Slicing  [1.5 1.5 1.5]  to  [1.  2.  1.5]
Slicing  [1.5 1.5 1.5]  to  [1.5 1.  2. ]
Slicing  [1.5 1.5 1.5]  to  [1.5 2.  1. ]
Slicing  [1.5 1.5 1.5]  to  [2.  1.  1.5]
Slicing  [1.5 1.5 1.5]  to  [2.  1.5 1. ]
Processing BZ [1 1 1], path segments from W to X

24 symmetrically equivalent path segments
[[-1.  -0.5  0.  -1.   0.   0. ]
 [-1.   0.  -0.5 -1.   0.   0. ]
 [-1.   0.   0.5 -1.   0.   0. ]
 [-1.   0.5  0.  -1.   0.   0. ]
 [-0.5 -1.   0.   0.  -1.   0. ]
 [-0.5  0.  -1.   0.   0.  -1. ]
 [-0.5  0.   1.   0.   0.   1. ]
 [-0.5  1.   0.   0.   1.   0. ]
 [ 0.  -1.  -0.5  0.  -1.   0. ]
 [ 0.  -1.   0.5  0.  -1.   0. ]
 [ 0.  -0.5 -1.   0.   0.  -1. ]
 [ 0.  -0.5  1.   0.   0.   1. ]
 [ 0.   0.5 -1.   0.   0.  -1. ]
 [ 0.   0.5  1.   0.   0.   1. ]
 [ 0.   1.  -0.5  0.   1.   0. ]
 [ 0.   1.   0.5  0.   1.   0. ]
 [ 0.5 -1.   0.   0.  -1.   0. ]
 [ 0.5  0.  -1.   0.   0.  -1. ]
 [ 0.5  0.   1.   0.   0.   1. ]
 [ 0.5  1.   0.   0.   1.   0. ]
 [ 1.  -0.5  0.   1.   0.   0. ]
 [ 1.   0.  -0.5  1.   0.   0. ]
 [ 1.   0.   0.5  1.   0.   0. ]
 [ 1.   0.5  0.   1.   0.   0. ]]
Slicing  [0.  0.5 1. ]  to  [0. 1. 1.]
Slicing  [0.  1.  0.5]  to  [0. 1. 1.]
Slicing  [0.  1.  1.5]  to  [0. 1. 1.]
Slicing  [0.  1.5 1. ]  to  [0. 1. 1.]
Slicing  [0.5 0.  1. ]  to  [1. 0. 1.]


Processed: 469/1952 (24.03%) | Elapsed: 00:21:38 | BZ Folding estimated remaining time: 01:08:26


Slicing  [0.5 1.  0. ]  to  [1. 1. 0.]
Slicing  [0.5 1.  2. ]  to  [1. 1. 2.]
Slicing  [0.5 2.  1. ]  to  [1. 2. 1.]
Slicing  [1.  0.  0.5]  to  [1. 0. 1.]
Slicing  [1.  0.  1.5]  to  [1. 0. 1.]
Slicing  [1.  0.5 0. ]  to  [1. 1. 0.]
Slicing  [1.  0.5 2. ]  to  [1. 1. 2.]
Slicing  [1.  1.5 0. ]  to  [1. 1. 0.]
Slicing  [1.  1.5 2. ]  to  [1. 1. 2.]
Slicing  [1.  2.  0.5]  to  [1. 2. 1.]
Slicing  [1.  2.  1.5]  to  [1. 2. 1.]
Slicing  [1.5 0.  1. ]  to  [1. 0. 1.]
Slicing  [1.5 1.  0. ]  to  [1. 1. 0.]
Slicing  [1.5 1.  2. ]  to  [1. 1. 2.]
Slicing  [1.5 2.  1. ]  to  [1. 2. 1.]
Slicing  [2.  0.5 1. ]  to  [2. 1. 1.]
Slicing  [2.  1.  0.5]  to  [2. 1. 1.]
Slicing  [2.  1.  1.5]  to  [2. 1. 1.]
Slicing  [2.  1.5 1. ]  to  [2. 1. 1.]

Generating Report for BZ [1 1 1]

Combining all 3 BZ

BZ [1 1 1] done. Total time elapsed 00:23:09
Processing BZ [-1 -1 -1], path segments from Gamma to X

6 symmetrically equivalent path segments
[[ 0.  0.  0. -1.  0.  0.]
 [ 0.  0.  0.  0. -1.  0.]
 [ 0.  0.  0.  0.  0. -1.]
 [ 0.  0.  0.  0.  0.  1.]
 [ 0.  0.  0.  0.  1.  0.]
 [ 0.  0.  0.  1.  0.  0.]]
Slicing  [-1. -1. -1.]  to  [-2. -1. -1.]
Slicing  [-1. -1. -1.]  to  [-1. -2. -1.]
Slicing  [-1. -1. -1.]  to  [-1. -1. -2.]
Slicing  [-1. -1. -1.]  to  [-1. -1.  0.]
Slicing  [-1. -1. -1.]  to  [-1.  0. -1.]
Slicing  [-1. -1. -1.]  to  [ 0. -1. -1.]
Processing BZ [-1 -1 -1], path segments from X to U

24 symmetrically equivalent path segments
[[-1.    0.    0.   -1.   -0.25 -0.25]
 [-1.    0.    0.   -1.   -0.25  0.25]
 [-1.    0.    0.   -1.    0.25 -0.25]
 [-1.    0.    0.   -1.    0.25  0.25]
 [ 0.   -1.    0.   -0.25 -1.   -0.25]
 [ 0.   -1.    0.   -0.25 -1.    0.25]
 [ 0.   -1.    0.    0.25 -1.   -0.25]
 [ 0.   -1.    0.    0.25 -1.    0.25]
 [ 0.    0.   -1.   -0.25 -0.25 -1.  ]
 [ 0.    0.   -1.   -0.25  0.25 -1.  ]
 [ 0.    0.   -1.    0.25 -0.25 -1.  ]
 [ 0.    0.   -1.    0.25  0.25 -1.  ]
 [ 0.    0.    1.   -0.25 -0.25  1.  ]
 [ 0.    0.    1.   -0.25  0.25  1.  ]
 [ 0.    0.    1.    0.25 -0.25  1.  ]
 [ 0.    0.    1.    0.25  0.25  1.  ]
 [ 0.    1.    0.   -0.25  1.   -0.25]
 [ 0.    1.    0.   -0.25  1.    0.25]
 [ 0.    1.    0.    0.25  1.   -0.25]
 [ 0.    1.    0.    0.25  1.    0.25]
 [ 1.    0.    0.    1.   -0.25 -0.25]
 [ 1.    0.    0.    1.   -0.25  0.25]
 [ 1.    0.    0.    1.    0.25 -0.25]
 [ 1.    0.    0.    1.    0.25  0.25]]
Slicing  [-2. -1. -1.]  to  [-2.   -1.25 -1.25]
Slicing  [-2. -1. -1.]  to  [-2.   -1.25 -0.75]
Slicing  [-2. -1. -1.]  to  [-2.   -0.75 -1.25]
Slicing  [-2. -1. -1.]  to  [-2.   -0.75 -0.75]
Slicing  [-1. -2. -1.]  to  [-1.25 -2.   -1.25]
Slicing  [-1. -2. -1.]  to  [-1.25 -2.   -0.75]
Slicing  [-1. -2. -1.]  to  [-0.75 -2.   -1.25]
Slicing  [-1. -2. -1.]  to  [-0.75 -2.   -0.75]
Slicing  [-1. -1. -2.]  to  [-1.25 -1.25 -2.  ]
Slicing  [-1. -1. -2.]  to  [-1.25 -0.75 -2.  ]
Slicing  [-1. -1. -2.]  to  [-0.75 -1.25 -2.  ]
Slicing  [-1. -1. -2.]  to  [-0.75 -0.75 -2.  ]
Slicing  [-1. -1.  0.]  to  [-1.25 -1.25  0.  ]
Slicing  [-1. -1.  0.]  to  [-1.25 -0.75  0.  ]


Processed: 508/1952 (26.02%) | Elapsed: 00:23:38 | BZ Folding estimated remaining time: 01:07:10


Slicing  [-1. -1.  0.]  to  [-0.75 -1.25  0.  ]
Slicing  [-1. -1.  0.]  to  [-0.75 -0.75  0.  ]
Slicing  [-1.  0. -1.]  to  [-1.25  0.   -1.25]
Slicing  [-1.  0. -1.]  to  [-1.25  0.   -0.75]
Slicing  [-1.  0. -1.]  to  [-0.75  0.   -1.25]
Slicing  [-1.  0. -1.]  to  [-0.75  0.   -0.75]
Slicing  [ 0. -1. -1.]  to  [ 0.   -1.25 -1.25]
Slicing  [ 0. -1. -1.]  to  [ 0.   -1.25 -0.75]
Slicing  [ 0. -1. -1.]  to  [ 0.   -0.75 -1.25]
Slicing  [ 0. -1. -1.]  to  [ 0.   -0.75 -0.75]
Processing BZ [-1 -1 -1], path segments from K to Gamma

12 symmetrically equivalent path segments
[[-0.75 -0.75  0.    0.    0.    0.  ]
 [-0.75  0.   -0.75  0.    0.    0.  ]
 [-0.75  0.    0.75  0.    0.    0.  ]
 [-0.75  0.75  0.    0.    0.    0.  ]
 [ 0.   -0.75 -0.75  0.    0.    0.  ]
 [ 0.   -0.75  0.75  0.    0.    0.  ]
 [ 0.    0.75 -0.75  0.    0.    0.  ]
 [ 0.    0.75  0.75  0.    0.    0.  ]
 [ 0.75 -0.75  0.    0.    0.    0.  ]
 [ 0.75  0.   -0.75  0.    0.    0.  ]
 [ 0.75  0.    0.75  0.    0.    0.  ]
 [ 0.75  0.75  0.    0.    0.    0.  ]]
Slicing  [-1.75 -1.75 -1.  ]  to  [-1. -1. -1.]
Slicing  [-1.75 -1.   -1.75]  to  [-1. -1. -1.]
Slicing  [-1.75 -1.   -0.25]  to  [-1. -1. -1.]
Slicing  [-1.75 -0.25 -1.  ]  to  [-1. -1. -1.]
Slicing  [-1.   -1.75 -1.75]  to  [-1. -1. -1.]
Slicing  [-1.   -1.75 -0.25]  to  [-1. -1. -1.]
Slicing  [-1.   -0.25 -1.75]  to  [-1. -1. -1.]
Slicing  [-1.   -0.25 -0.25]  to  [-1. -1. -1.]
Slicing  [-0.25 -1.75 -1.  ]  to  [-1. -1. -1.]
Slicing  [-0.25 -1.   -1.75]  to  [-1. -1. -1.]
Slicing  [-0.25 -1.   -0.25]  to  [-1. -1. -1.]
Slicing  [-0.25 -0.25 -1.  ]  to  [-1. -1. -1.]
Processing BZ [-1 -1 -1], path segments from Gamma to L

8 symmetrically equivalent path segments
[[ 0.   0.   0.  -0.5 -0.5 -0.5]
 [ 0.   0.   0.  -0.5 -0.5  0.5]
 [ 0.   0.   0.  -0.5  0.5 -0.5]
 [ 0.   0.   0.  -0.5  0.5  0.5]
 [ 0.   0.   0.   0.5 -0.5 -0.5]
 [ 0.   0.   0.   0.5 -0.5  0.5]
 [ 0.   0.   0.   0.5  0.5 -0.5]
 [ 0.   0.   0.   0.5  0.5  0.5]]
Slicing  [-1. -1. -1.]  to  [-1.5 -1.5 -1.5]
Slicing  [-1. -1. -1.]  to  [-1.5 -1.5 -0.5]
Slicing  [-1. -1. -1.]  to  [-1.5 -0.5 -1.5]
Slicing  [-1. -1. -1.]  to  [-1.5 -0.5 -0.5]
Slicing  [-1. -1. -1.]  to  [-0.5 -1.5 -1.5]
Slicing  [-1. -1. -1.]  to  [-0.5 -1.5 -0.5]
Slicing  [-1. -1. -1.]  to  [-0.5 -0.5 -1.5]
Slicing  [-1. -1. -1.]  to  [-0.5 -0.5 -0.5]
Processing BZ [-1 -1 -1], path segments from L to W

48 symmetrically equivalent path segments
[[-0.5 -0.5 -0.5 -1.  -0.5  0. ]
 [-0.5 -0.5 -0.5 -1.   0.  -0.5]
 [-0.5 -0.5 -0.5 -0.5 -1.   0. ]
 [-0.5 -0.5 -0.5 -0.5  0.  -1. ]
 [-0.5 -0.5 -0.5  0.  -1.  -0.5]
 [-0.5 -0.5 -0.5  0.  -0.5 -1. ]
 [-0.5 -0.5  0.5 -1.  -0.5  0. ]
 [-0.5 -0.5  0.5 -1.   0.   0.5]
 [-0.5 -0.5  0.5 -0.5 -1.   0. ]
 [-0.5 -0.5  0.5 -0.5  0.   1. ]
 [-0.5 -0.5  0.5  0.  -1.   0.5]
 [-0.5 -0.5  0.5  0.  -0.5  1. ]
 [-0.5  0.5 -0.5 -1.   0.  -0.5]
 [-0.5  0.5 -0.5 -1.   0.5  0. ]
 [-0.5  0.5 -0.5 -0.5  0.  -1. ]
 [-0.5  0.5 -0.5 -0.5  1.   0. ]
 [-0.5  0.5 -0.5  0.   0.5 -1. ]
 [-0.5  0.5 -0.5  0.   1.  -0.5]
 [-0.5  0.5  0.5 -1.   0.   0.5]
 [-0.5  0.5  0.5 -1.   0.5  0. ]
 [-0.5  0.5  0.5 -0.5  0.   1. ]
 [-0.5  0.5  0.5 -0.5  1.   0. ]
 [-0.5  0.5  0.5  0.   0.5  1. ]
 [-0.5  0.5  0.5  0.   1.   0.5]
 [ 0.5 -0.5 -0.5  0.  -1.  -0.5]
 [ 0.5 -0.5 -0.5  0.  -0.5 -1. ]
 [ 0.5 -0.5 -0.5  0.5 -1.   0. ]
 [ 0.5 -0.5 -0.5  0.5  0.  -1. ]
 [ 0.5 -0.5 -0.5  1.  -0.5  0. ]
 [ 0.5 -0.5 -0.5  1.   0.  -0.5]
 [ 0.5 -0.5  0.5  0.  -1.   0.5]
 [ 0.5 -0.5  0.5  0.  -0.5  1. ]
 [ 0.5 -0.5  0.5  0.5 -1.   0. ]
 [ 0.5 -0.5  0.5  0.5  0.   1. ]
 [ 0.5 -0.5  0.5  1.  -0.5  0. ]
 [ 0.5 -0.5  0.5  1.   0.   0.5]
 [ 0.5  0.5 -0.5  0.   0.5 -1. ]
 [ 0.5  0.5 -0.5  0.   1.  -0.5]
 [ 0.5  0.5 -0.5  0.5  0.  -1. ]
 [ 0.5  0.5 -0.5  0.5  1.   0. ]
 [ 0.5  0.5 -0.5  1.   0.  -0.5]
 [ 0.5  0.5 -0.5  1.   0.5  0. ]
 [ 0.5  0.5  0.5  0.   0.5  1. ]
 [ 0.5  0.5  0.5  0.   1.   0.5]
 [ 0.5  0.5  0.5  0.5  0.   1. ]
 [ 0.5  0.5  0.5  0.5  1.   0. ]
 [ 0.5  0.5  0.5  1.   0.   0.5]
 [ 0.5  0.5  0.5  1.   0.5  0. ]]
Slicing  [-1.5 -1.5 -1.5]  to  [-2.  -1.5 -1. ]
Slicing  [-1.5 -1.5 -1.5]  to  [-2.  -1.  -1.5]
Slicing  [-1.5 -1.5 -1.5]  to  [-1.5 -2.  -1. ]
Slicing  [-1.5 -1.5 -1.5]  to  [-1.5 -1.  -2. ]
Slicing  [-1.5 -1.5 -1.5]  to  [-1.  -2.  -1.5]
Slicing  [-1.5 -1.5 -1.5]  to  [-1.  -1.5 -2. ]
Slicing  [-1.5 -1.5 -0.5]  to  [-2.  -1.5 -1. ]
Slicing  [-1.5 -1.5 -0.5]  to  [-2.  -1.  -0.5]
Slicing  [-1.5 -1.5 -0.5]  to  [-1.5 -2.  -1. ]


Processed: 547/1952 (28.02%) | Elapsed: 00:25:27 | BZ Folding estimated remaining time: 01:05:22


Slicing  [-1.5 -1.5 -0.5]  to  [-1.5 -1.   0. ]
Slicing  [-1.5 -1.5 -0.5]  to  [-1.  -2.  -0.5]
Slicing  [-1.5 -1.5 -0.5]  to  [-1.  -1.5  0. ]
Slicing  [-1.5 -0.5 -1.5]  to  [-2.  -1.  -1.5]
Slicing  [-1.5 -0.5 -1.5]  to  [-2.  -0.5 -1. ]
Slicing  [-1.5 -0.5 -1.5]  to  [-1.5 -1.  -2. ]
Slicing  [-1.5 -0.5 -1.5]  to  [-1.5  0.  -1. ]
Slicing  [-1.5 -0.5 -1.5]  to  [-1.  -0.5 -2. ]
Slicing  [-1.5 -0.5 -1.5]  to  [-1.   0.  -1.5]
Slicing  [-1.5 -0.5 -0.5]  to  [-2.  -1.  -0.5]
Slicing  [-1.5 -0.5 -0.5]  to  [-2.  -0.5 -1. ]
Slicing  [-1.5 -0.5 -0.5]  to  [-1.5 -1.   0. ]
Slicing  [-1.5 -0.5 -0.5]  to  [-1.5  0.  -1. ]
Slicing  [-1.5 -0.5 -0.5]  to  [-1.  -0.5  0. ]
Slicing  [-1.5 -0.5 -0.5]  to  [-1.   0.  -0.5]
Slicing  [-0.5 -1.5 -1.5]  to  [-1.  -2.  -1.5]
Slicing  [-0.5 -1.5 -1.5]  to  [-1.  -1.5 -2. ]
Slicing  [-0.5 -1.5 -1.5]  to  [-0.5 -2.  -1. ]
Slicing  [-0.5 -1.5 -1.5]  to  [-0.5 -1.  -2. ]
Slicing  [-0.5 -1.5 -1.5]  to  [ 0.  -1.5 -1. ]
Slicing  [-0.5 -1.5 -1.5]  to  [ 0.  -1.  -1.5]
Slicing  [-0.5 -1.5 -0.5]  to  [-1.  -2.  -0.5]
Slicing  [-0.5 -1.5 -0.5]  to  [-1.  -1.5  0. ]
Slicing  [-0.5 -1.5 -0.5]  to  [-0.5 -2.  -1. ]
Slicing  [-0.5 -1.5 -0.5]  to  [-0.5 -1.   0. ]
Slicing  [-0.5 -1.5 -0.5]  to  [ 0.  -1.5 -1. ]
Slicing  [-0.5 -1.5 -0.5]  to  [ 0.  -1.  -0.5]
Slicing  [-0.5 -0.5 -1.5]  to  [-1.  -0.5 -2. ]
Slicing  [-0.5 -0.5 -1.5]  to  [-1.   0.  -1.5]
Slicing  [-0.5 -0.5 -1.5]  to  [-0.5 -1.  -2. ]
Slicing  [-0.5 -0.5 -1.5]  to  [-0.5  0.  -1. ]
Slicing  [-0.5 -0.5 -1.5]  to  [ 0.  -1.  -1.5]
Slicing  [-0.5 -0.5 -1.5]  to  [ 0.  -0.5 -1. ]
Slicing  [-0.5 -0.5 -0.5]  to  [-1.  -0.5  0. ]
Slicing  [-0.5 -0.5 -0.5]  to  [-1.   0.  -0.5]
Slicing  [-0.5 -0.5 -0.5]  to  [-0.5 -1.   0. ]
Slicing  [-0.5 -0.5 -0.5]  to  [-0.5  0.  -1. ]
Slicing  [-0.5 -0.5 -0.5]  to  [ 0.  -1.  -0.5]
Slicing  [-0.5 -0.5 -0.5]  to  [ 0.  -0.5 -1. ]


Processed: 586/1952 (30.02%) | Elapsed: 00:27:10 | BZ Folding estimated remaining time: 01:03:19


Processing BZ [-1 -1 -1], path segments from W to X

24 symmetrically equivalent path segments
[[-1.  -0.5  0.  -1.   0.   0. ]
 [-1.   0.  -0.5 -1.   0.   0. ]
 [-1.   0.   0.5 -1.   0.   0. ]
 [-1.   0.5  0.  -1.   0.   0. ]
 [-0.5 -1.   0.   0.  -1.   0. ]
 [-0.5  0.  -1.   0.   0.  -1. ]
 [-0.5  0.   1.   0.   0.   1. ]
 [-0.5  1.   0.   0.   1.   0. ]
 [ 0.  -1.  -0.5  0.  -1.   0. ]
 [ 0.  -1.   0.5  0.  -1.   0. ]
 [ 0.  -0.5 -1.   0.   0.  -1. ]
 [ 0.  -0.5  1.   0.   0.   1. ]
 [ 0.   0.5 -1.   0.   0.  -1. ]
 [ 0.   0.5  1.   0.   0.   1. ]
 [ 0.   1.  -0.5  0.   1.   0. ]
 [ 0.   1.   0.5  0.   1.   0. ]
 [ 0.5 -1.   0.   0.  -1.   0. ]
 [ 0.5  0.  -1.   0.   0.  -1. ]
 [ 0.5  0.   1.   0.   0.   1. ]
 [ 0.5  1.   0.   0.   1.   0. ]
 [ 1.  -0.5  0.   1.   0.   0. ]
 [ 1.   0.  -0.5  1.   0.   0. ]
 [ 1.   0.   0.5  1.   0.   0. ]
 [ 1.   0.5  0.   1.   0.   0. ]]
Slicing  [-2.  -1.5 -1. ]  to  [-2. -1. -1.]
Slicing  [-2.  -1.  -1.5]  to  [-2. -1. -1.]
Slicing  [-2.  -1.  -0.5]  to  [-2. -1. -1.]
Slicing  [-2.  -0.5 -1. ]  to  [-2. -1. -1.]
Slicing  [-1.5 -2.  -1. ]  to  [-1. -2. -1.]
Slicing  [-1.5 -1.  -2. ]  to  [-1. -1. -2.]
Slicing  [-1.5 -1.   0. ]  to  [-1. -1.  0.]
Slicing  [-1.5  0.  -1. ]  to  [-1.  0. -1.]
Slicing  [-1.  -2.  -1.5]  to  [-1. -2. -1.]
Slicing  [-1.  -2.  -0.5]  to  [-1. -2. -1.]
Slicing  [-1.  -1.5 -2. ]  to  [-1. -1. -2.]
Slicing  [-1.  -1.5  0. ]  to  [-1. -1.  0.]
Slicing  [-1.  -0.5 -2. ]  to  [-1. -1. -2.]
Slicing  [-1.  -0.5  0. ]  to  [-1. -1.  0.]
Slicing  [-1.   0.  -1.5]  to  [-1.  0. -1.]
Slicing  [-1.   0.  -0.5]  to  [-1.  0. -1.]
Slicing  [-0.5 -2.  -1. ]  to  [-1. -2. -1.]
Slicing  [-0.5 -1.  -2. ]  to  [-1. -1. -2.]
Slicing  [-0.5 -1.   0. ]  to  [-1. -1.  0.]
Slicing  [-0.5  0.  -1. ]  to  [-1.  0. -1.]
Slicing  [ 0.  -1.5 -1. ]  to  [ 0. -1. -1.]
Slicing  [ 0.  -1.  -1.5]  to  [ 0. -1. -1.]
Slicing  [ 0.  -1.  -0.5]  to  [ 0. -1. -1.]
Slicing  [ 0.  -0.5 -1. ]  to  [ 0. -1. -1.]

Generating Report for BZ [-1 -1 -1]

Combining all 4 BZ

BZ [-1 -1 -1] done. Total time elapsed 00:28:55
Processing BZ [0 0 0], path segments from Gamma to X

6 symmetrically equivalent path segments
[[ 0.  0.  0. -1.  0.  0.]
 [ 0.  0.  0.  0. -1.  0.]
 [ 0.  0.  0.  0.  0. -1.]
 [ 0.  0.  0.  0.  0.  1.]
 [ 0.  0.  0.  0.  1.  0.]
 [ 0.  0.  0.  1.  0.  0.]]
Slicing  [0. 0. 0.]  to  [-1.  0.  0.]
Slicing  [0. 0. 0.]  to  [ 0. -1.  0.]
Slicing  [0. 0. 0.]  to  [ 0.  0. -1.]
Slicing  [0. 0. 0.]  to  [0. 0. 1.]
Slicing  [0. 0. 0.]  to  [0. 1. 0.]
Slicing  [0. 0. 0.]  to  [1. 0. 0.]
Processing BZ [0 0 0], path segments from X to U

24 symmetrically equivalent path segments
[[-1.    0.    0.   -1.   -0.25 -0.25]
 [-1.    0.    0.   -1.   -0.25  0.25]
 [-1.    0.    0.   -1.    0.25 -0.25]
 [-1.    0.    0.   -1.    0.25  0.25]
 [ 0.   -1.    0.   -0.25 -1.   -0.25]
 [ 0.   -1.    0.   -0.25 -1.    0.25]
 [ 0.   -1.    0.    0.25 -1.   -0.25]
 [ 0.   -1.    0.    0.25 -1.    0.25]
 [ 0.    0.   -1.   -0.25 -0.25 -1.  ]
 [ 0.    0.   -1.   -0.25  0.25 -1.  ]
 [ 0.    0.   -1.    0.25 -0.25 -1.  ]
 [ 0.    0.   -1.    0.25  0.25 -1.  ]
 [ 0.    0.    1.   -0.25 -0.25  1.  ]
 [ 0.    0.    1.   -0.25  0.25  1.  ]
 [ 0.    0.    1.    0.25 -0.25  1.  ]
 [ 0.    0.    1.    0.25  0.25  1.  ]
 [ 0.    1.    0.   -0.25  1.   -0.25]
 [ 0.    1.    0.   -0.25  1.    0.25]
 [ 0.    1.    0.    0.25  1.   -0.25]
 [ 0.    1.    0.    0.25  1.    0.25]
 [ 1.    0.    0.    1.   -0.25 -0.25]
 [ 1.    0.    0.    1.   -0.25  0.25]
 [ 1.    0.    0.    1.    0.25 -0.25]
 [ 1.    0.    0.    1.    0.25  0.25]]
Slicing  [-1.  0.  0.]  to  [-1.   -0.25 -0.25]
Slicing  [-1.  0.  0.]  to  [-1.   -0.25  0.25]
Slicing  [-1.  0.  0.]  to  [-1.    0.25 -0.25]
Slicing  [-1.  0.  0.]  to  [-1.    0.25  0.25]
Slicing  [ 0. -1.  0.]  to  [-0.25 -1.   -0.25]
Slicing  [ 0. -1.  0.]  to  [-0.25 -1.    0.25]
Slicing  [ 0. -1.  0.]  to  [ 0.25 -1.   -0.25]
Slicing  [ 0. -1.  0.]  to  [ 0.25 -1.    0.25]
Slicing  [ 0.  0. -1.]  to  [-0.25 -0.25 -1.  ]


Processed: 625/1952 (32.02%) | Elapsed: 00:29:09 | BZ Folding estimated remaining time: 01:01:55


Slicing  [ 0.  0. -1.]  to  [-0.25  0.25 -1.  ]
Slicing  [ 0.  0. -1.]  to  [ 0.25 -0.25 -1.  ]
Slicing  [ 0.  0. -1.]  to  [ 0.25  0.25 -1.  ]
Slicing  [0. 0. 1.]  to  [-0.25 -0.25  1.  ]
Slicing  [0. 0. 1.]  to  [-0.25  0.25  1.  ]
Slicing  [0. 0. 1.]  to  [ 0.25 -0.25  1.  ]
Slicing  [0. 0. 1.]  to  [0.25 0.25 1.  ]
Slicing  [0. 1. 0.]  to  [-0.25  1.   -0.25]
Slicing  [0. 1. 0.]  to  [-0.25  1.    0.25]
Slicing  [0. 1. 0.]  to  [ 0.25  1.   -0.25]
Slicing  [0. 1. 0.]  to  [0.25 1.   0.25]
Slicing  [1. 0. 0.]  to  [ 1.   -0.25 -0.25]
Slicing  [1. 0. 0.]  to  [ 1.   -0.25  0.25]
Slicing  [1. 0. 0.]  to  [ 1.    0.25 -0.25]
Slicing  [1. 0. 0.]  to  [1.   0.25 0.25]
Processing BZ [0 0 0], path segments from K to Gamma

12 symmetrically equivalent path segments
[[-0.75 -0.75  0.    0.    0.    0.  ]
 [-0.75  0.   -0.75  0.    0.    0.  ]
 [-0.75  0.    0.75  0.    0.    0.  ]
 [-0.75  0.75  0.    0.    0.    0.  ]
 [ 0.   -0.75 -0.75  0.    0.    0.  ]
 [ 0.   -0.75  0.75  0.    0.    0.  ]
 [ 0.    0.75 -0.75  0.    0.    0.  ]
 [ 0.    0.75  0.75  0.    0.    0.  ]
 [ 0.75 -0.75  0.    0.    0.    0.  ]
 [ 0.75  0.   -0.75  0.    0.    0.  ]
 [ 0.75  0.    0.75  0.    0.    0.  ]
 [ 0.75  0.75  0.    0.    0.    0.  ]]
Slicing  [-0.75 -0.75  0.  ]  to  [0. 0. 0.]
Slicing  [-0.75  0.   -0.75]  to  [0. 0. 0.]
Slicing  [-0.75  0.    0.75]  to  [0. 0. 0.]
Slicing  [-0.75  0.75  0.  ]  to  [0. 0. 0.]
Slicing  [ 0.   -0.75 -0.75]  to  [0. 0. 0.]
Slicing  [ 0.   -0.75  0.75]  to  [0. 0. 0.]
Slicing  [ 0.    0.75 -0.75]  to  [0. 0. 0.]
Slicing  [0.   0.75 0.75]  to  [0. 0. 0.]
Slicing  [ 0.75 -0.75  0.  ]  to  [0. 0. 0.]
Slicing  [ 0.75  0.   -0.75]  to  [0. 0. 0.]
Slicing  [0.75 0.   0.75]  to  [0. 0. 0.]
Slicing  [0.75 0.75 0.  ]  to  [0. 0. 0.]
Processing BZ [0 0 0], path segments from Gamma to L

8 symmetrically equivalent path segments
[[ 0.   0.   0.  -0.5 -0.5 -0.5]
 [ 0.   0.   0.  -0.5 -0.5  0.5]
 [ 0.   0.   0.  -0.5  0.5 -0.5]
 [ 0.   0.   0.  -0.5  0.5  0.5]
 [ 0.   0.   0.   0.5 -0.5 -0.5]
 [ 0.   0.   0.   0.5 -0.5  0.5]
 [ 0.   0.   0.   0.5  0.5 -0.5]
 [ 0.   0.   0.   0.5  0.5  0.5]]
Slicing  [0. 0. 0.]  to  [-0.5 -0.5 -0.5]
Slicing  [0. 0. 0.]  to  [-0.5 -0.5  0.5]
Slicing  [0. 0. 0.]  to  [-0.5  0.5 -0.5]
Slicing  [0. 0. 0.]  to  [-0.5  0.5  0.5]
Slicing  [0. 0. 0.]  to  [ 0.5 -0.5 -0.5]
Slicing  [0. 0. 0.]  to  [ 0.5 -0.5  0.5]
Slicing  [0. 0. 0.]  to  [ 0.5  0.5 -0.5]
Slicing  [0. 0. 0.]  to  [0.5 0.5 0.5]
Processing BZ [0 0 0], path segments from L to W

48 symmetrically equivalent path segments
[[-0.5 -0.5 -0.5 -1.  -0.5  0. ]
 [-0.5 -0.5 -0.5 -1.   0.  -0.5]
 [-0.5 -0.5 -0.5 -0.5 -1.   0. ]
 [-0.5 -0.5 -0.5 -0.5  0.  -1. ]
 [-0.5 -0.5 -0.5  0.  -1.  -0.5]
 [-0.5 -0.5 -0.5  0.  -0.5 -1. ]
 [-0.5 -0.5  0.5 -1.  -0.5  0. ]
 [-0.5 -0.5  0.5 -1.   0.   0.5]
 [-0.5 -0.5  0.5 -0.5 -1.   0. ]
 [-0.5 -0.5  0.5 -0.5  0.   1. ]
 [-0.5 -0.5  0.5  0.  -1.   0.5]
 [-0.5 -0.5  0.5  0.  -0.5  1. ]
 [-0.5  0.5 -0.5 -1.   0.  -0.5]
 [-0.5  0.5 -0.5 -1.   0.5  0. ]
 [-0.5  0.5 -0.5 -0.5  0.  -1. ]
 [-0.5  0.5 -0.5 -0.5  1.   0. ]
 [-0.5  0.5 -0.5  0.   0.5 -1. ]
 [-0.5  0.5 -0.5  0.   1.  -0.5]
 [-0.5  0.5  0.5 -1.   0.   0.5]
 [-0.5  0.5  0.5 -1.   0.5  0. ]
 [-0.5  0.5  0.5 -0.5  0.   1. ]
 [-0.5  0.5  0.5 -0.5  1.   0. ]
 [-0.5  0.5  0.5  0.   0.5  1. ]
 [-0.5  0.5  0.5  0.   1.   0.5]
 [ 0.5 -0.5 -0.5  0.  -1.  -0.5]
 [ 0.5 -0.5 -0.5  0.  -0.5 -1. ]
 [ 0.5 -0.5 -0.5  0.5 -1.   0. ]
 [ 0.5 -0.5 -0.5  0.5  0.  -1. ]
 [ 0.5 -0.5 -0.5  1.  -0.5  0. ]
 [ 0.5 -0.5 -0.5  1.   0.  -0.5]
 [ 0.5 -0.5  0.5  0.  -1.   0.5]
 [ 0.5 -0.5  0.5  0.  -0.5  1. ]
 [ 0.5 -0.5  0.5  0.5 -1.   0. ]
 [ 0.5 -0.5  0.5  0.5  0.   1. ]
 [ 0.5 -0.5  0.5  1.  -0.5  0. ]
 [ 0.5 -0.5  0.5  1.   0.   0.5]
 [ 0.5  0.5 -0.5  0.   0.5 -1. ]
 [ 0.5  0.5 -0.5  0.   1.  -0.5]
 [ 0.5  0.5 -0.5  0.5  0.  -1. ]
 [ 0.5  0.5 -0.5  0.5  1.   0. ]
 [ 0.5  0.5 -0.5  1.   0.  -0.5]
 [ 0.5  0.5 -0.5  1.   0.5  0. ]
 [ 0.5  0.5  0.5  0.   0.5  1. ]
 [ 0.5  0.5  0.5  0.   1.   0.5]
 [ 0.5  0.5  0.5  0.5  0.   1. ]
 [ 0.5  0.5  0.5  0.5  1.   0. ]
 [ 0.5  0.5  0.5  1.   0.   0.5]
 [ 0.5  0.5  0.5  1.   0.5  0. ]]
Slicing  [-0.5 -0.5 -0.5]  to  [-1.  -0.5  0. ]
Slicing  [-0.5 -0.5 -0.5]  to  [-1.   0.  -0.5]
Slicing  [-0.5 -0.5 -0.5]  to  [-0.5 -1.   0. ]
Slicing  [-0.5 -0.5 -0.5]  to  [-0.5  0.  -1. ]


Processed: 664/1952 (34.02%) | Elapsed: 00:30:58 | BZ Folding estimated remaining time: 01:00:05


Slicing  [-0.5 -0.5 -0.5]  to  [ 0.  -1.  -0.5]
Slicing  [-0.5 -0.5 -0.5]  to  [ 0.  -0.5 -1. ]
Slicing  [-0.5 -0.5  0.5]  to  [-1.  -0.5  0. ]
Slicing  [-0.5 -0.5  0.5]  to  [-1.   0.   0.5]
Slicing  [-0.5 -0.5  0.5]  to  [-0.5 -1.   0. ]
Slicing  [-0.5 -0.5  0.5]  to  [-0.5  0.   1. ]
Slicing  [-0.5 -0.5  0.5]  to  [ 0.  -1.   0.5]
Slicing  [-0.5 -0.5  0.5]  to  [ 0.  -0.5  1. ]
Slicing  [-0.5  0.5 -0.5]  to  [-1.   0.  -0.5]
Slicing  [-0.5  0.5 -0.5]  to  [-1.   0.5  0. ]
Slicing  [-0.5  0.5 -0.5]  to  [-0.5  0.  -1. ]
Slicing  [-0.5  0.5 -0.5]  to  [-0.5  1.   0. ]
Slicing  [-0.5  0.5 -0.5]  to  [ 0.   0.5 -1. ]
Slicing  [-0.5  0.5 -0.5]  to  [ 0.   1.  -0.5]
Slicing  [-0.5  0.5  0.5]  to  [-1.   0.   0.5]
Slicing  [-0.5  0.5  0.5]  to  [-1.   0.5  0. ]
Slicing  [-0.5  0.5  0.5]  to  [-0.5  0.   1. ]
Slicing  [-0.5  0.5  0.5]  to  [-0.5  1.   0. ]
Slicing  [-0.5  0.5  0.5]  to  [0.  0.5 1. ]
Slicing  [-0.5  0.5  0.5]  to  [0.  1.  0.5]
Slicing  [ 0.5 -0.5 -0.5]  to  [ 0.  -1.  -0.5]
Slicing  [ 0.5 -0.5 -0.5]  to  [ 0.  -0.5 -1. ]
Slicing  [ 0.5 -0.5 -0.5]  to  [ 0.5 -1.   0. ]
Slicing  [ 0.5 -0.5 -0.5]  to  [ 0.5  0.  -1. ]
Slicing  [ 0.5 -0.5 -0.5]  to  [ 1.  -0.5  0. ]
Slicing  [ 0.5 -0.5 -0.5]  to  [ 1.   0.  -0.5]
Slicing  [ 0.5 -0.5  0.5]  to  [ 0.  -1.   0.5]
Slicing  [ 0.5 -0.5  0.5]  to  [ 0.  -0.5  1. ]
Slicing  [ 0.5 -0.5  0.5]  to  [ 0.5 -1.   0. ]
Slicing  [ 0.5 -0.5  0.5]  to  [0.5 0.  1. ]
Slicing  [ 0.5 -0.5  0.5]  to  [ 1.  -0.5  0. ]
Slicing  [ 0.5 -0.5  0.5]  to  [1.  0.  0.5]
Slicing  [ 0.5  0.5 -0.5]  to  [ 0.   0.5 -1. ]
Slicing  [ 0.5  0.5 -0.5]  to  [ 0.   1.  -0.5]
Slicing  [ 0.5  0.5 -0.5]  to  [ 0.5  0.  -1. ]
Slicing  [ 0.5  0.5 -0.5]  to  [0.5 1.  0. ]
Slicing  [ 0.5  0.5 -0.5]  to  [ 1.   0.  -0.5]
Slicing  [ 0.5  0.5 -0.5]  to  [1.  0.5 0. ]
Slicing  [0.5 0.5 0.5]  to  [0.  0.5 1. ]


Processed: 703/1952 (36.01%) | Elapsed: 00:32:43 | BZ Folding estimated remaining time: 00:58:08


Slicing  [0.5 0.5 0.5]  to  [0.  1.  0.5]
Slicing  [0.5 0.5 0.5]  to  [0.5 0.  1. ]
Slicing  [0.5 0.5 0.5]  to  [0.5 1.  0. ]
Slicing  [0.5 0.5 0.5]  to  [1.  0.  0.5]
Slicing  [0.5 0.5 0.5]  to  [1.  0.5 0. ]
Processing BZ [0 0 0], path segments from W to X

24 symmetrically equivalent path segments
[[-1.  -0.5  0.  -1.   0.   0. ]
 [-1.   0.  -0.5 -1.   0.   0. ]
 [-1.   0.   0.5 -1.   0.   0. ]
 [-1.   0.5  0.  -1.   0.   0. ]
 [-0.5 -1.   0.   0.  -1.   0. ]
 [-0.5  0.  -1.   0.   0.  -1. ]
 [-0.5  0.   1.   0.   0.   1. ]
 [-0.5  1.   0.   0.   1.   0. ]
 [ 0.  -1.  -0.5  0.  -1.   0. ]
 [ 0.  -1.   0.5  0.  -1.   0. ]
 [ 0.  -0.5 -1.   0.   0.  -1. ]
 [ 0.  -0.5  1.   0.   0.   1. ]
 [ 0.   0.5 -1.   0.   0.  -1. ]
 [ 0.   0.5  1.   0.   0.   1. ]
 [ 0.   1.  -0.5  0.   1.   0. ]
 [ 0.   1.   0.5  0.   1.   0. ]
 [ 0.5 -1.   0.   0.  -1.   0. ]
 [ 0.5  0.  -1.   0.   0.  -1. ]
 [ 0.5  0.   1.   0.   0.   1. ]
 [ 0.5  1.   0.   0.   1.   0. ]
 [ 1.  -0.5  0.   1.   0.   0. ]
 [ 1.   0.  -0.5  1.   0.   0. ]
 [ 1.   0.   0.5  1.   0.   0. ]
 [ 1.   0.5  0.   1.   0.   0. ]]
Slicing  [-1.  -0.5  0. ]  to  [-1.  0.  0.]
Slicing  [-1.   0.  -0.5]  to  [-1.  0.  0.]
Slicing  [-1.   0.   0.5]  to  [-1.  0.  0.]
Slicing  [-1.   0.5  0. ]  to  [-1.  0.  0.]
Slicing  [-0.5 -1.   0. ]  to  [ 0. -1.  0.]
Slicing  [-0.5  0.  -1. ]  to  [ 0.  0. -1.]
Slicing  [-0.5  0.   1. ]  to  [0. 0. 1.]
Slicing  [-0.5  1.   0. ]  to  [0. 1. 0.]
Slicing  [ 0.  -1.  -0.5]  to  [ 0. -1.  0.]
Slicing  [ 0.  -1.   0.5]  to  [ 0. -1.  0.]
Slicing  [ 0.  -0.5 -1. ]  to  [ 0.  0. -1.]
Slicing  [ 0.  -0.5  1. ]  to  [0. 0. 1.]
Slicing  [ 0.   0.5 -1. ]  to  [ 0.  0. -1.]
Slicing  [0.  0.5 1. ]  to  [0. 0. 1.]
Slicing  [ 0.   1.  -0.5]  to  [0. 1. 0.]
Slicing  [0.  1.  0.5]  to  [0. 1. 0.]
Slicing  [ 0.5 -1.   0. ]  to  [ 0. -1.  0.]
Slicing  [ 0.5  0.  -1. ]  to  [ 0.  0. -1.]
Slicing  [0.5 0.  1. ]  to  [0. 0. 1.]
Slicing  [0.5 1.  0. ]  to  [0. 1. 0.]
Slicing  [ 1.  -0.5  0. ]  to  [1. 0. 0.]
Slicing  [ 1.   0.  -0.5]  to  [1. 0. 0.]
Slicing  [1.  0.  0.5]  to  [1. 0. 0.]
Slicing  [1.  0.5 0. ]  to  [1. 0. 0.]

Generating Report for BZ [0 0 0]

Combining all 5 BZ

BZ [0 0 0] done. Total time elapsed 00:34:41
Processing BZ [ 0  0 -2], path segments from Gamma to X

6 symmetrically equivalent path segments
[[ 0.  0.  0. -1.  0.  0.]
 [ 0.  0.  0.  0. -1.  0.]
 [ 0.  0.  0.  0.  0. -1.]
 [ 0.  0.  0.  0.  0.  1.]
 [ 0.  0.  0.  0.  1.  0.]
 [ 0.  0.  0.  1.  0.  0.]]
Slicing  [ 0.  0. -2.]  to  [-1.  0. -2.]
Slicing  [ 0.  0. -2.]  to  [ 0. -1. -2.]
Slicing  [ 0.  0. -2.]  to  [ 0.  0. -3.]
Slicing  [ 0.  0. -2.]  to  [ 0.  0. -1.]
Slicing  [ 0.  0. -2.]  to  [ 0.  1. -2.]
Slicing  [ 0.  0. -2.]  to  [ 1.  0. -2.]
Processing BZ [ 0  0 -2], path segments from X to U

24 symmetrically equivalent path segments
[[-1.    0.    0.   -1.   -0.25 -0.25]
 [-1.    0.    0.   -1.   -0.25  0.25]
 [-1.    0.    0.   -1.    0.25 -0.25]
 [-1.    0.    0.   -1.    0.25  0.25]
 [ 0.   -1.    0.   -0.25 -1.   -0.25]
 [ 0.   -1.    0.   -0.25 -1.    0.25]
 [ 0.   -1.    0.    0.25 -1.   -0.25]
 [ 0.   -1.    0.    0.25 -1.    0.25]
 [ 0.    0.   -1.   -0.25 -0.25 -1.  ]
 [ 0.    0.   -1.   -0.25  0.25 -1.  ]
 [ 0.    0.   -1.    0.25 -0.25 -1.  ]
 [ 0.    0.   -1.    0.25  0.25 -1.  ]
 [ 0.    0.    1.   -0.25 -0.25  1.  ]
 [ 0.    0.    1.   -0.25  0.25  1.  ]
 [ 0.    0.    1.    0.25 -0.25  1.  ]
 [ 0.    0.    1.    0.25  0.25  1.  ]
 [ 0.    1.    0.   -0.25  1.   -0.25]
 [ 0.    1.    0.   -0.25  1.    0.25]
 [ 0.    1.    0.    0.25  1.   -0.25]
 [ 0.    1.    0.    0.25  1.    0.25]
 [ 1.    0.    0.    1.   -0.25 -0.25]
 [ 1.    0.    0.    1.   -0.25  0.25]
 [ 1.    0.    0.    1.    0.25 -0.25]
 [ 1.    0.    0.    1.    0.25  0.25]]
Slicing  [-1.  0. -2.]  to  [-1.   -0.25 -2.25]
Slicing  [-1.  0. -2.]  to  [-1.   -0.25 -1.75]
Slicing  [-1.  0. -2.]  to  [-1.    0.25 -2.25]
Slicing  [-1.  0. -2.]  to  [-1.    0.25 -1.75]


Processed: 742/1952 (38.01%) | Elapsed: 00:34:43 | BZ Folding estimated remaining time: 00:56:36


Slicing  [ 0. -1. -2.]  to  [-0.25 -1.   -2.25]
Slicing  [ 0. -1. -2.]  to  [-0.25 -1.   -1.75]
Slicing  [ 0. -1. -2.]  to  [ 0.25 -1.   -2.25]
Slicing  [ 0. -1. -2.]  to  [ 0.25 -1.   -1.75]
Slicing  [ 0.  0. -3.]  to  [-0.25 -0.25 -3.  ]
Slicing  [ 0.  0. -3.]  to  [-0.25  0.25 -3.  ]
Slicing  [ 0.  0. -3.]  to  [ 0.25 -0.25 -3.  ]
Slicing  [ 0.  0. -3.]  to  [ 0.25  0.25 -3.  ]
Slicing  [ 0.  0. -1.]  to  [-0.25 -0.25 -1.  ]
Slicing  [ 0.  0. -1.]  to  [-0.25  0.25 -1.  ]
Slicing  [ 0.  0. -1.]  to  [ 0.25 -0.25 -1.  ]
Slicing  [ 0.  0. -1.]  to  [ 0.25  0.25 -1.  ]
Slicing  [ 0.  1. -2.]  to  [-0.25  1.   -2.25]
Slicing  [ 0.  1. -2.]  to  [-0.25  1.   -1.75]
Slicing  [ 0.  1. -2.]  to  [ 0.25  1.   -2.25]
Slicing  [ 0.  1. -2.]  to  [ 0.25  1.   -1.75]
Slicing  [ 1.  0. -2.]  to  [ 1.   -0.25 -2.25]
Slicing  [ 1.  0. -2.]  to  [ 1.   -0.25 -1.75]
Slicing  [ 1.  0. -2.]  to  [ 1.    0.25 -2.25]
Slicing  [ 1.  0. -2.]  to  [ 1.    0.25 -1.75]
Processing BZ [ 0  0 -2], path segments from K to Gamma

12 symmetrically equivalent path segments
[[-0.75 -0.75  0.    0.    0.    0.  ]
 [-0.75  0.   -0.75  0.    0.    0.  ]
 [-0.75  0.    0.75  0.    0.    0.  ]
 [-0.75  0.75  0.    0.    0.    0.  ]
 [ 0.   -0.75 -0.75  0.    0.    0.  ]
 [ 0.   -0.75  0.75  0.    0.    0.  ]
 [ 0.    0.75 -0.75  0.    0.    0.  ]
 [ 0.    0.75  0.75  0.    0.    0.  ]
 [ 0.75 -0.75  0.    0.    0.    0.  ]
 [ 0.75  0.   -0.75  0.    0.    0.  ]
 [ 0.75  0.    0.75  0.    0.    0.  ]
 [ 0.75  0.75  0.    0.    0.    0.  ]]
Slicing  [-0.75 -0.75 -2.  ]  to  [ 0.  0. -2.]
Slicing  [-0.75  0.   -2.75]  to  [ 0.  0. -2.]
Slicing  [-0.75  0.   -1.25]  to  [ 0.  0. -2.]
Slicing  [-0.75  0.75 -2.  ]  to  [ 0.  0. -2.]
Slicing  [ 0.   -0.75 -2.75]  to  [ 0.  0. -2.]
Slicing  [ 0.   -0.75 -1.25]  to  [ 0.  0. -2.]
Slicing  [ 0.    0.75 -2.75]  to  [ 0.  0. -2.]
Slicing  [ 0.    0.75 -1.25]  to  [ 0.  0. -2.]
Slicing  [ 0.75 -0.75 -2.  ]  to  [ 0.  0. -2.]
Slicing  [ 0.75  0.   -2.75]  to  [ 0.  0. -2.]
Slicing  [ 0.75  0.   -1.25]  to  [ 0.  0. -2.]
Slicing  [ 0.75  0.75 -2.  ]  to  [ 0.  0. -2.]
Processing BZ [ 0  0 -2], path segments from Gamma to L

8 symmetrically equivalent path segments
[[ 0.   0.   0.  -0.5 -0.5 -0.5]
 [ 0.   0.   0.  -0.5 -0.5  0.5]
 [ 0.   0.   0.  -0.5  0.5 -0.5]
 [ 0.   0.   0.  -0.5  0.5  0.5]
 [ 0.   0.   0.   0.5 -0.5 -0.5]
 [ 0.   0.   0.   0.5 -0.5  0.5]
 [ 0.   0.   0.   0.5  0.5 -0.5]
 [ 0.   0.   0.   0.5  0.5  0.5]]
Slicing  [ 0.  0. -2.]  to  [-0.5 -0.5 -2.5]
Slicing  [ 0.  0. -2.]  to  [-0.5 -0.5 -1.5]
Slicing  [ 0.  0. -2.]  to  [-0.5  0.5 -2.5]
Slicing  [ 0.  0. -2.]  to  [-0.5  0.5 -1.5]
Slicing  [ 0.  0. -2.]  to  [ 0.5 -0.5 -2.5]
Slicing  [ 0.  0. -2.]  to  [ 0.5 -0.5 -1.5]
Slicing  [ 0.  0. -2.]  to  [ 0.5  0.5 -2.5]


Processed: 781/1952 (40.01%) | Elapsed: 00:36:32 | BZ Folding estimated remaining time: 00:54:46


Slicing  [ 0.  0. -2.]  to  [ 0.5  0.5 -1.5]
Processing BZ [ 0  0 -2], path segments from L to W

48 symmetrically equivalent path segments
[[-0.5 -0.5 -0.5 -1.  -0.5  0. ]
 [-0.5 -0.5 -0.5 -1.   0.  -0.5]
 [-0.5 -0.5 -0.5 -0.5 -1.   0. ]
 [-0.5 -0.5 -0.5 -0.5  0.  -1. ]
 [-0.5 -0.5 -0.5  0.  -1.  -0.5]
 [-0.5 -0.5 -0.5  0.  -0.5 -1. ]
 [-0.5 -0.5  0.5 -1.  -0.5  0. ]
 [-0.5 -0.5  0.5 -1.   0.   0.5]
 [-0.5 -0.5  0.5 -0.5 -1.   0. ]
 [-0.5 -0.5  0.5 -0.5  0.   1. ]
 [-0.5 -0.5  0.5  0.  -1.   0.5]
 [-0.5 -0.5  0.5  0.  -0.5  1. ]
 [-0.5  0.5 -0.5 -1.   0.  -0.5]
 [-0.5  0.5 -0.5 -1.   0.5  0. ]
 [-0.5  0.5 -0.5 -0.5  0.  -1. ]
 [-0.5  0.5 -0.5 -0.5  1.   0. ]
 [-0.5  0.5 -0.5  0.   0.5 -1. ]
 [-0.5  0.5 -0.5  0.   1.  -0.5]
 [-0.5  0.5  0.5 -1.   0.   0.5]
 [-0.5  0.5  0.5 -1.   0.5  0. ]
 [-0.5  0.5  0.5 -0.5  0.   1. ]
 [-0.5  0.5  0.5 -0.5  1.   0. ]
 [-0.5  0.5  0.5  0.   0.5  1. ]
 [-0.5  0.5  0.5  0.   1.   0.5]
 [ 0.5 -0.5 -0.5  0.  -1.  -0.5]
 [ 0.5 -0.5 -0.5  0.  -0.5 -1. ]
 [ 0.5 -0.5 -0.5  0.5 -1.   0. ]
 [ 0.5 -0.5 -0.5  0.5  0.  -1. ]
 [ 0.5 -0.5 -0.5  1.  -0.5  0. ]
 [ 0.5 -0.5 -0.5  1.   0.  -0.5]
 [ 0.5 -0.5  0.5  0.  -1.   0.5]
 [ 0.5 -0.5  0.5  0.  -0.5  1. ]
 [ 0.5 -0.5  0.5  0.5 -1.   0. ]
 [ 0.5 -0.5  0.5  0.5  0.   1. ]
 [ 0.5 -0.5  0.5  1.  -0.5  0. ]
 [ 0.5 -0.5  0.5  1.   0.   0.5]
 [ 0.5  0.5 -0.5  0.   0.5 -1. ]
 [ 0.5  0.5 -0.5  0.   1.  -0.5]
 [ 0.5  0.5 -0.5  0.5  0.  -1. ]
 [ 0.5  0.5 -0.5  0.5  1.   0. ]
 [ 0.5  0.5 -0.5  1.   0.  -0.5]
 [ 0.5  0.5 -0.5  1.   0.5  0. ]
 [ 0.5  0.5  0.5  0.   0.5  1. ]
 [ 0.5  0.5  0.5  0.   1.   0.5]
 [ 0.5  0.5  0.5  0.5  0.   1. ]
 [ 0.5  0.5  0.5  0.5  1.   0. ]
 [ 0.5  0.5  0.5  1.   0.   0.5]
 [ 0.5  0.5  0.5  1.   0.5  0. ]]
Slicing  [-0.5 -0.5 -2.5]  to  [-1.  -0.5 -2. ]
Slicing  [-0.5 -0.5 -2.5]  to  [-1.   0.  -2.5]
Slicing  [-0.5 -0.5 -2.5]  to  [-0.5 -1.  -2. ]
Slicing  [-0.5 -0.5 -2.5]  to  [-0.5  0.  -3. ]
Slicing  [-0.5 -0.5 -2.5]  to  [ 0.  -1.  -2.5]
Slicing  [-0.5 -0.5 -2.5]  to  [ 0.  -0.5 -3. ]
Slicing  [-0.5 -0.5 -1.5]  to  [-1.  -0.5 -2. ]
Slicing  [-0.5 -0.5 -1.5]  to  [-1.   0.  -1.5]
Slicing  [-0.5 -0.5 -1.5]  to  [-0.5 -1.  -2. ]
Slicing  [-0.5 -0.5 -1.5]  to  [-0.5  0.  -1. ]
Slicing  [-0.5 -0.5 -1.5]  to  [ 0.  -1.  -1.5]
Slicing  [-0.5 -0.5 -1.5]  to  [ 0.  -0.5 -1. ]
Slicing  [-0.5  0.5 -2.5]  to  [-1.   0.  -2.5]
Slicing  [-0.5  0.5 -2.5]  to  [-1.   0.5 -2. ]
Slicing  [-0.5  0.5 -2.5]  to  [-0.5  0.  -3. ]
Slicing  [-0.5  0.5 -2.5]  to  [-0.5  1.  -2. ]
Slicing  [-0.5  0.5 -2.5]  to  [ 0.   0.5 -3. ]
Slicing  [-0.5  0.5 -2.5]  to  [ 0.   1.  -2.5]
Slicing  [-0.5  0.5 -1.5]  to  [-1.   0.  -1.5]
Slicing  [-0.5  0.5 -1.5]  to  [-1.   0.5 -2. ]
Slicing  [-0.5  0.5 -1.5]  to  [-0.5  0.  -1. ]
Slicing  [-0.5  0.5 -1.5]  to  [-0.5  1.  -2. ]
Slicing  [-0.5  0.5 -1.5]  to  [ 0.   0.5 -1. ]
Slicing  [-0.5  0.5 -1.5]  to  [ 0.   1.  -1.5]
Slicing  [ 0.5 -0.5 -2.5]  to  [ 0.  -1.  -2.5]
Slicing  [ 0.5 -0.5 -2.5]  to  [ 0.  -0.5 -3. ]
Slicing  [ 0.5 -0.5 -2.5]  to  [ 0.5 -1.  -2. ]
Slicing  [ 0.5 -0.5 -2.5]  to  [ 0.5  0.  -3. ]
Slicing  [ 0.5 -0.5 -2.5]  to  [ 1.  -0.5 -2. ]
Slicing  [ 0.5 -0.5 -2.5]  to  [ 1.   0.  -2.5]
Slicing  [ 0.5 -0.5 -1.5]  to  [ 0.  -1.  -1.5]
Slicing  [ 0.5 -0.5 -1.5]  to  [ 0.  -0.5 -1. ]
Slicing  [ 0.5 -0.5 -1.5]  to  [ 0.5 -1.  -2. ]
Slicing  [ 0.5 -0.5 -1.5]  to  [ 0.5  0.  -1. ]
Slicing  [ 0.5 -0.5 -1.5]  to  [ 1.  -0.5 -2. ]
Slicing  [ 0.5 -0.5 -1.5]  to  [ 1.   0.  -1.5]
Slicing  [ 0.5  0.5 -2.5]  to  [ 0.   0.5 -3. ]
Slicing  [ 0.5  0.5 -2.5]  to  [ 0.   1.  -2.5]


Processed: 820/1952 (42.01%) | Elapsed: 00:38:16 | BZ Folding estimated remaining time: 00:52:49


Slicing  [ 0.5  0.5 -2.5]  to  [ 0.5  0.  -3. ]
Slicing  [ 0.5  0.5 -2.5]  to  [ 0.5  1.  -2. ]
Slicing  [ 0.5  0.5 -2.5]  to  [ 1.   0.  -2.5]
Slicing  [ 0.5  0.5 -2.5]  to  [ 1.   0.5 -2. ]
Slicing  [ 0.5  0.5 -1.5]  to  [ 0.   0.5 -1. ]
Slicing  [ 0.5  0.5 -1.5]  to  [ 0.   1.  -1.5]
Slicing  [ 0.5  0.5 -1.5]  to  [ 0.5  0.  -1. ]
Slicing  [ 0.5  0.5 -1.5]  to  [ 0.5  1.  -2. ]
Slicing  [ 0.5  0.5 -1.5]  to  [ 1.   0.  -1.5]
Slicing  [ 0.5  0.5 -1.5]  to  [ 1.   0.5 -2. ]
Processing BZ [ 0  0 -2], path segments from W to X

24 symmetrically equivalent path segments
[[-1.  -0.5  0.  -1.   0.   0. ]
 [-1.   0.  -0.5 -1.   0.   0. ]
 [-1.   0.   0.5 -1.   0.   0. ]
 [-1.   0.5  0.  -1.   0.   0. ]
 [-0.5 -1.   0.   0.  -1.   0. ]
 [-0.5  0.  -1.   0.   0.  -1. ]
 [-0.5  0.   1.   0.   0.   1. ]
 [-0.5  1.   0.   0.   1.   0. ]
 [ 0.  -1.  -0.5  0.  -1.   0. ]
 [ 0.  -1.   0.5  0.  -1.   0. ]
 [ 0.  -0.5 -1.   0.   0.  -1. ]
 [ 0.  -0.5  1.   0.   0.   1. ]
 [ 0.   0.5 -1.   0.   0.  -1. ]
 [ 0.   0.5  1.   0.   0.   1. ]
 [ 0.   1.  -0.5  0.   1.   0. ]
 [ 0.   1.   0.5  0.   1.   0. ]
 [ 0.5 -1.   0.   0.  -1.   0. ]
 [ 0.5  0.  -1.   0.   0.  -1. ]
 [ 0.5  0.   1.   0.   0.   1. ]
 [ 0.5  1.   0.   0.   1.   0. ]
 [ 1.  -0.5  0.   1.   0.   0. ]
 [ 1.   0.  -0.5  1.   0.   0. ]
 [ 1.   0.   0.5  1.   0.   0. ]
 [ 1.   0.5  0.   1.   0.   0. ]]
Slicing  [-1.  -0.5 -2. ]  to  [-1.  0. -2.]
Slicing  [-1.   0.  -2.5]  to  [-1.  0. -2.]
Slicing  [-1.   0.  -1.5]  to  [-1.  0. -2.]
Slicing  [-1.   0.5 -2. ]  to  [-1.  0. -2.]
Slicing  [-0.5 -1.  -2. ]  to  [ 0. -1. -2.]
Slicing  [-0.5  0.  -3. ]  to  [ 0.  0. -3.]
Slicing  [-0.5  0.  -1. ]  to  [ 0.  0. -1.]
Slicing  [-0.5  1.  -2. ]  to  [ 0.  1. -2.]
Slicing  [ 0.  -1.  -2.5]  to  [ 0. -1. -2.]
Slicing  [ 0.  -1.  -1.5]  to  [ 0. -1. -2.]
Slicing  [ 0.  -0.5 -3. ]  to  [ 0.  0. -3.]
Slicing  [ 0.  -0.5 -1. ]  to  [ 0.  0. -1.]
Slicing  [ 0.   0.5 -3. ]  to  [ 0.  0. -3.]
Slicing  [ 0.   0.5 -1. ]  to  [ 0.  0. -1.]
Slicing  [ 0.   1.  -2.5]  to  [ 0.  1. -2.]
Slicing  [ 0.   1.  -1.5]  to  [ 0.  1. -2.]
Slicing  [ 0.5 -1.  -2. ]  to  [ 0. -1. -2.]
Slicing  [ 0.5  0.  -3. ]  to  [ 0.  0. -3.]
Slicing  [ 0.5  0.  -1. ]  to  [ 0.  0. -1.]
Slicing  [ 0.5  1.  -2. ]  to  [ 0.  1. -2.]
Slicing  [ 1.  -0.5 -2. ]  to  [ 1.  0. -2.]
Slicing  [ 1.   0.  -2.5]  to  [ 1.  0. -2.]
Slicing  [ 1.   0.  -1.5]  to  [ 1.  0. -2.]
Slicing  [ 1.   0.5 -2. ]  to  [ 1.  0. -2.]

Generating Report for BZ [ 0  0 -2]

Combining all 6 BZ

BZ [ 0  0 -2] done. Total time elapsed 00:40:30
Processing BZ [2 2 0], path segments from Gamma to X

6 symmetrically equivalent path segments
[[ 0.  0.  0. -1.  0.  0.]
 [ 0.  0.  0.  0. -1.  0.]
 [ 0.  0.  0.  0.  0. -1.]
 [ 0.  0.  0.  0.  0.  1.]
 [ 0.  0.  0.  0.  1.  0.]
 [ 0.  0.  0.  1.  0.  0.]]
Slicing  [2. 2. 0.]  to  [1. 2. 0.]
Slicing  [2. 2. 0.]  to  [2. 1. 0.]
Slicing  [2. 2. 0.]  to  [ 2.  2. -1.]
Slicing  [2. 2. 0.]  to  [2. 2. 1.]
Slicing  [2. 2. 0.]  to  [2. 3. 0.]


Processed: 859/1952 (44.01%) | Elapsed: 00:40:17 | BZ Folding estimated remaining time: 00:51:16


Slicing  [2. 2. 0.]  to  [3. 2. 0.]
Processing BZ [2 2 0], path segments from X to U

24 symmetrically equivalent path segments
[[-1.    0.    0.   -1.   -0.25 -0.25]
 [-1.    0.    0.   -1.   -0.25  0.25]
 [-1.    0.    0.   -1.    0.25 -0.25]
 [-1.    0.    0.   -1.    0.25  0.25]
 [ 0.   -1.    0.   -0.25 -1.   -0.25]
 [ 0.   -1.    0.   -0.25 -1.    0.25]
 [ 0.   -1.    0.    0.25 -1.   -0.25]
 [ 0.   -1.    0.    0.25 -1.    0.25]
 [ 0.    0.   -1.   -0.25 -0.25 -1.  ]
 [ 0.    0.   -1.   -0.25  0.25 -1.  ]
 [ 0.    0.   -1.    0.25 -0.25 -1.  ]
 [ 0.    0.   -1.    0.25  0.25 -1.  ]
 [ 0.    0.    1.   -0.25 -0.25  1.  ]
 [ 0.    0.    1.   -0.25  0.25  1.  ]
 [ 0.    0.    1.    0.25 -0.25  1.  ]
 [ 0.    0.    1.    0.25  0.25  1.  ]
 [ 0.    1.    0.   -0.25  1.   -0.25]
 [ 0.    1.    0.   -0.25  1.    0.25]
 [ 0.    1.    0.    0.25  1.   -0.25]
 [ 0.    1.    0.    0.25  1.    0.25]
 [ 1.    0.    0.    1.   -0.25 -0.25]
 [ 1.    0.    0.    1.   -0.25  0.25]
 [ 1.    0.    0.    1.    0.25 -0.25]
 [ 1.    0.    0.    1.    0.25  0.25]]
Slicing  [1. 2. 0.]  to  [ 1.    1.75 -0.25]
Slicing  [1. 2. 0.]  to  [1.   1.75 0.25]
Slicing  [1. 2. 0.]  to  [ 1.    2.25 -0.25]
Slicing  [1. 2. 0.]  to  [1.   2.25 0.25]
Slicing  [2. 1. 0.]  to  [ 1.75  1.   -0.25]
Slicing  [2. 1. 0.]  to  [1.75 1.   0.25]
Slicing  [2. 1. 0.]  to  [ 2.25  1.   -0.25]
Slicing  [2. 1. 0.]  to  [2.25 1.   0.25]
Slicing  [ 2.  2. -1.]  to  [ 1.75  1.75 -1.  ]
Slicing  [ 2.  2. -1.]  to  [ 1.75  2.25 -1.  ]
Slicing  [ 2.  2. -1.]  to  [ 2.25  1.75 -1.  ]
Slicing  [ 2.  2. -1.]  to  [ 2.25  2.25 -1.  ]
Slicing  [2. 2. 1.]  to  [1.75 1.75 1.  ]
Slicing  [2. 2. 1.]  to  [1.75 2.25 1.  ]
Slicing  [2. 2. 1.]  to  [2.25 1.75 1.  ]
Slicing  [2. 2. 1.]  to  [2.25 2.25 1.  ]
Slicing  [2. 3. 0.]  to  [ 1.75  3.   -0.25]
Slicing  [2. 3. 0.]  to  [1.75 3.   0.25]
Slicing  [2. 3. 0.]  to  [ 2.25  3.   -0.25]
Slicing  [2. 3. 0.]  to  [2.25 3.   0.25]
Slicing  [3. 2. 0.]  to  [ 3.    1.75 -0.25]
Slicing  [3. 2. 0.]  to  [3.   1.75 0.25]
Slicing  [3. 2. 0.]  to  [ 3.    2.25 -0.25]
Slicing  [3. 2. 0.]  to  [3.   2.25 0.25]
Processing BZ [2 2 0], path segments from K to Gamma

12 symmetrically equivalent path segments
[[-0.75 -0.75  0.    0.    0.    0.  ]
 [-0.75  0.   -0.75  0.    0.    0.  ]
 [-0.75  0.    0.75  0.    0.    0.  ]
 [-0.75  0.75  0.    0.    0.    0.  ]
 [ 0.   -0.75 -0.75  0.    0.    0.  ]
 [ 0.   -0.75  0.75  0.    0.    0.  ]
 [ 0.    0.75 -0.75  0.    0.    0.  ]
 [ 0.    0.75  0.75  0.    0.    0.  ]
 [ 0.75 -0.75  0.    0.    0.    0.  ]
 [ 0.75  0.   -0.75  0.    0.    0.  ]
 [ 0.75  0.    0.75  0.    0.    0.  ]
 [ 0.75  0.75  0.    0.    0.    0.  ]]
Slicing  [1.25 1.25 0.  ]  to  [2. 2. 0.]
Slicing  [ 1.25  2.   -0.75]  to  [2. 2. 0.]
Slicing  [1.25 2.   0.75]  to  [2. 2. 0.]
Slicing  [1.25 2.75 0.  ]  to  [2. 2. 0.]
Slicing  [ 2.    1.25 -0.75]  to  [2. 2. 0.]
Slicing  [2.   1.25 0.75]  to  [2. 2. 0.]
Slicing  [ 2.    2.75 -0.75]  to  [2. 2. 0.]
Slicing  [2.   2.75 0.75]  to  [2. 2. 0.]
Slicing  [2.75 1.25 0.  ]  to  [2. 2. 0.]
Slicing  [ 2.75  2.   -0.75]  to  [2. 2. 0.]
Slicing  [2.75 2.   0.75]  to  [2. 2. 0.]
Slicing  [2.75 2.75 0.  ]  to  [2. 2. 0.]
Processing BZ [2 2 0], path segments from Gamma to L

8 symmetrically equivalent path segments
[[ 0.   0.   0.  -0.5 -0.5 -0.5]
 [ 0.   0.   0.  -0.5 -0.5  0.5]
 [ 0.   0.   0.  -0.5  0.5 -0.5]
 [ 0.   0.   0.  -0.5  0.5  0.5]
 [ 0.   0.   0.   0.5 -0.5 -0.5]
 [ 0.   0.   0.   0.5 -0.5  0.5]
 [ 0.   0.   0.   0.5  0.5 -0.5]
 [ 0.   0.   0.   0.5  0.5  0.5]]
Slicing  [2. 2. 0.]  to  [ 1.5  1.5 -0.5]
Slicing  [2. 2. 0.]  to  [1.5 1.5 0.5]


Processed: 898/1952 (46.00%) | Elapsed: 00:42:07 | BZ Folding estimated remaining time: 00:49:26


Slicing  [2. 2. 0.]  to  [ 1.5  2.5 -0.5]
Slicing  [2. 2. 0.]  to  [1.5 2.5 0.5]
Slicing  [2. 2. 0.]  to  [ 2.5  1.5 -0.5]
Slicing  [2. 2. 0.]  to  [2.5 1.5 0.5]
Slicing  [2. 2. 0.]  to  [ 2.5  2.5 -0.5]
Slicing  [2. 2. 0.]  to  [2.5 2.5 0.5]
Processing BZ [2 2 0], path segments from L to W

48 symmetrically equivalent path segments
[[-0.5 -0.5 -0.5 -1.  -0.5  0. ]
 [-0.5 -0.5 -0.5 -1.   0.  -0.5]
 [-0.5 -0.5 -0.5 -0.5 -1.   0. ]
 [-0.5 -0.5 -0.5 -0.5  0.  -1. ]
 [-0.5 -0.5 -0.5  0.  -1.  -0.5]
 [-0.5 -0.5 -0.5  0.  -0.5 -1. ]
 [-0.5 -0.5  0.5 -1.  -0.5  0. ]
 [-0.5 -0.5  0.5 -1.   0.   0.5]
 [-0.5 -0.5  0.5 -0.5 -1.   0. ]
 [-0.5 -0.5  0.5 -0.5  0.   1. ]
 [-0.5 -0.5  0.5  0.  -1.   0.5]
 [-0.5 -0.5  0.5  0.  -0.5  1. ]
 [-0.5  0.5 -0.5 -1.   0.  -0.5]
 [-0.5  0.5 -0.5 -1.   0.5  0. ]
 [-0.5  0.5 -0.5 -0.5  0.  -1. ]
 [-0.5  0.5 -0.5 -0.5  1.   0. ]
 [-0.5  0.5 -0.5  0.   0.5 -1. ]
 [-0.5  0.5 -0.5  0.   1.  -0.5]
 [-0.5  0.5  0.5 -1.   0.   0.5]
 [-0.5  0.5  0.5 -1.   0.5  0. ]
 [-0.5  0.5  0.5 -0.5  0.   1. ]
 [-0.5  0.5  0.5 -0.5  1.   0. ]
 [-0.5  0.5  0.5  0.   0.5  1. ]
 [-0.5  0.5  0.5  0.   1.   0.5]
 [ 0.5 -0.5 -0.5  0.  -1.  -0.5]
 [ 0.5 -0.5 -0.5  0.  -0.5 -1. ]
 [ 0.5 -0.5 -0.5  0.5 -1.   0. ]
 [ 0.5 -0.5 -0.5  0.5  0.  -1. ]
 [ 0.5 -0.5 -0.5  1.  -0.5  0. ]
 [ 0.5 -0.5 -0.5  1.   0.  -0.5]
 [ 0.5 -0.5  0.5  0.  -1.   0.5]
 [ 0.5 -0.5  0.5  0.  -0.5  1. ]
 [ 0.5 -0.5  0.5  0.5 -1.   0. ]
 [ 0.5 -0.5  0.5  0.5  0.   1. ]
 [ 0.5 -0.5  0.5  1.  -0.5  0. ]
 [ 0.5 -0.5  0.5  1.   0.   0.5]
 [ 0.5  0.5 -0.5  0.   0.5 -1. ]
 [ 0.5  0.5 -0.5  0.   1.  -0.5]
 [ 0.5  0.5 -0.5  0.5  0.  -1. ]
 [ 0.5  0.5 -0.5  0.5  1.   0. ]
 [ 0.5  0.5 -0.5  1.   0.  -0.5]
 [ 0.5  0.5 -0.5  1.   0.5  0. ]
 [ 0.5  0.5  0.5  0.   0.5  1. ]
 [ 0.5  0.5  0.5  0.   1.   0.5]
 [ 0.5  0.5  0.5  0.5  0.   1. ]
 [ 0.5  0.5  0.5  0.5  1.   0. ]
 [ 0.5  0.5  0.5  1.   0.   0.5]
 [ 0.5  0.5  0.5  1.   0.5  0. ]]
Slicing  [ 1.5  1.5 -0.5]  to  [1.  1.5 0. ]
Slicing  [ 1.5  1.5 -0.5]  to  [ 1.   2.  -0.5]
Slicing  [ 1.5  1.5 -0.5]  to  [1.5 1.  0. ]
Slicing  [ 1.5  1.5 -0.5]  to  [ 1.5  2.  -1. ]
Slicing  [ 1.5  1.5 -0.5]  to  [ 2.   1.  -0.5]
Slicing  [ 1.5  1.5 -0.5]  to  [ 2.   1.5 -1. ]
Slicing  [1.5 1.5 0.5]  to  [1.  1.5 0. ]
Slicing  [1.5 1.5 0.5]  to  [1.  2.  0.5]
Slicing  [1.5 1.5 0.5]  to  [1.5 1.  0. ]
Slicing  [1.5 1.5 0.5]  to  [1.5 2.  1. ]
Slicing  [1.5 1.5 0.5]  to  [2.  1.  0.5]
Slicing  [1.5 1.5 0.5]  to  [2.  1.5 1. ]
Slicing  [ 1.5  2.5 -0.5]  to  [ 1.   2.  -0.5]
Slicing  [ 1.5  2.5 -0.5]  to  [1.  2.5 0. ]
Slicing  [ 1.5  2.5 -0.5]  to  [ 1.5  2.  -1. ]
Slicing  [ 1.5  2.5 -0.5]  to  [1.5 3.  0. ]
Slicing  [ 1.5  2.5 -0.5]  to  [ 2.   2.5 -1. ]
Slicing  [ 1.5  2.5 -0.5]  to  [ 2.   3.  -0.5]
Slicing  [1.5 2.5 0.5]  to  [1.  2.  0.5]
Slicing  [1.5 2.5 0.5]  to  [1.  2.5 0. ]
Slicing  [1.5 2.5 0.5]  to  [1.5 2.  1. ]
Slicing  [1.5 2.5 0.5]  to  [1.5 3.  0. ]
Slicing  [1.5 2.5 0.5]  to  [2.  2.5 1. ]
Slicing  [1.5 2.5 0.5]  to  [2.  3.  0.5]
Slicing  [ 2.5  1.5 -0.5]  to  [ 2.   1.  -0.5]
Slicing  [ 2.5  1.5 -0.5]  to  [ 2.   1.5 -1. ]
Slicing  [ 2.5  1.5 -0.5]  to  [2.5 1.  0. ]
Slicing  [ 2.5  1.5 -0.5]  to  [ 2.5  2.  -1. ]
Slicing  [ 2.5  1.5 -0.5]  to  [3.  1.5 0. ]
Slicing  [ 2.5  1.5 -0.5]  to  [ 3.   2.  -0.5]
Slicing  [2.5 1.5 0.5]  to  [2.  1.  0.5]
Slicing  [2.5 1.5 0.5]  to  [2.  1.5 1. ]
Slicing  [2.5 1.5 0.5]  to  [2.5 1.  0. ]


Processed: 937/1952 (48.00%) | Elapsed: 00:43:54 | BZ Folding estimated remaining time: 00:47:34


Slicing  [2.5 1.5 0.5]  to  [2.5 2.  1. ]
Slicing  [2.5 1.5 0.5]  to  [3.  1.5 0. ]
Slicing  [2.5 1.5 0.5]  to  [3.  2.  0.5]
Slicing  [ 2.5  2.5 -0.5]  to  [ 2.   2.5 -1. ]
Slicing  [ 2.5  2.5 -0.5]  to  [ 2.   3.  -0.5]
Slicing  [ 2.5  2.5 -0.5]  to  [ 2.5  2.  -1. ]
Slicing  [ 2.5  2.5 -0.5]  to  [2.5 3.  0. ]
Slicing  [ 2.5  2.5 -0.5]  to  [ 3.   2.  -0.5]
Slicing  [ 2.5  2.5 -0.5]  to  [3.  2.5 0. ]
Slicing  [2.5 2.5 0.5]  to  [2.  2.5 1. ]
Slicing  [2.5 2.5 0.5]  to  [2.  3.  0.5]
Slicing  [2.5 2.5 0.5]  to  [2.5 2.  1. ]
Slicing  [2.5 2.5 0.5]  to  [2.5 3.  0. ]
Slicing  [2.5 2.5 0.5]  to  [3.  2.  0.5]
Slicing  [2.5 2.5 0.5]  to  [3.  2.5 0. ]
Processing BZ [2 2 0], path segments from W to X

24 symmetrically equivalent path segments
[[-1.  -0.5  0.  -1.   0.   0. ]
 [-1.   0.  -0.5 -1.   0.   0. ]
 [-1.   0.   0.5 -1.   0.   0. ]
 [-1.   0.5  0.  -1.   0.   0. ]
 [-0.5 -1.   0.   0.  -1.   0. ]
 [-0.5  0.  -1.   0.   0.  -1. ]
 [-0.5  0.   1.   0.   0.   1. ]
 [-0.5  1.   0.   0.   1.   0. ]
 [ 0.  -1.  -0.5  0.  -1.   0. ]
 [ 0.  -1.   0.5  0.  -1.   0. ]
 [ 0.  -0.5 -1.   0.   0.  -1. ]
 [ 0.  -0.5  1.   0.   0.   1. ]
 [ 0.   0.5 -1.   0.   0.  -1. ]
 [ 0.   0.5  1.   0.   0.   1. ]
 [ 0.   1.  -0.5  0.   1.   0. ]
 [ 0.   1.   0.5  0.   1.   0. ]
 [ 0.5 -1.   0.   0.  -1.   0. ]
 [ 0.5  0.  -1.   0.   0.  -1. ]
 [ 0.5  0.   1.   0.   0.   1. ]
 [ 0.5  1.   0.   0.   1.   0. ]
 [ 1.  -0.5  0.   1.   0.   0. ]
 [ 1.   0.  -0.5  1.   0.   0. ]
 [ 1.   0.   0.5  1.   0.   0. ]
 [ 1.   0.5  0.   1.   0.   0. ]]
Slicing  [1.  1.5 0. ]  to  [1. 2. 0.]
Slicing  [ 1.   2.  -0.5]  to  [1. 2. 0.]
Slicing  [1.  2.  0.5]  to  [1. 2. 0.]
Slicing  [1.  2.5 0. ]  to  [1. 2. 0.]
Slicing  [1.5 1.  0. ]  to  [2. 1. 0.]
Slicing  [ 1.5  2.  -1. ]  to  [ 2.  2. -1.]
Slicing  [1.5 2.  1. ]  to  [2. 2. 1.]
Slicing  [1.5 3.  0. ]  to  [2. 3. 0.]
Slicing  [ 2.   1.  -0.5]  to  [2. 1. 0.]
Slicing  [2.  1.  0.5]  to  [2. 1. 0.]
Slicing  [ 2.   1.5 -1. ]  to  [ 2.  2. -1.]
Slicing  [2.  1.5 1. ]  to  [2. 2. 1.]
Slicing  [ 2.   2.5 -1. ]  to  [ 2.  2. -1.]
Slicing  [2.  2.5 1. ]  to  [2. 2. 1.]
Slicing  [ 2.   3.  -0.5]  to  [2. 3. 0.]
Slicing  [2.  3.  0.5]  to  [2. 3. 0.]
Slicing  [2.5 1.  0. ]  to  [2. 1. 0.]
Slicing  [ 2.5  2.  -1. ]  to  [ 2.  2. -1.]
Slicing  [2.5 2.  1. ]  to  [2. 2. 1.]
Slicing  [2.5 3.  0. ]  to  [2. 3. 0.]
Slicing  [3.  1.5 0. ]  to  [3. 2. 0.]
Slicing  [ 3.   2.  -0.5]  to  [3. 2. 0.]
Slicing  [3.  2.  0.5]  to  [3. 2. 0.]
Slicing  [3.  2.5 0. ]  to  [3. 2. 0.]


Processed: 976/1952 (50.00%) | Elapsed: 00:45:43 | BZ Folding estimated remaining time: 00:45:43



Generating Report for BZ [2 2 0]
Warning: No valid data in segment Gamma2X_BZ[2 2 0]_final.nxs, skipping percentile calculation.
Warning: No valid data in segment X2U_BZ[2 2 0]_final.nxs, skipping percentile calculation.
Warning: No valid data in segment W2X_BZ[2 2 0]_final.nxs, skipping percentile calculation.

Combining all 7 BZ

BZ [2 2 0] done. Total time elapsed 00:46:22
Processing BZ [-2 -2  0], path segments from Gamma to X

6 symmetrically equivalent path segments
[[ 0.  0.  0. -1.  0.  0.]
 [ 0.  0.  0.  0. -1.  0.]
 [ 0.  0.  0.  0.  0. -1.]
 [ 0.  0.  0.  0.  0.  1.]
 [ 0.  0.  0.  0.  1.  0.]
 [ 0.  0.  0.  1.  0.  0.]]
Slicing  [-2. -2.  0.]  to  [-3. -2.  0.]
Slicing  [-2. -2.  0.]  to  [-2. -3.  0.]
Slicing  [-2. -2.  0.]  to  [-2. -2. -1.]
Slicing  [-2. -2.  0.]  to  [-2. -2.  1.]
Slicing  [-2. -2.  0.]  to  [-2. -1.  0.]
Slicing  [-2. -2.  0.]  to  [-1. -2.  0.]
Processing BZ [-2 -2  0], path segments from X to U

24 symmetrically equivalent path segments
[[-1.    0.    0.   -1.   -0.25 -0.25]
 [-1.    0.    0.   -1.   -0.25  0.25]
 [-1.    0.    0.   -1.    0.25 -0.25]
 [-1.    0.    0.   -1.    0.25  0.25]
 [ 0.   -1.    0.   -0.25 -1.   -0.25]
 [ 0.   -1.    0.   -0.25 -1.    0.25]
 [ 0.   -1.    0.    0.25 -1.   -0.25]
 [ 0.   -1.    0.    0.25 -1.    0.25]
 [ 0.    0.   -1.   -0.25 -0.25 -1.  ]
 [ 0.    0.   -1.   -0.25  0.25 -1.  ]
 [ 0.    0.   -1.    0.25 -0.25 -1.  ]
 [ 0.    0.   -1.    0.25  0.25 -1.  ]
 [ 0.    0.    1.   -0.25 -0.25  1.  ]
 [ 0.    0.    1.   -0.25  0.25  1.  ]
 [ 0.    0.    1.    0.25 -0.25  1.  ]
 [ 0.    0.    1.    0.25  0.25  1.  ]
 [ 0.    1.    0.   -0.25  1.   -0.25]
 [ 0.    1.    0.   -0.25  1.    0.25]
 [ 0.    1.    0.    0.25  1.   -0.25]
 [ 0.    1.    0.    0.25  1.    0.25]
 [ 1.    0.    0.    1.   -0.25 -0.25]
 [ 1.    0.    0.    1.   -0.25  0.25]
 [ 1.    0.    0.    1.    0.25 -0.25]
 [ 1.    0.    0.    1.    0.25  0.25]]
Slicing  [-3. -2.  0.]  to  [-3.   -2.25 -0.25]
Slicing  [-3. -2.  0.]  to  [-3.   -2.25  0.25]
Slicing  [-3. -2.  0.]  to  [-3.   -1.75 -0.25]
Slicing  [-3. -2.  0.]  to  [-3.   -1.75  0.25]
Slicing  [-2. -3.  0.]  to  [-2.25 -3.   -0.25]
Slicing  [-2. -3.  0.]  to  [-2.25 -3.    0.25]
Slicing  [-2. -3.  0.]  to  [-1.75 -3.   -0.25]
Slicing  [-2. -3.  0.]  to  [-1.75 -3.    0.25]
Slicing  [-2. -2. -1.]  to  [-2.25 -2.25 -1.  ]
Slicing  [-2. -2. -1.]  to  [-2.25 -1.75 -1.  ]
Slicing  [-2. -2. -1.]  to  [-1.75 -2.25 -1.  ]
Slicing  [-2. -2. -1.]  to  [-1.75 -1.75 -1.  ]
Slicing  [-2. -2.  1.]  to  [-2.25 -2.25  1.  ]
Slicing  [-2. -2.  1.]  to  [-2.25 -1.75  1.  ]
Slicing  [-2. -2.  1.]  to  [-1.75 -2.25  1.  ]
Slicing  [-2. -2.  1.]  to  [-1.75 -1.75  1.  ]
Slicing  [-2. -1.  0.]  to  [-2.25 -1.   -0.25]
Slicing  [-2. -1.  0.]  to  [-2.25 -1.    0.25]
Slicing  [-2. -1.  0.]  to  [-1.75 -1.   -0.25]
Slicing  [-2. -1.  0.]  to  [-1.75 -1.    0.25]
Slicing  [-1. -2.  0.]  to  [-1.   -2.25 -0.25]
Slicing  [-1. -2.  0.]  to  [-1.   -2.25  0.25]
Slicing  [-1. -2.  0.]  to  [-1.   -1.75 -0.25]
Slicing  [-1. -2.  0.]  to  [-1.   -1.75  0.25]
Processing BZ [-2 -2  0], path segments from K to Gamma

12 symmetrically equivalent path segments
[[-0.75 -0.75  0.    0.    0.    0.  ]
 [-0.75  0.   -0.75  0.    0.    0.  ]
 [-0.75  0.    0.75  0.    0.    0.  ]
 [-0.75  0.75  0.    0.    0.    0.  ]
 [ 0.   -0.75 -0.75  0.    0.    0.  ]
 [ 0.   -0.75  0.75  0.    0.    0.  ]
 [ 0.    0.75 -0.75  0.    0.    0.  ]
 [ 0.    0.75  0.75  0.    0.    0.  ]
 [ 0.75 -0.75  0.    0.    0.    0.  ]
 [ 0.75  0.   -0.75  0.    0.    0.  ]
 [ 0.75  0.    0.75  0.    0.    0.  ]
 [ 0.75  0.75  0.    0.    0.    0.  ]]
Slicing  [-2.75 -2.75  0.  ]  to  [-2. -2.  0.]
Slicing  [-2.75 -2.   -0.75]  to  [-2. -2.  0.]
Slicing  [-2.75 -2.    0.75]  to  [-2. -2.  0.]
Slicing  [-2.75 -1.25  0.  ]  to  [-2. -2.  0.]
Slicing  [-2.   -2.75 -0.75]  to  [-2. -2.  0.]
Slicing  [-2.   -2.75  0.75]  to  [-2. -2.  0.]
Slicing  [-2.   -1.25 -0.75]  to  [-2. -2.  0.]
Slicing  [-2.   -1.25  0.75]  to  [-2. -2.  0.]
Slicing  [-1.25 -2.75  0.  ]  to  [-2. -2.  0.]
Slicing  [-1.25 -2.   -0.75]  to  [-2. -2.  0.]


Processed: 1016/1952 (52.05%) | Elapsed: 00:47:46 | BZ Folding estimated remaining time: 00:44:01


Slicing  [-1.25 -2.    0.75]  to  [-2. -2.  0.]
Slicing  [-1.25 -1.25  0.  ]  to  [-2. -2.  0.]
Processing BZ [-2 -2  0], path segments from Gamma to L

8 symmetrically equivalent path segments
[[ 0.   0.   0.  -0.5 -0.5 -0.5]
 [ 0.   0.   0.  -0.5 -0.5  0.5]
 [ 0.   0.   0.  -0.5  0.5 -0.5]
 [ 0.   0.   0.  -0.5  0.5  0.5]
 [ 0.   0.   0.   0.5 -0.5 -0.5]
 [ 0.   0.   0.   0.5 -0.5  0.5]
 [ 0.   0.   0.   0.5  0.5 -0.5]
 [ 0.   0.   0.   0.5  0.5  0.5]]
Slicing  [-2. -2.  0.]  to  [-2.5 -2.5 -0.5]
Slicing  [-2. -2.  0.]  to  [-2.5 -2.5  0.5]
Slicing  [-2. -2.  0.]  to  [-2.5 -1.5 -0.5]
Slicing  [-2. -2.  0.]  to  [-2.5 -1.5  0.5]
Slicing  [-2. -2.  0.]  to  [-1.5 -2.5 -0.5]
Slicing  [-2. -2.  0.]  to  [-1.5 -2.5  0.5]
Slicing  [-2. -2.  0.]  to  [-1.5 -1.5 -0.5]
Slicing  [-2. -2.  0.]  to  [-1.5 -1.5  0.5]
Processing BZ [-2 -2  0], path segments from L to W

48 symmetrically equivalent path segments
[[-0.5 -0.5 -0.5 -1.  -0.5  0. ]
 [-0.5 -0.5 -0.5 -1.   0.  -0.5]
 [-0.5 -0.5 -0.5 -0.5 -1.   0. ]
 [-0.5 -0.5 -0.5 -0.5  0.  -1. ]
 [-0.5 -0.5 -0.5  0.  -1.  -0.5]
 [-0.5 -0.5 -0.5  0.  -0.5 -1. ]
 [-0.5 -0.5  0.5 -1.  -0.5  0. ]
 [-0.5 -0.5  0.5 -1.   0.   0.5]
 [-0.5 -0.5  0.5 -0.5 -1.   0. ]
 [-0.5 -0.5  0.5 -0.5  0.   1. ]
 [-0.5 -0.5  0.5  0.  -1.   0.5]
 [-0.5 -0.5  0.5  0.  -0.5  1. ]
 [-0.5  0.5 -0.5 -1.   0.  -0.5]
 [-0.5  0.5 -0.5 -1.   0.5  0. ]
 [-0.5  0.5 -0.5 -0.5  0.  -1. ]
 [-0.5  0.5 -0.5 -0.5  1.   0. ]
 [-0.5  0.5 -0.5  0.   0.5 -1. ]
 [-0.5  0.5 -0.5  0.   1.  -0.5]
 [-0.5  0.5  0.5 -1.   0.   0.5]
 [-0.5  0.5  0.5 -1.   0.5  0. ]
 [-0.5  0.5  0.5 -0.5  0.   1. ]
 [-0.5  0.5  0.5 -0.5  1.   0. ]
 [-0.5  0.5  0.5  0.   0.5  1. ]
 [-0.5  0.5  0.5  0.   1.   0.5]
 [ 0.5 -0.5 -0.5  0.  -1.  -0.5]
 [ 0.5 -0.5 -0.5  0.  -0.5 -1. ]
 [ 0.5 -0.5 -0.5  0.5 -1.   0. ]
 [ 0.5 -0.5 -0.5  0.5  0.  -1. ]
 [ 0.5 -0.5 -0.5  1.  -0.5  0. ]
 [ 0.5 -0.5 -0.5  1.   0.  -0.5]
 [ 0.5 -0.5  0.5  0.  -1.   0.5]
 [ 0.5 -0.5  0.5  0.  -0.5  1. ]
 [ 0.5 -0.5  0.5  0.5 -1.   0. ]
 [ 0.5 -0.5  0.5  0.5  0.   1. ]
 [ 0.5 -0.5  0.5  1.  -0.5  0. ]
 [ 0.5 -0.5  0.5  1.   0.   0.5]
 [ 0.5  0.5 -0.5  0.   0.5 -1. ]
 [ 0.5  0.5 -0.5  0.   1.  -0.5]
 [ 0.5  0.5 -0.5  0.5  0.  -1. ]
 [ 0.5  0.5 -0.5  0.5  1.   0. ]
 [ 0.5  0.5 -0.5  1.   0.  -0.5]
 [ 0.5  0.5 -0.5  1.   0.5  0. ]
 [ 0.5  0.5  0.5  0.   0.5  1. ]
 [ 0.5  0.5  0.5  0.   1.   0.5]
 [ 0.5  0.5  0.5  0.5  0.   1. ]
 [ 0.5  0.5  0.5  0.5  1.   0. ]
 [ 0.5  0.5  0.5  1.   0.   0.5]
 [ 0.5  0.5  0.5  1.   0.5  0. ]]
Slicing  [-2.5 -2.5 -0.5]  to  [-3.  -2.5  0. ]
Slicing  [-2.5 -2.5 -0.5]  to  [-3.  -2.  -0.5]
Slicing  [-2.5 -2.5 -0.5]  to  [-2.5 -3.   0. ]
Slicing  [-2.5 -2.5 -0.5]  to  [-2.5 -2.  -1. ]
Slicing  [-2.5 -2.5 -0.5]  to  [-2.  -3.  -0.5]
Slicing  [-2.5 -2.5 -0.5]  to  [-2.  -2.5 -1. ]
Slicing  [-2.5 -2.5  0.5]  to  [-3.  -2.5  0. ]
Slicing  [-2.5 -2.5  0.5]  to  [-3.  -2.   0.5]
Slicing  [-2.5 -2.5  0.5]  to  [-2.5 -3.   0. ]
Slicing  [-2.5 -2.5  0.5]  to  [-2.5 -2.   1. ]
Slicing  [-2.5 -2.5  0.5]  to  [-2.  -3.   0.5]
Slicing  [-2.5 -2.5  0.5]  to  [-2.  -2.5  1. ]
Slicing  [-2.5 -1.5 -0.5]  to  [-3.  -2.  -0.5]
Slicing  [-2.5 -1.5 -0.5]  to  [-3.  -1.5  0. ]
Slicing  [-2.5 -1.5 -0.5]  to  [-2.5 -2.  -1. ]
Slicing  [-2.5 -1.5 -0.5]  to  [-2.5 -1.   0. ]
Slicing  [-2.5 -1.5 -0.5]  to  [-2.  -1.5 -1. ]
Slicing  [-2.5 -1.5 -0.5]  to  [-2.  -1.  -0.5]
Slicing  [-2.5 -1.5  0.5]  to  [-3.  -2.   0.5]
Slicing  [-2.5 -1.5  0.5]  to  [-3.  -1.5  0. ]
Slicing  [-2.5 -1.5  0.5]  to  [-2.5 -2.   1. ]
Slicing  [-2.5 -1.5  0.5]  to  [-2.5 -1.   0. ]
Slicing  [-2.5 -1.5  0.5]  to  [-2.  -1.5  1. ]
Slicing  [-2.5 -1.5  0.5]  to  [-2.  -1.   0.5]
Slicing  [-1.5 -2.5 -0.5]  to  [-2.  -3.  -0.5]
Slicing  [-1.5 -2.5 -0.5]  to  [-2.  -2.5 -1. ]
Slicing  [-1.5 -2.5 -0.5]  to  [-1.5 -3.   0. ]
Slicing  [-1.5 -2.5 -0.5]  to  [-1.5 -2.  -1. ]
Slicing  [-1.5 -2.5 -0.5]  to  [-1.  -2.5  0. ]


Processed: 1055/1952 (54.05%) | Elapsed: 00:49:34 | BZ Folding estimated remaining time: 00:42:08


Slicing  [-1.5 -2.5 -0.5]  to  [-1.  -2.  -0.5]
Slicing  [-1.5 -2.5  0.5]  to  [-2.  -3.   0.5]
Slicing  [-1.5 -2.5  0.5]  to  [-2.  -2.5  1. ]
Slicing  [-1.5 -2.5  0.5]  to  [-1.5 -3.   0. ]
Slicing  [-1.5 -2.5  0.5]  to  [-1.5 -2.   1. ]
Slicing  [-1.5 -2.5  0.5]  to  [-1.  -2.5  0. ]
Slicing  [-1.5 -2.5  0.5]  to  [-1.  -2.   0.5]
Slicing  [-1.5 -1.5 -0.5]  to  [-2.  -1.5 -1. ]
Slicing  [-1.5 -1.5 -0.5]  to  [-2.  -1.  -0.5]
Slicing  [-1.5 -1.5 -0.5]  to  [-1.5 -2.  -1. ]
Slicing  [-1.5 -1.5 -0.5]  to  [-1.5 -1.   0. ]
Slicing  [-1.5 -1.5 -0.5]  to  [-1.  -2.  -0.5]
Slicing  [-1.5 -1.5 -0.5]  to  [-1.  -1.5  0. ]
Slicing  [-1.5 -1.5  0.5]  to  [-2.  -1.5  1. ]
Slicing  [-1.5 -1.5  0.5]  to  [-2.  -1.   0.5]
Slicing  [-1.5 -1.5  0.5]  to  [-1.5 -2.   1. ]
Slicing  [-1.5 -1.5  0.5]  to  [-1.5 -1.   0. ]
Slicing  [-1.5 -1.5  0.5]  to  [-1.  -2.   0.5]
Slicing  [-1.5 -1.5  0.5]  to  [-1.  -1.5  0. ]
Processing BZ [-2 -2  0], path segments from W to X

24 symmetrically equivalent path segments
[[-1.  -0.5  0.  -1.   0.   0. ]
 [-1.   0.  -0.5 -1.   0.   0. ]
 [-1.   0.   0.5 -1.   0.   0. ]
 [-1.   0.5  0.  -1.   0.   0. ]
 [-0.5 -1.   0.   0.  -1.   0. ]
 [-0.5  0.  -1.   0.   0.  -1. ]
 [-0.5  0.   1.   0.   0.   1. ]
 [-0.5  1.   0.   0.   1.   0. ]
 [ 0.  -1.  -0.5  0.  -1.   0. ]
 [ 0.  -1.   0.5  0.  -1.   0. ]
 [ 0.  -0.5 -1.   0.   0.  -1. ]
 [ 0.  -0.5  1.   0.   0.   1. ]
 [ 0.   0.5 -1.   0.   0.  -1. ]
 [ 0.   0.5  1.   0.   0.   1. ]
 [ 0.   1.  -0.5  0.   1.   0. ]
 [ 0.   1.   0.5  0.   1.   0. ]
 [ 0.5 -1.   0.   0.  -1.   0. ]
 [ 0.5  0.  -1.   0.   0.  -1. ]
 [ 0.5  0.   1.   0.   0.   1. ]
 [ 0.5  1.   0.   0.   1.   0. ]
 [ 1.  -0.5  0.   1.   0.   0. ]
 [ 1.   0.  -0.5  1.   0.   0. ]
 [ 1.   0.   0.5  1.   0.   0. ]
 [ 1.   0.5  0.   1.   0.   0. ]]
Slicing  [-3.  -2.5  0. ]  to  [-3. -2.  0.]
Slicing  [-3.  -2.  -0.5]  to  [-3. -2.  0.]
Slicing  [-3.  -2.   0.5]  to  [-3. -2.  0.]
Slicing  [-3.  -1.5  0. ]  to  [-3. -2.  0.]
Slicing  [-2.5 -3.   0. ]  to  [-2. -3.  0.]
Slicing  [-2.5 -2.  -1. ]  to  [-2. -2. -1.]
Slicing  [-2.5 -2.   1. ]  to  [-2. -2.  1.]
Slicing  [-2.5 -1.   0. ]  to  [-2. -1.  0.]
Slicing  [-2.  -3.  -0.5]  to  [-2. -3.  0.]
Slicing  [-2.  -3.   0.5]  to  [-2. -3.  0.]
Slicing  [-2.  -2.5 -1. ]  to  [-2. -2. -1.]
Slicing  [-2.  -2.5  1. ]  to  [-2. -2.  1.]
Slicing  [-2.  -1.5 -1. ]  to  [-2. -2. -1.]
Slicing  [-2.  -1.5  1. ]  to  [-2. -2.  1.]
Slicing  [-2.  -1.  -0.5]  to  [-2. -1.  0.]
Slicing  [-2.  -1.   0.5]  to  [-2. -1.  0.]
Slicing  [-1.5 -3.   0. ]  to  [-2. -3.  0.]
Slicing  [-1.5 -2.  -1. ]  to  [-2. -2. -1.]
Slicing  [-1.5 -2.   1. ]  to  [-2. -2.  1.]
Slicing  [-1.5 -1.   0. ]  to  [-2. -1.  0.]


Processed: 1094/1952 (56.05%) | Elapsed: 00:51:21 | BZ Folding estimated remaining time: 00:40:16


Slicing  [-1.  -2.5  0. ]  to  [-1. -2.  0.]
Slicing  [-1.  -2.  -0.5]  to  [-1. -2.  0.]
Slicing  [-1.  -2.   0.5]  to  [-1. -2.  0.]
Slicing  [-1.  -1.5  0. ]  to  [-1. -2.  0.]

Generating Report for BZ [-2 -2  0]
Warning: No valid data in segment Gamma2X_BZ[-2 -2  0]_final.nxs, skipping percentile calculation.
Warning: No valid data in segment X2U_BZ[-2 -2  0]_final.nxs, skipping percentile calculation.
Warning: No valid data in segment W2X_BZ[-2 -2  0]_final.nxs, skipping percentile calculation.

Combining all 8 BZ

BZ [-2 -2  0] done. Total time elapsed 00:52:12
Processing BZ [ 0 -2  0], path segments from Gamma to X

6 symmetrically equivalent path segments
[[ 0.  0.  0. -1.  0.  0.]
 [ 0.  0.  0.  0. -1.  0.]
 [ 0.  0.  0.  0.  0. -1.]
 [ 0.  0.  0.  0.  0.  1.]
 [ 0.  0.  0.  0.  1.  0.]
 [ 0.  0.  0.  1.  0.  0.]]
Slicing  [ 0. -2.  0.]  to  [-1. -2.  0.]
Slicing  [ 0. -2.  0.]  to  [ 0. -3.  0.]
Slicing  [ 0. -2.  0.]  to  [ 0. -2. -1.]
Slicing  [ 0. -2.  0.]  to  [ 0. -2.  1.]
Slicing  [ 0. -2.  0.]  to  [ 0. -1.  0.]
Slicing  [ 0. -2.  0.]  to  [ 1. -2.  0.]
Processing BZ [ 0 -2  0], path segments from X to U

24 symmetrically equivalent path segments
[[-1.    0.    0.   -1.   -0.25 -0.25]
 [-1.    0.    0.   -1.   -0.25  0.25]
 [-1.    0.    0.   -1.    0.25 -0.25]
 [-1.    0.    0.   -1.    0.25  0.25]
 [ 0.   -1.    0.   -0.25 -1.   -0.25]
 [ 0.   -1.    0.   -0.25 -1.    0.25]
 [ 0.   -1.    0.    0.25 -1.   -0.25]
 [ 0.   -1.    0.    0.25 -1.    0.25]
 [ 0.    0.   -1.   -0.25 -0.25 -1.  ]
 [ 0.    0.   -1.   -0.25  0.25 -1.  ]
 [ 0.    0.   -1.    0.25 -0.25 -1.  ]
 [ 0.    0.   -1.    0.25  0.25 -1.  ]
 [ 0.    0.    1.   -0.25 -0.25  1.  ]
 [ 0.    0.    1.   -0.25  0.25  1.  ]
 [ 0.    0.    1.    0.25 -0.25  1.  ]
 [ 0.    0.    1.    0.25  0.25  1.  ]
 [ 0.    1.    0.   -0.25  1.   -0.25]
 [ 0.    1.    0.   -0.25  1.    0.25]
 [ 0.    1.    0.    0.25  1.   -0.25]
 [ 0.    1.    0.    0.25  1.    0.25]
 [ 1.    0.    0.    1.   -0.25 -0.25]
 [ 1.    0.    0.    1.   -0.25  0.25]
 [ 1.    0.    0.    1.    0.25 -0.25]
 [ 1.    0.    0.    1.    0.25  0.25]]
Slicing  [-1. -2.  0.]  to  [-1.   -2.25 -0.25]
Slicing  [-1. -2.  0.]  to  [-1.   -2.25  0.25]
Slicing  [-1. -2.  0.]  to  [-1.   -1.75 -0.25]
Slicing  [-1. -2.  0.]  to  [-1.   -1.75  0.25]
Slicing  [ 0. -3.  0.]  to  [-0.25 -3.   -0.25]
Slicing  [ 0. -3.  0.]  to  [-0.25 -3.    0.25]
Slicing  [ 0. -3.  0.]  to  [ 0.25 -3.   -0.25]
Slicing  [ 0. -3.  0.]  to  [ 0.25 -3.    0.25]
Slicing  [ 0. -2. -1.]  to  [-0.25 -2.25 -1.  ]
Slicing  [ 0. -2. -1.]  to  [-0.25 -1.75 -1.  ]
Slicing  [ 0. -2. -1.]  to  [ 0.25 -2.25 -1.  ]
Slicing  [ 0. -2. -1.]  to  [ 0.25 -1.75 -1.  ]
Slicing  [ 0. -2.  1.]  to  [-0.25 -2.25  1.  ]
Slicing  [ 0. -2.  1.]  to  [-0.25 -1.75  1.  ]
Slicing  [ 0. -2.  1.]  to  [ 0.25 -2.25  1.  ]
Slicing  [ 0. -2.  1.]  to  [ 0.25 -1.75  1.  ]
Slicing  [ 0. -1.  0.]  to  [-0.25 -1.   -0.25]
Slicing  [ 0. -1.  0.]  to  [-0.25 -1.    0.25]
Slicing  [ 0. -1.  0.]  to  [ 0.25 -1.   -0.25]
Slicing  [ 0. -1.  0.]  to  [ 0.25 -1.    0.25]
Slicing  [ 1. -2.  0.]  to  [ 1.   -2.25 -0.25]
Slicing  [ 1. -2.  0.]  to  [ 1.   -2.25  0.25]
Slicing  [ 1. -2.  0.]  to  [ 1.   -1.75 -0.25]
Slicing  [ 1. -2.  0.]  to  [ 1.   -1.75  0.25]
Processing BZ [ 0 -2  0], path segments from K to Gamma

12 symmetrically equivalent path segments
[[-0.75 -0.75  0.    0.    0.    0.  ]
 [-0.75  0.   -0.75  0.    0.    0.  ]
 [-0.75  0.    0.75  0.    0.    0.  ]
 [-0.75  0.75  0.    0.    0.    0.  ]
 [ 0.   -0.75 -0.75  0.    0.    0.  ]
 [ 0.   -0.75  0.75  0.    0.    0.  ]
 [ 0.    0.75 -0.75  0.    0.    0.  ]
 [ 0.    0.75  0.75  0.    0.    0.  ]
 [ 0.75 -0.75  0.    0.    0.    0.  ]
 [ 0.75  0.   -0.75  0.    0.    0.  ]
 [ 0.75  0.    0.75  0.    0.    0.  ]
 [ 0.75  0.75  0.    0.    0.    0.  ]]
Slicing  [-0.75 -2.75  0.  ]  to  [ 0. -2.  0.]
Slicing  [-0.75 -2.   -0.75]  to  [ 0. -2.  0.]
Slicing  [-0.75 -2.    0.75]  to  [ 0. -2.  0.]
Slicing  [-0.75 -1.25  0.  ]  to  [ 0. -2.  0.]
Slicing  [ 0.   -2.75 -0.75]  to  [ 0. -2.  0.]


Processed: 1133/1952 (58.04%) | Elapsed: 00:53:22 | BZ Folding estimated remaining time: 00:38:35


Slicing  [ 0.   -2.75  0.75]  to  [ 0. -2.  0.]
Slicing  [ 0.   -1.25 -0.75]  to  [ 0. -2.  0.]
Slicing  [ 0.   -1.25  0.75]  to  [ 0. -2.  0.]
Slicing  [ 0.75 -2.75  0.  ]  to  [ 0. -2.  0.]
Slicing  [ 0.75 -2.   -0.75]  to  [ 0. -2.  0.]
Slicing  [ 0.75 -2.    0.75]  to  [ 0. -2.  0.]
Slicing  [ 0.75 -1.25  0.  ]  to  [ 0. -2.  0.]
Processing BZ [ 0 -2  0], path segments from Gamma to L

8 symmetrically equivalent path segments
[[ 0.   0.   0.  -0.5 -0.5 -0.5]
 [ 0.   0.   0.  -0.5 -0.5  0.5]
 [ 0.   0.   0.  -0.5  0.5 -0.5]
 [ 0.   0.   0.  -0.5  0.5  0.5]
 [ 0.   0.   0.   0.5 -0.5 -0.5]
 [ 0.   0.   0.   0.5 -0.5  0.5]
 [ 0.   0.   0.   0.5  0.5 -0.5]
 [ 0.   0.   0.   0.5  0.5  0.5]]
Slicing  [ 0. -2.  0.]  to  [-0.5 -2.5 -0.5]
Slicing  [ 0. -2.  0.]  to  [-0.5 -2.5  0.5]
Slicing  [ 0. -2.  0.]  to  [-0.5 -1.5 -0.5]
Slicing  [ 0. -2.  0.]  to  [-0.5 -1.5  0.5]
Slicing  [ 0. -2.  0.]  to  [ 0.5 -2.5 -0.5]
Slicing  [ 0. -2.  0.]  to  [ 0.5 -2.5  0.5]
Slicing  [ 0. -2.  0.]  to  [ 0.5 -1.5 -0.5]
Slicing  [ 0. -2.  0.]  to  [ 0.5 -1.5  0.5]
Processing BZ [ 0 -2  0], path segments from L to W

48 symmetrically equivalent path segments
[[-0.5 -0.5 -0.5 -1.  -0.5  0. ]
 [-0.5 -0.5 -0.5 -1.   0.  -0.5]
 [-0.5 -0.5 -0.5 -0.5 -1.   0. ]
 [-0.5 -0.5 -0.5 -0.5  0.  -1. ]
 [-0.5 -0.5 -0.5  0.  -1.  -0.5]
 [-0.5 -0.5 -0.5  0.  -0.5 -1. ]
 [-0.5 -0.5  0.5 -1.  -0.5  0. ]
 [-0.5 -0.5  0.5 -1.   0.   0.5]
 [-0.5 -0.5  0.5 -0.5 -1.   0. ]
 [-0.5 -0.5  0.5 -0.5  0.   1. ]
 [-0.5 -0.5  0.5  0.  -1.   0.5]
 [-0.5 -0.5  0.5  0.  -0.5  1. ]
 [-0.5  0.5 -0.5 -1.   0.  -0.5]
 [-0.5  0.5 -0.5 -1.   0.5  0. ]
 [-0.5  0.5 -0.5 -0.5  0.  -1. ]
 [-0.5  0.5 -0.5 -0.5  1.   0. ]
 [-0.5  0.5 -0.5  0.   0.5 -1. ]
 [-0.5  0.5 -0.5  0.   1.  -0.5]
 [-0.5  0.5  0.5 -1.   0.   0.5]
 [-0.5  0.5  0.5 -1.   0.5  0. ]
 [-0.5  0.5  0.5 -0.5  0.   1. ]
 [-0.5  0.5  0.5 -0.5  1.   0. ]
 [-0.5  0.5  0.5  0.   0.5  1. ]
 [-0.5  0.5  0.5  0.   1.   0.5]
 [ 0.5 -0.5 -0.5  0.  -1.  -0.5]
 [ 0.5 -0.5 -0.5  0.  -0.5 -1. ]
 [ 0.5 -0.5 -0.5  0.5 -1.   0. ]
 [ 0.5 -0.5 -0.5  0.5  0.  -1. ]
 [ 0.5 -0.5 -0.5  1.  -0.5  0. ]
 [ 0.5 -0.5 -0.5  1.   0.  -0.5]
 [ 0.5 -0.5  0.5  0.  -1.   0.5]
 [ 0.5 -0.5  0.5  0.  -0.5  1. ]
 [ 0.5 -0.5  0.5  0.5 -1.   0. ]
 [ 0.5 -0.5  0.5  0.5  0.   1. ]
 [ 0.5 -0.5  0.5  1.  -0.5  0. ]
 [ 0.5 -0.5  0.5  1.   0.   0.5]
 [ 0.5  0.5 -0.5  0.   0.5 -1. ]
 [ 0.5  0.5 -0.5  0.   1.  -0.5]
 [ 0.5  0.5 -0.5  0.5  0.  -1. ]
 [ 0.5  0.5 -0.5  0.5  1.   0. ]
 [ 0.5  0.5 -0.5  1.   0.  -0.5]
 [ 0.5  0.5 -0.5  1.   0.5  0. ]
 [ 0.5  0.5  0.5  0.   0.5  1. ]
 [ 0.5  0.5  0.5  0.   1.   0.5]
 [ 0.5  0.5  0.5  0.5  0.   1. ]
 [ 0.5  0.5  0.5  0.5  1.   0. ]
 [ 0.5  0.5  0.5  1.   0.   0.5]
 [ 0.5  0.5  0.5  1.   0.5  0. ]]
Slicing  [-0.5 -2.5 -0.5]  to  [-1.  -2.5  0. ]
Slicing  [-0.5 -2.5 -0.5]  to  [-1.  -2.  -0.5]
Slicing  [-0.5 -2.5 -0.5]  to  [-0.5 -3.   0. ]
Slicing  [-0.5 -2.5 -0.5]  to  [-0.5 -2.  -1. ]
Slicing  [-0.5 -2.5 -0.5]  to  [ 0.  -3.  -0.5]
Slicing  [-0.5 -2.5 -0.5]  to  [ 0.  -2.5 -1. ]
Slicing  [-0.5 -2.5  0.5]  to  [-1.  -2.5  0. ]
Slicing  [-0.5 -2.5  0.5]  to  [-1.  -2.   0.5]
Slicing  [-0.5 -2.5  0.5]  to  [-0.5 -3.   0. ]
Slicing  [-0.5 -2.5  0.5]  to  [-0.5 -2.   1. ]
Slicing  [-0.5 -2.5  0.5]  to  [ 0.  -3.   0.5]
Slicing  [-0.5 -2.5  0.5]  to  [ 0.  -2.5  1. ]
Slicing  [-0.5 -1.5 -0.5]  to  [-1.  -2.  -0.5]
Slicing  [-0.5 -1.5 -0.5]  to  [-1.  -1.5  0. ]
Slicing  [-0.5 -1.5 -0.5]  to  [-0.5 -2.  -1. ]
Slicing  [-0.5 -1.5 -0.5]  to  [-0.5 -1.   0. ]
Slicing  [-0.5 -1.5 -0.5]  to  [ 0.  -1.5 -1. ]
Slicing  [-0.5 -1.5 -0.5]  to  [ 0.  -1.  -0.5]
Slicing  [-0.5 -1.5  0.5]  to  [-1.  -2.   0.5]
Slicing  [-0.5 -1.5  0.5]  to  [-1.  -1.5  0. ]
Slicing  [-0.5 -1.5  0.5]  to  [-0.5 -2.   1. ]
Slicing  [-0.5 -1.5  0.5]  to  [-0.5 -1.   0. ]
Slicing  [-0.5 -1.5  0.5]  to  [ 0.  -1.5  1. ]
Slicing  [-0.5 -1.5  0.5]  to  [ 0.  -1.   0.5]


Processed: 1172/1952 (60.04%) | Elapsed: 00:55:10 | BZ Folding estimated remaining time: 00:36:42


Slicing  [ 0.5 -2.5 -0.5]  to  [ 0.  -3.  -0.5]
Slicing  [ 0.5 -2.5 -0.5]  to  [ 0.  -2.5 -1. ]
Slicing  [ 0.5 -2.5 -0.5]  to  [ 0.5 -3.   0. ]
Slicing  [ 0.5 -2.5 -0.5]  to  [ 0.5 -2.  -1. ]
Slicing  [ 0.5 -2.5 -0.5]  to  [ 1.  -2.5  0. ]
Slicing  [ 0.5 -2.5 -0.5]  to  [ 1.  -2.  -0.5]
Slicing  [ 0.5 -2.5  0.5]  to  [ 0.  -3.   0.5]
Slicing  [ 0.5 -2.5  0.5]  to  [ 0.  -2.5  1. ]
Slicing  [ 0.5 -2.5  0.5]  to  [ 0.5 -3.   0. ]
Slicing  [ 0.5 -2.5  0.5]  to  [ 0.5 -2.   1. ]
Slicing  [ 0.5 -2.5  0.5]  to  [ 1.  -2.5  0. ]
Slicing  [ 0.5 -2.5  0.5]  to  [ 1.  -2.   0.5]
Slicing  [ 0.5 -1.5 -0.5]  to  [ 0.  -1.5 -1. ]
Slicing  [ 0.5 -1.5 -0.5]  to  [ 0.  -1.  -0.5]
Slicing  [ 0.5 -1.5 -0.5]  to  [ 0.5 -2.  -1. ]
Slicing  [ 0.5 -1.5 -0.5]  to  [ 0.5 -1.   0. ]
Slicing  [ 0.5 -1.5 -0.5]  to  [ 1.  -2.  -0.5]
Slicing  [ 0.5 -1.5 -0.5]  to  [ 1.  -1.5  0. ]
Slicing  [ 0.5 -1.5  0.5]  to  [ 0.  -1.5  1. ]
Slicing  [ 0.5 -1.5  0.5]  to  [ 0.  -1.   0.5]
Slicing  [ 0.5 -1.5  0.5]  to  [ 0.5 -2.   1. ]
Slicing  [ 0.5 -1.5  0.5]  to  [ 0.5 -1.   0. ]
Slicing  [ 0.5 -1.5  0.5]  to  [ 1.  -2.   0.5]
Slicing  [ 0.5 -1.5  0.5]  to  [ 1.  -1.5  0. ]
Processing BZ [ 0 -2  0], path segments from W to X

24 symmetrically equivalent path segments
[[-1.  -0.5  0.  -1.   0.   0. ]
 [-1.   0.  -0.5 -1.   0.   0. ]
 [-1.   0.   0.5 -1.   0.   0. ]
 [-1.   0.5  0.  -1.   0.   0. ]
 [-0.5 -1.   0.   0.  -1.   0. ]
 [-0.5  0.  -1.   0.   0.  -1. ]
 [-0.5  0.   1.   0.   0.   1. ]
 [-0.5  1.   0.   0.   1.   0. ]
 [ 0.  -1.  -0.5  0.  -1.   0. ]
 [ 0.  -1.   0.5  0.  -1.   0. ]
 [ 0.  -0.5 -1.   0.   0.  -1. ]
 [ 0.  -0.5  1.   0.   0.   1. ]
 [ 0.   0.5 -1.   0.   0.  -1. ]
 [ 0.   0.5  1.   0.   0.   1. ]
 [ 0.   1.  -0.5  0.   1.   0. ]
 [ 0.   1.   0.5  0.   1.   0. ]
 [ 0.5 -1.   0.   0.  -1.   0. ]
 [ 0.5  0.  -1.   0.   0.  -1. ]
 [ 0.5  0.   1.   0.   0.   1. ]
 [ 0.5  1.   0.   0.   1.   0. ]
 [ 1.  -0.5  0.   1.   0.   0. ]
 [ 1.   0.  -0.5  1.   0.   0. ]
 [ 1.   0.   0.5  1.   0.   0. ]
 [ 1.   0.5  0.   1.   0.   0. ]]
Slicing  [-1.  -2.5  0. ]  to  [-1. -2.  0.]
Slicing  [-1.  -2.  -0.5]  to  [-1. -2.  0.]
Slicing  [-1.  -2.   0.5]  to  [-1. -2.  0.]
Slicing  [-1.  -1.5  0. ]  to  [-1. -2.  0.]
Slicing  [-0.5 -3.   0. ]  to  [ 0. -3.  0.]
Slicing  [-0.5 -2.  -1. ]  to  [ 0. -2. -1.]
Slicing  [-0.5 -2.   1. ]  to  [ 0. -2.  1.]
Slicing  [-0.5 -1.   0. ]  to  [ 0. -1.  0.]
Slicing  [ 0.  -3.  -0.5]  to  [ 0. -3.  0.]
Slicing  [ 0.  -3.   0.5]  to  [ 0. -3.  0.]
Slicing  [ 0.  -2.5 -1. ]  to  [ 0. -2. -1.]
Slicing  [ 0.  -2.5  1. ]  to  [ 0. -2.  1.]
Slicing  [ 0.  -1.5 -1. ]  to  [ 0. -2. -1.]
Slicing  [ 0.  -1.5  1. ]  to  [ 0. -2.  1.]
Slicing  [ 0.  -1.  -0.5]  to  [ 0. -1.  0.]


Processed: 1211/1952 (62.04%) | Elapsed: 00:56:56 | BZ Folding estimated remaining time: 00:34:50


Slicing  [ 0.  -1.   0.5]  to  [ 0. -1.  0.]
Slicing  [ 0.5 -3.   0. ]  to  [ 0. -3.  0.]
Slicing  [ 0.5 -2.  -1. ]  to  [ 0. -2. -1.]
Slicing  [ 0.5 -2.   1. ]  to  [ 0. -2.  1.]
Slicing  [ 0.5 -1.   0. ]  to  [ 0. -1.  0.]
Slicing  [ 1.  -2.5  0. ]  to  [ 1. -2.  0.]
Slicing  [ 1.  -2.  -0.5]  to  [ 1. -2.  0.]
Slicing  [ 1.  -2.   0.5]  to  [ 1. -2.  0.]
Slicing  [ 1.  -1.5  0. ]  to  [ 1. -2.  0.]

Generating Report for BZ [ 0 -2  0]
Warning: No valid data in segment Gamma2X_BZ[ 0 -2  0]_final.nxs, skipping percentile calculation.
Warning: No valid data in segment X2U_BZ[ 0 -2  0]_final.nxs, skipping percentile calculation.
Warning: No valid data in segment K2Gamma_BZ[ 0 -2  0]_final.nxs, skipping percentile calculation.
Warning: No valid data in segment Gamma2L_BZ[ 0 -2  0]_final.nxs, skipping percentile calculation.
Warning: No valid data in segment L2W_BZ[ 0 -2  0]_final.nxs, skipping percentile calculation.
Warning: No valid data in segment W2X_BZ[ 0 -2  0]_final.nxs, skipping percentile calculation.

Combining all 9 BZ

BZ [ 0 -2  0] done. Total time elapsed 00:58:00
Processing BZ [-2  0  0], path segments from Gamma to X

6 symmetrically equivalent path segments
[[ 0.  0.  0. -1.  0.  0.]
 [ 0.  0.  0.  0. -1.  0.]
 [ 0.  0.  0.  0.  0. -1.]
 [ 0.  0.  0.  0.  0.  1.]
 [ 0.  0.  0.  0.  1.  0.]
 [ 0.  0.  0.  1.  0.  0.]]
Slicing  [-2.  0.  0.]  to  [-3.  0.  0.]
Slicing  [-2.  0.  0.]  to  [-2. -1.  0.]
Slicing  [-2.  0.  0.]  to  [-2.  0. -1.]
Slicing  [-2.  0.  0.]  to  [-2.  0.  1.]
Slicing  [-2.  0.  0.]  to  [-2.  1.  0.]
Slicing  [-2.  0.  0.]  to  [-1.  0.  0.]
Processing BZ [-2  0  0], path segments from X to U

24 symmetrically equivalent path segments
[[-1.    0.    0.   -1.   -0.25 -0.25]
 [-1.    0.    0.   -1.   -0.25  0.25]
 [-1.    0.    0.   -1.    0.25 -0.25]
 [-1.    0.    0.   -1.    0.25  0.25]
 [ 0.   -1.    0.   -0.25 -1.   -0.25]
 [ 0.   -1.    0.   -0.25 -1.    0.25]
 [ 0.   -1.    0.    0.25 -1.   -0.25]
 [ 0.   -1.    0.    0.25 -1.    0.25]
 [ 0.    0.   -1.   -0.25 -0.25 -1.  ]
 [ 0.    0.   -1.   -0.25  0.25 -1.  ]
 [ 0.    0.   -1.    0.25 -0.25 -1.  ]
 [ 0.    0.   -1.    0.25  0.25 -1.  ]
 [ 0.    0.    1.   -0.25 -0.25  1.  ]
 [ 0.    0.    1.   -0.25  0.25  1.  ]
 [ 0.    0.    1.    0.25 -0.25  1.  ]
 [ 0.    0.    1.    0.25  0.25  1.  ]
 [ 0.    1.    0.   -0.25  1.   -0.25]
 [ 0.    1.    0.   -0.25  1.    0.25]
 [ 0.    1.    0.    0.25  1.   -0.25]
 [ 0.    1.    0.    0.25  1.    0.25]
 [ 1.    0.    0.    1.   -0.25 -0.25]
 [ 1.    0.    0.    1.   -0.25  0.25]
 [ 1.    0.    0.    1.    0.25 -0.25]
 [ 1.    0.    0.    1.    0.25  0.25]]
Slicing  [-3.  0.  0.]  to  [-3.   -0.25 -0.25]
Slicing  [-3.  0.  0.]  to  [-3.   -0.25  0.25]
Slicing  [-3.  0.  0.]  to  [-3.    0.25 -0.25]
Slicing  [-3.  0.  0.]  to  [-3.    0.25  0.25]
Slicing  [-2. -1.  0.]  to  [-2.25 -1.   -0.25]
Slicing  [-2. -1.  0.]  to  [-2.25 -1.    0.25]
Slicing  [-2. -1.  0.]  to  [-1.75 -1.   -0.25]
Slicing  [-2. -1.  0.]  to  [-1.75 -1.    0.25]
Slicing  [-2.  0. -1.]  to  [-2.25 -0.25 -1.  ]
Slicing  [-2.  0. -1.]  to  [-2.25  0.25 -1.  ]
Slicing  [-2.  0. -1.]  to  [-1.75 -0.25 -1.  ]
Slicing  [-2.  0. -1.]  to  [-1.75  0.25 -1.  ]
Slicing  [-2.  0.  1.]  to  [-2.25 -0.25  1.  ]
Slicing  [-2.  0.  1.]  to  [-2.25  0.25  1.  ]
Slicing  [-2.  0.  1.]  to  [-1.75 -0.25  1.  ]
Slicing  [-2.  0.  1.]  to  [-1.75  0.25  1.  ]
Slicing  [-2.  1.  0.]  to  [-2.25  1.   -0.25]
Slicing  [-2.  1.  0.]  to  [-2.25  1.    0.25]
Slicing  [-2.  1.  0.]  to  [-1.75  1.   -0.25]
Slicing  [-2.  1.  0.]  to  [-1.75  1.    0.25]
Slicing  [-1.  0.  0.]  to  [-1.   -0.25 -0.25]
Slicing  [-1.  0.  0.]  to  [-1.   -0.25  0.25]
Slicing  [-1.  0.  0.]  to  [-1.    0.25 -0.25]
Slicing  [-1.  0.  0.]  to  [-1.    0.25  0.25]


Processed: 1250/1952 (64.04%) | Elapsed: 00:58:57 | BZ Folding estimated remaining time: 00:33:06


Processing BZ [-2  0  0], path segments from K to Gamma

12 symmetrically equivalent path segments
[[-0.75 -0.75  0.    0.    0.    0.  ]
 [-0.75  0.   -0.75  0.    0.    0.  ]
 [-0.75  0.    0.75  0.    0.    0.  ]
 [-0.75  0.75  0.    0.    0.    0.  ]
 [ 0.   -0.75 -0.75  0.    0.    0.  ]
 [ 0.   -0.75  0.75  0.    0.    0.  ]
 [ 0.    0.75 -0.75  0.    0.    0.  ]
 [ 0.    0.75  0.75  0.    0.    0.  ]
 [ 0.75 -0.75  0.    0.    0.    0.  ]
 [ 0.75  0.   -0.75  0.    0.    0.  ]
 [ 0.75  0.    0.75  0.    0.    0.  ]
 [ 0.75  0.75  0.    0.    0.    0.  ]]
Slicing  [-2.75 -0.75  0.  ]  to  [-2.  0.  0.]
Slicing  [-2.75  0.   -0.75]  to  [-2.  0.  0.]
Slicing  [-2.75  0.    0.75]  to  [-2.  0.  0.]
Slicing  [-2.75  0.75  0.  ]  to  [-2.  0.  0.]
Slicing  [-2.   -0.75 -0.75]  to  [-2.  0.  0.]
Slicing  [-2.   -0.75  0.75]  to  [-2.  0.  0.]
Slicing  [-2.    0.75 -0.75]  to  [-2.  0.  0.]
Slicing  [-2.    0.75  0.75]  to  [-2.  0.  0.]
Slicing  [-1.25 -0.75  0.  ]  to  [-2.  0.  0.]
Slicing  [-1.25  0.   -0.75]  to  [-2.  0.  0.]
Slicing  [-1.25  0.    0.75]  to  [-2.  0.  0.]
Slicing  [-1.25  0.75  0.  ]  to  [-2.  0.  0.]
Processing BZ [-2  0  0], path segments from Gamma to L

8 symmetrically equivalent path segments
[[ 0.   0.   0.  -0.5 -0.5 -0.5]
 [ 0.   0.   0.  -0.5 -0.5  0.5]
 [ 0.   0.   0.  -0.5  0.5 -0.5]
 [ 0.   0.   0.  -0.5  0.5  0.5]
 [ 0.   0.   0.   0.5 -0.5 -0.5]
 [ 0.   0.   0.   0.5 -0.5  0.5]
 [ 0.   0.   0.   0.5  0.5 -0.5]
 [ 0.   0.   0.   0.5  0.5  0.5]]
Slicing  [-2.  0.  0.]  to  [-2.5 -0.5 -0.5]
Slicing  [-2.  0.  0.]  to  [-2.5 -0.5  0.5]
Slicing  [-2.  0.  0.]  to  [-2.5  0.5 -0.5]
Slicing  [-2.  0.  0.]  to  [-2.5  0.5  0.5]
Slicing  [-2.  0.  0.]  to  [-1.5 -0.5 -0.5]
Slicing  [-2.  0.  0.]  to  [-1.5 -0.5  0.5]
Slicing  [-2.  0.  0.]  to  [-1.5  0.5 -0.5]
Slicing  [-2.  0.  0.]  to  [-1.5  0.5  0.5]
Processing BZ [-2  0  0], path segments from L to W

48 symmetrically equivalent path segments
[[-0.5 -0.5 -0.5 -1.  -0.5  0. ]
 [-0.5 -0.5 -0.5 -1.   0.  -0.5]
 [-0.5 -0.5 -0.5 -0.5 -1.   0. ]
 [-0.5 -0.5 -0.5 -0.5  0.  -1. ]
 [-0.5 -0.5 -0.5  0.  -1.  -0.5]
 [-0.5 -0.5 -0.5  0.  -0.5 -1. ]
 [-0.5 -0.5  0.5 -1.  -0.5  0. ]
 [-0.5 -0.5  0.5 -1.   0.   0.5]
 [-0.5 -0.5  0.5 -0.5 -1.   0. ]
 [-0.5 -0.5  0.5 -0.5  0.   1. ]
 [-0.5 -0.5  0.5  0.  -1.   0.5]
 [-0.5 -0.5  0.5  0.  -0.5  1. ]
 [-0.5  0.5 -0.5 -1.   0.  -0.5]
 [-0.5  0.5 -0.5 -1.   0.5  0. ]
 [-0.5  0.5 -0.5 -0.5  0.  -1. ]
 [-0.5  0.5 -0.5 -0.5  1.   0. ]
 [-0.5  0.5 -0.5  0.   0.5 -1. ]
 [-0.5  0.5 -0.5  0.   1.  -0.5]
 [-0.5  0.5  0.5 -1.   0.   0.5]
 [-0.5  0.5  0.5 -1.   0.5  0. ]
 [-0.5  0.5  0.5 -0.5  0.   1. ]
 [-0.5  0.5  0.5 -0.5  1.   0. ]
 [-0.5  0.5  0.5  0.   0.5  1. ]
 [-0.5  0.5  0.5  0.   1.   0.5]
 [ 0.5 -0.5 -0.5  0.  -1.  -0.5]
 [ 0.5 -0.5 -0.5  0.  -0.5 -1. ]
 [ 0.5 -0.5 -0.5  0.5 -1.   0. ]
 [ 0.5 -0.5 -0.5  0.5  0.  -1. ]
 [ 0.5 -0.5 -0.5  1.  -0.5  0. ]
 [ 0.5 -0.5 -0.5  1.   0.  -0.5]
 [ 0.5 -0.5  0.5  0.  -1.   0.5]
 [ 0.5 -0.5  0.5  0.  -0.5  1. ]
 [ 0.5 -0.5  0.5  0.5 -1.   0. ]
 [ 0.5 -0.5  0.5  0.5  0.   1. ]
 [ 0.5 -0.5  0.5  1.  -0.5  0. ]
 [ 0.5 -0.5  0.5  1.   0.   0.5]
 [ 0.5  0.5 -0.5  0.   0.5 -1. ]
 [ 0.5  0.5 -0.5  0.   1.  -0.5]
 [ 0.5  0.5 -0.5  0.5  0.  -1. ]
 [ 0.5  0.5 -0.5  0.5  1.   0. ]
 [ 0.5  0.5 -0.5  1.   0.  -0.5]
 [ 0.5  0.5 -0.5  1.   0.5  0. ]
 [ 0.5  0.5  0.5  0.   0.5  1. ]
 [ 0.5  0.5  0.5  0.   1.   0.5]
 [ 0.5  0.5  0.5  0.5  0.   1. ]
 [ 0.5  0.5  0.5  0.5  1.   0. ]
 [ 0.5  0.5  0.5  1.   0.   0.5]
 [ 0.5  0.5  0.5  1.   0.5  0. ]]
Slicing  [-2.5 -0.5 -0.5]  to  [-3.  -0.5  0. ]
Slicing  [-2.5 -0.5 -0.5]  to  [-3.   0.  -0.5]
Slicing  [-2.5 -0.5 -0.5]  to  [-2.5 -1.   0. ]
Slicing  [-2.5 -0.5 -0.5]  to  [-2.5  0.  -1. ]
Slicing  [-2.5 -0.5 -0.5]  to  [-2.  -1.  -0.5]
Slicing  [-2.5 -0.5 -0.5]  to  [-2.  -0.5 -1. ]
Slicing  [-2.5 -0.5  0.5]  to  [-3.  -0.5  0. ]
Slicing  [-2.5 -0.5  0.5]  to  [-3.   0.   0.5]
Slicing  [-2.5 -0.5  0.5]  to  [-2.5 -1.   0. ]
Slicing  [-2.5 -0.5  0.5]  to  [-2.5  0.   1. ]
Slicing  [-2.5 -0.5  0.5]  to  [-2.  -1.   0.5]
Slicing  [-2.5 -0.5  0.5]  to  [-2.  -0.5  1. ]
Slicing  [-2.5  0.5 -0.5]  to  [-3.   0.  -0.5]
Slicing  [-2.5  0.5 -0.5]  to  [-3.   0.5  0. ]
Slicing  [-2.5  0.5 -0.5]  to  [-2.5  0.  -1. ]
Slicing  [-2.5  0.5 -0.5]  to  [-2.5  1.   0. ]
Slicing  [-2.5  0.5 -0.5]  to  [-2.   0.5 -1. ]
Slicing  [-2.5  0.5 -0.5]  to  [-2.   1.  -0.5]
Slicing  [-2.5  0.5  0.5]  to  [-3.   0.   0.5]


Processed: 1289/1952 (66.03%) | Elapsed: 01:00:40 | BZ Folding estimated remaining time: 00:31:12


Slicing  [-2.5  0.5  0.5]  to  [-3.   0.5  0. ]
Slicing  [-2.5  0.5  0.5]  to  [-2.5  0.   1. ]
Slicing  [-2.5  0.5  0.5]  to  [-2.5  1.   0. ]
Slicing  [-2.5  0.5  0.5]  to  [-2.   0.5  1. ]
Slicing  [-2.5  0.5  0.5]  to  [-2.   1.   0.5]
Slicing  [-1.5 -0.5 -0.5]  to  [-2.  -1.  -0.5]
Slicing  [-1.5 -0.5 -0.5]  to  [-2.  -0.5 -1. ]
Slicing  [-1.5 -0.5 -0.5]  to  [-1.5 -1.   0. ]
Slicing  [-1.5 -0.5 -0.5]  to  [-1.5  0.  -1. ]
Slicing  [-1.5 -0.5 -0.5]  to  [-1.  -0.5  0. ]
Slicing  [-1.5 -0.5 -0.5]  to  [-1.   0.  -0.5]
Slicing  [-1.5 -0.5  0.5]  to  [-2.  -1.   0.5]
Slicing  [-1.5 -0.5  0.5]  to  [-2.  -0.5  1. ]
Slicing  [-1.5 -0.5  0.5]  to  [-1.5 -1.   0. ]
Slicing  [-1.5 -0.5  0.5]  to  [-1.5  0.   1. ]
Slicing  [-1.5 -0.5  0.5]  to  [-1.  -0.5  0. ]
Slicing  [-1.5 -0.5  0.5]  to  [-1.   0.   0.5]
Slicing  [-1.5  0.5 -0.5]  to  [-2.   0.5 -1. ]
Slicing  [-1.5  0.5 -0.5]  to  [-2.   1.  -0.5]
Slicing  [-1.5  0.5 -0.5]  to  [-1.5  0.  -1. ]
Slicing  [-1.5  0.5 -0.5]  to  [-1.5  1.   0. ]
Slicing  [-1.5  0.5 -0.5]  to  [-1.   0.  -0.5]
Slicing  [-1.5  0.5 -0.5]  to  [-1.   0.5  0. ]
Slicing  [-1.5  0.5  0.5]  to  [-2.   0.5  1. ]
Slicing  [-1.5  0.5  0.5]  to  [-2.   1.   0.5]
Slicing  [-1.5  0.5  0.5]  to  [-1.5  0.   1. ]
Slicing  [-1.5  0.5  0.5]  to  [-1.5  1.   0. ]
Slicing  [-1.5  0.5  0.5]  to  [-1.   0.   0.5]
Slicing  [-1.5  0.5  0.5]  to  [-1.   0.5  0. ]
Processing BZ [-2  0  0], path segments from W to X

24 symmetrically equivalent path segments
[[-1.  -0.5  0.  -1.   0.   0. ]
 [-1.   0.  -0.5 -1.   0.   0. ]
 [-1.   0.   0.5 -1.   0.   0. ]
 [-1.   0.5  0.  -1.   0.   0. ]
 [-0.5 -1.   0.   0.  -1.   0. ]
 [-0.5  0.  -1.   0.   0.  -1. ]
 [-0.5  0.   1.   0.   0.   1. ]
 [-0.5  1.   0.   0.   1.   0. ]
 [ 0.  -1.  -0.5  0.  -1.   0. ]
 [ 0.  -1.   0.5  0.  -1.   0. ]
 [ 0.  -0.5 -1.   0.   0.  -1. ]
 [ 0.  -0.5  1.   0.   0.   1. ]
 [ 0.   0.5 -1.   0.   0.  -1. ]
 [ 0.   0.5  1.   0.   0.   1. ]
 [ 0.   1.  -0.5  0.   1.   0. ]
 [ 0.   1.   0.5  0.   1.   0. ]
 [ 0.5 -1.   0.   0.  -1.   0. ]
 [ 0.5  0.  -1.   0.   0.  -1. ]
 [ 0.5  0.   1.   0.   0.   1. ]
 [ 0.5  1.   0.   0.   1.   0. ]
 [ 1.  -0.5  0.   1.   0.   0. ]
 [ 1.   0.  -0.5  1.   0.   0. ]
 [ 1.   0.   0.5  1.   0.   0. ]
 [ 1.   0.5  0.   1.   0.   0. ]]
Slicing  [-3.  -0.5  0. ]  to  [-3.  0.  0.]
Slicing  [-3.   0.  -0.5]  to  [-3.  0.  0.]
Slicing  [-3.   0.   0.5]  to  [-3.  0.  0.]
Slicing  [-3.   0.5  0. ]  to  [-3.  0.  0.]
Slicing  [-2.5 -1.   0. ]  to  [-2. -1.  0.]
Slicing  [-2.5  0.  -1. ]  to  [-2.  0. -1.]
Slicing  [-2.5  0.   1. ]  to  [-2.  0.  1.]
Slicing  [-2.5  1.   0. ]  to  [-2.  1.  0.]
Slicing  [-2.  -1.  -0.5]  to  [-2. -1.  0.]
Slicing  [-2.  -1.   0.5]  to  [-2. -1.  0.]


Processed: 1328/1952 (68.03%) | Elapsed: 01:02:16 | BZ Folding estimated remaining time: 00:29:15


Slicing  [-2.  -0.5 -1. ]  to  [-2.  0. -1.]
Slicing  [-2.  -0.5  1. ]  to  [-2.  0.  1.]
Slicing  [-2.   0.5 -1. ]  to  [-2.  0. -1.]
Slicing  [-2.   0.5  1. ]  to  [-2.  0.  1.]
Slicing  [-2.   1.  -0.5]  to  [-2.  1.  0.]
Slicing  [-2.   1.   0.5]  to  [-2.  1.  0.]
Slicing  [-1.5 -1.   0. ]  to  [-2. -1.  0.]
Slicing  [-1.5  0.  -1. ]  to  [-2.  0. -1.]
Slicing  [-1.5  0.   1. ]  to  [-2.  0.  1.]
Slicing  [-1.5  1.   0. ]  to  [-2.  1.  0.]
Slicing  [-1.  -0.5  0. ]  to  [-1.  0.  0.]
Slicing  [-1.   0.  -0.5]  to  [-1.  0.  0.]
Slicing  [-1.   0.   0.5]  to  [-1.  0.  0.]
Slicing  [-1.   0.5  0. ]  to  [-1.  0.  0.]

Generating Report for BZ [-2  0  0]
Warning: No valid data in segment Gamma2X_BZ[-2  0  0]_final.nxs, skipping percentile calculation.
Warning: No valid data in segment X2U_BZ[-2  0  0]_final.nxs, skipping percentile calculation.
Warning: No valid data in segment K2Gamma_BZ[-2  0  0]_final.nxs, skipping percentile calculation.
Warning: No valid data in segment Gamma2L_BZ[-2  0  0]_final.nxs, skipping percentile calculation.
Warning: No valid data in segment L2W_BZ[-2  0  0]_final.nxs, skipping percentile calculation.
Warning: No valid data in segment W2X_BZ[-2  0  0]_final.nxs, skipping percentile calculation.

Combining all 10 BZ

BZ [-2  0  0] done. Total time elapsed 01:03:34
Processing BZ [2 0 0], path segments from Gamma to X

6 symmetrically equivalent path segments
[[ 0.  0.  0. -1.  0.  0.]
 [ 0.  0.  0.  0. -1.  0.]
 [ 0.  0.  0.  0.  0. -1.]
 [ 0.  0.  0.  0.  0.  1.]
 [ 0.  0.  0.  0.  1.  0.]
 [ 0.  0.  0.  1.  0.  0.]]
Slicing  [2. 0. 0.]  to  [1. 0. 0.]
Slicing  [2. 0. 0.]  to  [ 2. -1.  0.]
Slicing  [2. 0. 0.]  to  [ 2.  0. -1.]
Slicing  [2. 0. 0.]  to  [2. 0. 1.]
Slicing  [2. 0. 0.]  to  [2. 1. 0.]
Slicing  [2. 0. 0.]  to  [3. 0. 0.]
Processing BZ [2 0 0], path segments from X to U

24 symmetrically equivalent path segments
[[-1.    0.    0.   -1.   -0.25 -0.25]
 [-1.    0.    0.   -1.   -0.25  0.25]
 [-1.    0.    0.   -1.    0.25 -0.25]
 [-1.    0.    0.   -1.    0.25  0.25]
 [ 0.   -1.    0.   -0.25 -1.   -0.25]
 [ 0.   -1.    0.   -0.25 -1.    0.25]
 [ 0.   -1.    0.    0.25 -1.   -0.25]
 [ 0.   -1.    0.    0.25 -1.    0.25]
 [ 0.    0.   -1.   -0.25 -0.25 -1.  ]
 [ 0.    0.   -1.   -0.25  0.25 -1.  ]
 [ 0.    0.   -1.    0.25 -0.25 -1.  ]
 [ 0.    0.   -1.    0.25  0.25 -1.  ]
 [ 0.    0.    1.   -0.25 -0.25  1.  ]
 [ 0.    0.    1.   -0.25  0.25  1.  ]
 [ 0.    0.    1.    0.25 -0.25  1.  ]
 [ 0.    0.    1.    0.25  0.25  1.  ]
 [ 0.    1.    0.   -0.25  1.   -0.25]
 [ 0.    1.    0.   -0.25  1.    0.25]
 [ 0.    1.    0.    0.25  1.   -0.25]
 [ 0.    1.    0.    0.25  1.    0.25]
 [ 1.    0.    0.    1.   -0.25 -0.25]
 [ 1.    0.    0.    1.   -0.25  0.25]
 [ 1.    0.    0.    1.    0.25 -0.25]
 [ 1.    0.    0.    1.    0.25  0.25]]
Slicing  [1. 0. 0.]  to  [ 1.   -0.25 -0.25]
Slicing  [1. 0. 0.]  to  [ 1.   -0.25  0.25]
Slicing  [1. 0. 0.]  to  [ 1.    0.25 -0.25]
Slicing  [1. 0. 0.]  to  [1.   0.25 0.25]
Slicing  [ 2. -1.  0.]  to  [ 1.75 -1.   -0.25]
Slicing  [ 2. -1.  0.]  to  [ 1.75 -1.    0.25]
Slicing  [ 2. -1.  0.]  to  [ 2.25 -1.   -0.25]
Slicing  [ 2. -1.  0.]  to  [ 2.25 -1.    0.25]
Slicing  [ 2.  0. -1.]  to  [ 1.75 -0.25 -1.  ]
Slicing  [ 2.  0. -1.]  to  [ 1.75  0.25 -1.  ]
Slicing  [ 2.  0. -1.]  to  [ 2.25 -0.25 -1.  ]
Slicing  [ 2.  0. -1.]  to  [ 2.25  0.25 -1.  ]
Slicing  [2. 0. 1.]  to  [ 1.75 -0.25  1.  ]
Slicing  [2. 0. 1.]  to  [1.75 0.25 1.  ]
Slicing  [2. 0. 1.]  to  [ 2.25 -0.25  1.  ]
Slicing  [2. 0. 1.]  to  [2.25 0.25 1.  ]
Slicing  [2. 1. 0.]  to  [ 1.75  1.   -0.25]
Slicing  [2. 1. 0.]  to  [1.75 1.   0.25]
Slicing  [2. 1. 0.]  to  [ 2.25  1.   -0.25]


Processed: 1367/1952 (70.03%) | Elapsed: 01:04:15 | BZ Folding estimated remaining time: 00:27:29


Slicing  [2. 1. 0.]  to  [2.25 1.   0.25]
Slicing  [3. 0. 0.]  to  [ 3.   -0.25 -0.25]
Slicing  [3. 0. 0.]  to  [ 3.   -0.25  0.25]
Slicing  [3. 0. 0.]  to  [ 3.    0.25 -0.25]
Slicing  [3. 0. 0.]  to  [3.   0.25 0.25]
Processing BZ [2 0 0], path segments from K to Gamma

12 symmetrically equivalent path segments
[[-0.75 -0.75  0.    0.    0.    0.  ]
 [-0.75  0.   -0.75  0.    0.    0.  ]
 [-0.75  0.    0.75  0.    0.    0.  ]
 [-0.75  0.75  0.    0.    0.    0.  ]
 [ 0.   -0.75 -0.75  0.    0.    0.  ]
 [ 0.   -0.75  0.75  0.    0.    0.  ]
 [ 0.    0.75 -0.75  0.    0.    0.  ]
 [ 0.    0.75  0.75  0.    0.    0.  ]
 [ 0.75 -0.75  0.    0.    0.    0.  ]
 [ 0.75  0.   -0.75  0.    0.    0.  ]
 [ 0.75  0.    0.75  0.    0.    0.  ]
 [ 0.75  0.75  0.    0.    0.    0.  ]]
Slicing  [ 1.25 -0.75  0.  ]  to  [2. 0. 0.]
Slicing  [ 1.25  0.   -0.75]  to  [2. 0. 0.]
Slicing  [1.25 0.   0.75]  to  [2. 0. 0.]
Slicing  [1.25 0.75 0.  ]  to  [2. 0. 0.]
Slicing  [ 2.   -0.75 -0.75]  to  [2. 0. 0.]
Slicing  [ 2.   -0.75  0.75]  to  [2. 0. 0.]
Slicing  [ 2.    0.75 -0.75]  to  [2. 0. 0.]
Slicing  [2.   0.75 0.75]  to  [2. 0. 0.]
Slicing  [ 2.75 -0.75  0.  ]  to  [2. 0. 0.]
Slicing  [ 2.75  0.   -0.75]  to  [2. 0. 0.]
Slicing  [2.75 0.   0.75]  to  [2. 0. 0.]
Slicing  [2.75 0.75 0.  ]  to  [2. 0. 0.]
Processing BZ [2 0 0], path segments from Gamma to L

8 symmetrically equivalent path segments
[[ 0.   0.   0.  -0.5 -0.5 -0.5]
 [ 0.   0.   0.  -0.5 -0.5  0.5]
 [ 0.   0.   0.  -0.5  0.5 -0.5]
 [ 0.   0.   0.  -0.5  0.5  0.5]
 [ 0.   0.   0.   0.5 -0.5 -0.5]
 [ 0.   0.   0.   0.5 -0.5  0.5]
 [ 0.   0.   0.   0.5  0.5 -0.5]
 [ 0.   0.   0.   0.5  0.5  0.5]]
Slicing  [2. 0. 0.]  to  [ 1.5 -0.5 -0.5]
Slicing  [2. 0. 0.]  to  [ 1.5 -0.5  0.5]
Slicing  [2. 0. 0.]  to  [ 1.5  0.5 -0.5]
Slicing  [2. 0. 0.]  to  [1.5 0.5 0.5]
Slicing  [2. 0. 0.]  to  [ 2.5 -0.5 -0.5]
Slicing  [2. 0. 0.]  to  [ 2.5 -0.5  0.5]
Slicing  [2. 0. 0.]  to  [ 2.5  0.5 -0.5]
Slicing  [2. 0. 0.]  to  [2.5 0.5 0.5]
Processing BZ [2 0 0], path segments from L to W

48 symmetrically equivalent path segments
[[-0.5 -0.5 -0.5 -1.  -0.5  0. ]
 [-0.5 -0.5 -0.5 -1.   0.  -0.5]
 [-0.5 -0.5 -0.5 -0.5 -1.   0. ]
 [-0.5 -0.5 -0.5 -0.5  0.  -1. ]
 [-0.5 -0.5 -0.5  0.  -1.  -0.5]
 [-0.5 -0.5 -0.5  0.  -0.5 -1. ]
 [-0.5 -0.5  0.5 -1.  -0.5  0. ]
 [-0.5 -0.5  0.5 -1.   0.   0.5]
 [-0.5 -0.5  0.5 -0.5 -1.   0. ]
 [-0.5 -0.5  0.5 -0.5  0.   1. ]
 [-0.5 -0.5  0.5  0.  -1.   0.5]
 [-0.5 -0.5  0.5  0.  -0.5  1. ]
 [-0.5  0.5 -0.5 -1.   0.  -0.5]
 [-0.5  0.5 -0.5 -1.   0.5  0. ]
 [-0.5  0.5 -0.5 -0.5  0.  -1. ]
 [-0.5  0.5 -0.5 -0.5  1.   0. ]
 [-0.5  0.5 -0.5  0.   0.5 -1. ]
 [-0.5  0.5 -0.5  0.   1.  -0.5]
 [-0.5  0.5  0.5 -1.   0.   0.5]
 [-0.5  0.5  0.5 -1.   0.5  0. ]
 [-0.5  0.5  0.5 -0.5  0.   1. ]
 [-0.5  0.5  0.5 -0.5  1.   0. ]
 [-0.5  0.5  0.5  0.   0.5  1. ]
 [-0.5  0.5  0.5  0.   1.   0.5]
 [ 0.5 -0.5 -0.5  0.  -1.  -0.5]
 [ 0.5 -0.5 -0.5  0.  -0.5 -1. ]
 [ 0.5 -0.5 -0.5  0.5 -1.   0. ]
 [ 0.5 -0.5 -0.5  0.5  0.  -1. ]
 [ 0.5 -0.5 -0.5  1.  -0.5  0. ]
 [ 0.5 -0.5 -0.5  1.   0.  -0.5]
 [ 0.5 -0.5  0.5  0.  -1.   0.5]
 [ 0.5 -0.5  0.5  0.  -0.5  1. ]
 [ 0.5 -0.5  0.5  0.5 -1.   0. ]
 [ 0.5 -0.5  0.5  0.5  0.   1. ]
 [ 0.5 -0.5  0.5  1.  -0.5  0. ]
 [ 0.5 -0.5  0.5  1.   0.   0.5]
 [ 0.5  0.5 -0.5  0.   0.5 -1. ]
 [ 0.5  0.5 -0.5  0.   1.  -0.5]
 [ 0.5  0.5 -0.5  0.5  0.  -1. ]
 [ 0.5  0.5 -0.5  0.5  1.   0. ]
 [ 0.5  0.5 -0.5  1.   0.  -0.5]
 [ 0.5  0.5 -0.5  1.   0.5  0. ]
 [ 0.5  0.5  0.5  0.   0.5  1. ]
 [ 0.5  0.5  0.5  0.   1.   0.5]
 [ 0.5  0.5  0.5  0.5  0.   1. ]
 [ 0.5  0.5  0.5  0.5  1.   0. ]
 [ 0.5  0.5  0.5  1.   0.   0.5]
 [ 0.5  0.5  0.5  1.   0.5  0. ]]
Slicing  [ 1.5 -0.5 -0.5]  to  [ 1.  -0.5  0. ]
Slicing  [ 1.5 -0.5 -0.5]  to  [ 1.   0.  -0.5]
Slicing  [ 1.5 -0.5 -0.5]  to  [ 1.5 -1.   0. ]
Slicing  [ 1.5 -0.5 -0.5]  to  [ 1.5  0.  -1. ]
Slicing  [ 1.5 -0.5 -0.5]  to  [ 2.  -1.  -0.5]
Slicing  [ 1.5 -0.5 -0.5]  to  [ 2.  -0.5 -1. ]
Slicing  [ 1.5 -0.5  0.5]  to  [ 1.  -0.5  0. ]
Slicing  [ 1.5 -0.5  0.5]  to  [1.  0.  0.5]
Slicing  [ 1.5 -0.5  0.5]  to  [ 1.5 -1.   0. ]
Slicing  [ 1.5 -0.5  0.5]  to  [1.5 0.  1. ]
Slicing  [ 1.5 -0.5  0.5]  to  [ 2.  -1.   0.5]
Slicing  [ 1.5 -0.5  0.5]  to  [ 2.  -0.5  1. ]
Slicing  [ 1.5  0.5 -0.5]  to  [ 1.   0.  -0.5]
Slicing  [ 1.5  0.5 -0.5]  to  [1.  0.5 0. ]


Processed: 1406/1952 (72.03%) | Elapsed: 01:06:01 | BZ Folding estimated remaining time: 00:25:38


Slicing  [ 1.5  0.5 -0.5]  to  [ 1.5  0.  -1. ]
Slicing  [ 1.5  0.5 -0.5]  to  [1.5 1.  0. ]
Slicing  [ 1.5  0.5 -0.5]  to  [ 2.   0.5 -1. ]
Slicing  [ 1.5  0.5 -0.5]  to  [ 2.   1.  -0.5]
Slicing  [1.5 0.5 0.5]  to  [1.  0.  0.5]
Slicing  [1.5 0.5 0.5]  to  [1.  0.5 0. ]
Slicing  [1.5 0.5 0.5]  to  [1.5 0.  1. ]
Slicing  [1.5 0.5 0.5]  to  [1.5 1.  0. ]
Slicing  [1.5 0.5 0.5]  to  [2.  0.5 1. ]
Slicing  [1.5 0.5 0.5]  to  [2.  1.  0.5]
Slicing  [ 2.5 -0.5 -0.5]  to  [ 2.  -1.  -0.5]
Slicing  [ 2.5 -0.5 -0.5]  to  [ 2.  -0.5 -1. ]
Slicing  [ 2.5 -0.5 -0.5]  to  [ 2.5 -1.   0. ]
Slicing  [ 2.5 -0.5 -0.5]  to  [ 2.5  0.  -1. ]
Slicing  [ 2.5 -0.5 -0.5]  to  [ 3.  -0.5  0. ]
Slicing  [ 2.5 -0.5 -0.5]  to  [ 3.   0.  -0.5]
Slicing  [ 2.5 -0.5  0.5]  to  [ 2.  -1.   0.5]
Slicing  [ 2.5 -0.5  0.5]  to  [ 2.  -0.5  1. ]
Slicing  [ 2.5 -0.5  0.5]  to  [ 2.5 -1.   0. ]
Slicing  [ 2.5 -0.5  0.5]  to  [2.5 0.  1. ]
Slicing  [ 2.5 -0.5  0.5]  to  [ 3.  -0.5  0. ]
Slicing  [ 2.5 -0.5  0.5]  to  [3.  0.  0.5]
Slicing  [ 2.5  0.5 -0.5]  to  [ 2.   0.5 -1. ]
Slicing  [ 2.5  0.5 -0.5]  to  [ 2.   1.  -0.5]
Slicing  [ 2.5  0.5 -0.5]  to  [ 2.5  0.  -1. ]
Slicing  [ 2.5  0.5 -0.5]  to  [2.5 1.  0. ]
Slicing  [ 2.5  0.5 -0.5]  to  [ 3.   0.  -0.5]
Slicing  [ 2.5  0.5 -0.5]  to  [3.  0.5 0. ]
Slicing  [2.5 0.5 0.5]  to  [2.  0.5 1. ]
Slicing  [2.5 0.5 0.5]  to  [2.  1.  0.5]
Slicing  [2.5 0.5 0.5]  to  [2.5 0.  1. ]
Slicing  [2.5 0.5 0.5]  to  [2.5 1.  0. ]
Slicing  [2.5 0.5 0.5]  to  [3.  0.  0.5]
Slicing  [2.5 0.5 0.5]  to  [3.  0.5 0. ]
Processing BZ [2 0 0], path segments from W to X

24 symmetrically equivalent path segments
[[-1.  -0.5  0.  -1.   0.   0. ]
 [-1.   0.  -0.5 -1.   0.   0. ]
 [-1.   0.   0.5 -1.   0.   0. ]
 [-1.   0.5  0.  -1.   0.   0. ]
 [-0.5 -1.   0.   0.  -1.   0. ]
 [-0.5  0.  -1.   0.   0.  -1. ]
 [-0.5  0.   1.   0.   0.   1. ]
 [-0.5  1.   0.   0.   1.   0. ]
 [ 0.  -1.  -0.5  0.  -1.   0. ]
 [ 0.  -1.   0.5  0.  -1.   0. ]
 [ 0.  -0.5 -1.   0.   0.  -1. ]
 [ 0.  -0.5  1.   0.   0.   1. ]
 [ 0.   0.5 -1.   0.   0.  -1. ]
 [ 0.   0.5  1.   0.   0.   1. ]
 [ 0.   1.  -0.5  0.   1.   0. ]
 [ 0.   1.   0.5  0.   1.   0. ]
 [ 0.5 -1.   0.   0.  -1.   0. ]
 [ 0.5  0.  -1.   0.   0.  -1. ]
 [ 0.5  0.   1.   0.   0.   1. ]
 [ 0.5  1.   0.   0.   1.   0. ]
 [ 1.  -0.5  0.   1.   0.   0. ]
 [ 1.   0.  -0.5  1.   0.   0. ]
 [ 1.   0.   0.5  1.   0.   0. ]
 [ 1.   0.5  0.   1.   0.   0. ]]
Slicing  [ 1.  -0.5  0. ]  to  [1. 0. 0.]
Slicing  [ 1.   0.  -0.5]  to  [1. 0. 0.]
Slicing  [1.  0.  0.5]  to  [1. 0. 0.]
Slicing  [1.  0.5 0. ]  to  [1. 0. 0.]
Slicing  [ 1.5 -1.   0. ]  to  [ 2. -1.  0.]


Processed: 1445/1952 (74.03%) | Elapsed: 01:07:48 | BZ Folding estimated remaining time: 00:23:47


Slicing  [ 1.5  0.  -1. ]  to  [ 2.  0. -1.]
Slicing  [1.5 0.  1. ]  to  [2. 0. 1.]
Slicing  [1.5 1.  0. ]  to  [2. 1. 0.]
Slicing  [ 2.  -1.  -0.5]  to  [ 2. -1.  0.]
Slicing  [ 2.  -1.   0.5]  to  [ 2. -1.  0.]
Slicing  [ 2.  -0.5 -1. ]  to  [ 2.  0. -1.]
Slicing  [ 2.  -0.5  1. ]  to  [2. 0. 1.]
Slicing  [ 2.   0.5 -1. ]  to  [ 2.  0. -1.]
Slicing  [2.  0.5 1. ]  to  [2. 0. 1.]
Slicing  [ 2.   1.  -0.5]  to  [2. 1. 0.]
Slicing  [2.  1.  0.5]  to  [2. 1. 0.]
Slicing  [ 2.5 -1.   0. ]  to  [ 2. -1.  0.]
Slicing  [ 2.5  0.  -1. ]  to  [ 2.  0. -1.]
Slicing  [2.5 0.  1. ]  to  [2. 0. 1.]
Slicing  [2.5 1.  0. ]  to  [2. 1. 0.]
Slicing  [ 3.  -0.5  0. ]  to  [3. 0. 0.]
Slicing  [ 3.   0.  -0.5]  to  [3. 0. 0.]
Slicing  [3.  0.  0.5]  to  [3. 0. 0.]
Slicing  [3.  0.5 0. ]  to  [3. 0. 0.]

Generating Report for BZ [2 0 0]
Warning: No valid data in segment Gamma2X_BZ[2 0 0]_final.nxs, skipping percentile calculation.
Warning: No valid data in segment X2U_BZ[2 0 0]_final.nxs, skipping percentile calculation.
Warning: No valid data in segment K2Gamma_BZ[2 0 0]_final.nxs, skipping percentile calculation.
Warning: No valid data in segment Gamma2L_BZ[2 0 0]_final.nxs, skipping percentile calculation.
Warning: No valid data in segment L2W_BZ[2 0 0]_final.nxs, skipping percentile calculation.
Warning: No valid data in segment W2X_BZ[2 0 0]_final.nxs, skipping percentile calculation.

Combining all 11 BZ

BZ [2 0 0] done. Total time elapsed 01:09:15
Processing BZ [0 2 0], path segments from Gamma to X

6 symmetrically equivalent path segments
[[ 0.  0.  0. -1.  0.  0.]
 [ 0.  0.  0.  0. -1.  0.]
 [ 0.  0.  0.  0.  0. -1.]
 [ 0.  0.  0.  0.  0.  1.]
 [ 0.  0.  0.  0.  1.  0.]
 [ 0.  0.  0.  1.  0.  0.]]
Slicing  [0. 2. 0.]  to  [-1.  2.  0.]
Slicing  [0. 2. 0.]  to  [0. 1. 0.]
Slicing  [0. 2. 0.]  to  [ 0.  2. -1.]
Slicing  [0. 2. 0.]  to  [0. 2. 1.]
Slicing  [0. 2. 0.]  to  [0. 3. 0.]
Slicing  [0. 2. 0.]  to  [1. 2. 0.]
Processing BZ [0 2 0], path segments from X to U

24 symmetrically equivalent path segments
[[-1.    0.    0.   -1.   -0.25 -0.25]
 [-1.    0.    0.   -1.   -0.25  0.25]
 [-1.    0.    0.   -1.    0.25 -0.25]
 [-1.    0.    0.   -1.    0.25  0.25]
 [ 0.   -1.    0.   -0.25 -1.   -0.25]
 [ 0.   -1.    0.   -0.25 -1.    0.25]
 [ 0.   -1.    0.    0.25 -1.   -0.25]
 [ 0.   -1.    0.    0.25 -1.    0.25]
 [ 0.    0.   -1.   -0.25 -0.25 -1.  ]
 [ 0.    0.   -1.   -0.25  0.25 -1.  ]
 [ 0.    0.   -1.    0.25 -0.25 -1.  ]
 [ 0.    0.   -1.    0.25  0.25 -1.  ]
 [ 0.    0.    1.   -0.25 -0.25  1.  ]
 [ 0.    0.    1.   -0.25  0.25  1.  ]
 [ 0.    0.    1.    0.25 -0.25  1.  ]
 [ 0.    0.    1.    0.25  0.25  1.  ]
 [ 0.    1.    0.   -0.25  1.   -0.25]
 [ 0.    1.    0.   -0.25  1.    0.25]
 [ 0.    1.    0.    0.25  1.   -0.25]
 [ 0.    1.    0.    0.25  1.    0.25]
 [ 1.    0.    0.    1.   -0.25 -0.25]
 [ 1.    0.    0.    1.   -0.25  0.25]
 [ 1.    0.    0.    1.    0.25 -0.25]
 [ 1.    0.    0.    1.    0.25  0.25]]
Slicing  [-1.  2.  0.]  to  [-1.    1.75 -0.25]
Slicing  [-1.  2.  0.]  to  [-1.    1.75  0.25]
Slicing  [-1.  2.  0.]  to  [-1.    2.25 -0.25]
Slicing  [-1.  2.  0.]  to  [-1.    2.25  0.25]
Slicing  [0. 1. 0.]  to  [-0.25  1.   -0.25]
Slicing  [0. 1. 0.]  to  [-0.25  1.    0.25]
Slicing  [0. 1. 0.]  to  [ 0.25  1.   -0.25]
Slicing  [0. 1. 0.]  to  [0.25 1.   0.25]
Slicing  [ 0.  2. -1.]  to  [-0.25  1.75 -1.  ]
Slicing  [ 0.  2. -1.]  to  [-0.25  2.25 -1.  ]
Slicing  [ 0.  2. -1.]  to  [ 0.25  1.75 -1.  ]
Slicing  [ 0.  2. -1.]  to  [ 0.25  2.25 -1.  ]
Slicing  [0. 2. 1.]  to  [-0.25  1.75  1.  ]
Slicing  [0. 2. 1.]  to  [-0.25  2.25  1.  ]


Processed: 1484/1952 (76.02%) | Elapsed: 01:09:41 | BZ Folding estimated remaining time: 00:21:58


Slicing  [0. 2. 1.]  to  [0.25 1.75 1.  ]
Slicing  [0. 2. 1.]  to  [0.25 2.25 1.  ]
Slicing  [0. 3. 0.]  to  [-0.25  3.   -0.25]
Slicing  [0. 3. 0.]  to  [-0.25  3.    0.25]
Slicing  [0. 3. 0.]  to  [ 0.25  3.   -0.25]
Slicing  [0. 3. 0.]  to  [0.25 3.   0.25]
Slicing  [1. 2. 0.]  to  [ 1.    1.75 -0.25]
Slicing  [1. 2. 0.]  to  [1.   1.75 0.25]
Slicing  [1. 2. 0.]  to  [ 1.    2.25 -0.25]
Slicing  [1. 2. 0.]  to  [1.   2.25 0.25]
Processing BZ [0 2 0], path segments from K to Gamma

12 symmetrically equivalent path segments
[[-0.75 -0.75  0.    0.    0.    0.  ]
 [-0.75  0.   -0.75  0.    0.    0.  ]
 [-0.75  0.    0.75  0.    0.    0.  ]
 [-0.75  0.75  0.    0.    0.    0.  ]
 [ 0.   -0.75 -0.75  0.    0.    0.  ]
 [ 0.   -0.75  0.75  0.    0.    0.  ]
 [ 0.    0.75 -0.75  0.    0.    0.  ]
 [ 0.    0.75  0.75  0.    0.    0.  ]
 [ 0.75 -0.75  0.    0.    0.    0.  ]
 [ 0.75  0.   -0.75  0.    0.    0.  ]
 [ 0.75  0.    0.75  0.    0.    0.  ]
 [ 0.75  0.75  0.    0.    0.    0.  ]]
Slicing  [-0.75  1.25  0.  ]  to  [0. 2. 0.]
Slicing  [-0.75  2.   -0.75]  to  [0. 2. 0.]
Slicing  [-0.75  2.    0.75]  to  [0. 2. 0.]
Slicing  [-0.75  2.75  0.  ]  to  [0. 2. 0.]
Slicing  [ 0.    1.25 -0.75]  to  [0. 2. 0.]
Slicing  [0.   1.25 0.75]  to  [0. 2. 0.]
Slicing  [ 0.    2.75 -0.75]  to  [0. 2. 0.]
Slicing  [0.   2.75 0.75]  to  [0. 2. 0.]
Slicing  [0.75 1.25 0.  ]  to  [0. 2. 0.]
Slicing  [ 0.75  2.   -0.75]  to  [0. 2. 0.]
Slicing  [0.75 2.   0.75]  to  [0. 2. 0.]
Slicing  [0.75 2.75 0.  ]  to  [0. 2. 0.]
Processing BZ [0 2 0], path segments from Gamma to L

8 symmetrically equivalent path segments
[[ 0.   0.   0.  -0.5 -0.5 -0.5]
 [ 0.   0.   0.  -0.5 -0.5  0.5]
 [ 0.   0.   0.  -0.5  0.5 -0.5]
 [ 0.   0.   0.  -0.5  0.5  0.5]
 [ 0.   0.   0.   0.5 -0.5 -0.5]
 [ 0.   0.   0.   0.5 -0.5  0.5]
 [ 0.   0.   0.   0.5  0.5 -0.5]
 [ 0.   0.   0.   0.5  0.5  0.5]]
Slicing  [0. 2. 0.]  to  [-0.5  1.5 -0.5]
Slicing  [0. 2. 0.]  to  [-0.5  1.5  0.5]
Slicing  [0. 2. 0.]  to  [-0.5  2.5 -0.5]
Slicing  [0. 2. 0.]  to  [-0.5  2.5  0.5]
Slicing  [0. 2. 0.]  to  [ 0.5  1.5 -0.5]
Slicing  [0. 2. 0.]  to  [0.5 1.5 0.5]
Slicing  [0. 2. 0.]  to  [ 0.5  2.5 -0.5]
Slicing  [0. 2. 0.]  to  [0.5 2.5 0.5]
Processing BZ [0 2 0], path segments from L to W

48 symmetrically equivalent path segments
[[-0.5 -0.5 -0.5 -1.  -0.5  0. ]
 [-0.5 -0.5 -0.5 -1.   0.  -0.5]
 [-0.5 -0.5 -0.5 -0.5 -1.   0. ]
 [-0.5 -0.5 -0.5 -0.5  0.  -1. ]
 [-0.5 -0.5 -0.5  0.  -1.  -0.5]
 [-0.5 -0.5 -0.5  0.  -0.5 -1. ]
 [-0.5 -0.5  0.5 -1.  -0.5  0. ]
 [-0.5 -0.5  0.5 -1.   0.   0.5]
 [-0.5 -0.5  0.5 -0.5 -1.   0. ]
 [-0.5 -0.5  0.5 -0.5  0.   1. ]
 [-0.5 -0.5  0.5  0.  -1.   0.5]
 [-0.5 -0.5  0.5  0.  -0.5  1. ]
 [-0.5  0.5 -0.5 -1.   0.  -0.5]
 [-0.5  0.5 -0.5 -1.   0.5  0. ]
 [-0.5  0.5 -0.5 -0.5  0.  -1. ]
 [-0.5  0.5 -0.5 -0.5  1.   0. ]
 [-0.5  0.5 -0.5  0.   0.5 -1. ]
 [-0.5  0.5 -0.5  0.   1.  -0.5]
 [-0.5  0.5  0.5 -1.   0.   0.5]
 [-0.5  0.5  0.5 -1.   0.5  0. ]
 [-0.5  0.5  0.5 -0.5  0.   1. ]
 [-0.5  0.5  0.5 -0.5  1.   0. ]
 [-0.5  0.5  0.5  0.   0.5  1. ]
 [-0.5  0.5  0.5  0.   1.   0.5]
 [ 0.5 -0.5 -0.5  0.  -1.  -0.5]
 [ 0.5 -0.5 -0.5  0.  -0.5 -1. ]
 [ 0.5 -0.5 -0.5  0.5 -1.   0. ]
 [ 0.5 -0.5 -0.5  0.5  0.  -1. ]
 [ 0.5 -0.5 -0.5  1.  -0.5  0. ]
 [ 0.5 -0.5 -0.5  1.   0.  -0.5]
 [ 0.5 -0.5  0.5  0.  -1.   0.5]
 [ 0.5 -0.5  0.5  0.  -0.5  1. ]
 [ 0.5 -0.5  0.5  0.5 -1.   0. ]
 [ 0.5 -0.5  0.5  0.5  0.   1. ]
 [ 0.5 -0.5  0.5  1.  -0.5  0. ]
 [ 0.5 -0.5  0.5  1.   0.   0.5]
 [ 0.5  0.5 -0.5  0.   0.5 -1. ]
 [ 0.5  0.5 -0.5  0.   1.  -0.5]
 [ 0.5  0.5 -0.5  0.5  0.  -1. ]
 [ 0.5  0.5 -0.5  0.5  1.   0. ]
 [ 0.5  0.5 -0.5  1.   0.  -0.5]
 [ 0.5  0.5 -0.5  1.   0.5  0. ]
 [ 0.5  0.5  0.5  0.   0.5  1. ]
 [ 0.5  0.5  0.5  0.   1.   0.5]
 [ 0.5  0.5  0.5  0.5  0.   1. ]
 [ 0.5  0.5  0.5  0.5  1.   0. ]
 [ 0.5  0.5  0.5  1.   0.   0.5]
 [ 0.5  0.5  0.5  1.   0.5  0. ]]
Slicing  [-0.5  1.5 -0.5]  to  [-1.   1.5  0. ]
Slicing  [-0.5  1.5 -0.5]  to  [-1.   2.  -0.5]
Slicing  [-0.5  1.5 -0.5]  to  [-0.5  1.   0. ]
Slicing  [-0.5  1.5 -0.5]  to  [-0.5  2.  -1. ]
Slicing  [-0.5  1.5 -0.5]  to  [ 0.   1.  -0.5]
Slicing  [-0.5  1.5 -0.5]  to  [ 0.   1.5 -1. ]
Slicing  [-0.5  1.5  0.5]  to  [-1.   1.5  0. ]
Slicing  [-0.5  1.5  0.5]  to  [-1.   2.   0.5]
Slicing  [-0.5  1.5  0.5]  to  [-0.5  1.   0. ]


Processed: 1523/1952 (78.02%) | Elapsed: 01:11:25 | BZ Folding estimated remaining time: 00:20:07


Slicing  [-0.5  1.5  0.5]  to  [-0.5  2.   1. ]
Slicing  [-0.5  1.5  0.5]  to  [0.  1.  0.5]
Slicing  [-0.5  1.5  0.5]  to  [0.  1.5 1. ]
Slicing  [-0.5  2.5 -0.5]  to  [-1.   2.  -0.5]
Slicing  [-0.5  2.5 -0.5]  to  [-1.   2.5  0. ]
Slicing  [-0.5  2.5 -0.5]  to  [-0.5  2.  -1. ]
Slicing  [-0.5  2.5 -0.5]  to  [-0.5  3.   0. ]
Slicing  [-0.5  2.5 -0.5]  to  [ 0.   2.5 -1. ]
Slicing  [-0.5  2.5 -0.5]  to  [ 0.   3.  -0.5]
Slicing  [-0.5  2.5  0.5]  to  [-1.   2.   0.5]
Slicing  [-0.5  2.5  0.5]  to  [-1.   2.5  0. ]
Slicing  [-0.5  2.5  0.5]  to  [-0.5  2.   1. ]
Slicing  [-0.5  2.5  0.5]  to  [-0.5  3.   0. ]
Slicing  [-0.5  2.5  0.5]  to  [0.  2.5 1. ]
Slicing  [-0.5  2.5  0.5]  to  [0.  3.  0.5]
Slicing  [ 0.5  1.5 -0.5]  to  [ 0.   1.  -0.5]
Slicing  [ 0.5  1.5 -0.5]  to  [ 0.   1.5 -1. ]
Slicing  [ 0.5  1.5 -0.5]  to  [0.5 1.  0. ]
Slicing  [ 0.5  1.5 -0.5]  to  [ 0.5  2.  -1. ]
Slicing  [ 0.5  1.5 -0.5]  to  [1.  1.5 0. ]
Slicing  [ 0.5  1.5 -0.5]  to  [ 1.   2.  -0.5]
Slicing  [0.5 1.5 0.5]  to  [0.  1.  0.5]
Slicing  [0.5 1.5 0.5]  to  [0.  1.5 1. ]
Slicing  [0.5 1.5 0.5]  to  [0.5 1.  0. ]
Slicing  [0.5 1.5 0.5]  to  [0.5 2.  1. ]
Slicing  [0.5 1.5 0.5]  to  [1.  1.5 0. ]
Slicing  [0.5 1.5 0.5]  to  [1.  2.  0.5]
Slicing  [ 0.5  2.5 -0.5]  to  [ 0.   2.5 -1. ]
Slicing  [ 0.5  2.5 -0.5]  to  [ 0.   3.  -0.5]
Slicing  [ 0.5  2.5 -0.5]  to  [ 0.5  2.  -1. ]
Slicing  [ 0.5  2.5 -0.5]  to  [0.5 3.  0. ]
Slicing  [ 0.5  2.5 -0.5]  to  [ 1.   2.  -0.5]
Slicing  [ 0.5  2.5 -0.5]  to  [1.  2.5 0. ]
Slicing  [0.5 2.5 0.5]  to  [0.  2.5 1. ]
Slicing  [0.5 2.5 0.5]  to  [0.  3.  0.5]
Slicing  [0.5 2.5 0.5]  to  [0.5 2.  1. ]
Slicing  [0.5 2.5 0.5]  to  [0.5 3.  0. ]
Slicing  [0.5 2.5 0.5]  to  [1.  2.  0.5]
Slicing  [0.5 2.5 0.5]  to  [1.  2.5 0. ]


Processed: 1562/1952 (80.02%) | Elapsed: 01:13:05 | BZ Folding estimated remaining time: 00:18:15


Processing BZ [0 2 0], path segments from W to X

24 symmetrically equivalent path segments
[[-1.  -0.5  0.  -1.   0.   0. ]
 [-1.   0.  -0.5 -1.   0.   0. ]
 [-1.   0.   0.5 -1.   0.   0. ]
 [-1.   0.5  0.  -1.   0.   0. ]
 [-0.5 -1.   0.   0.  -1.   0. ]
 [-0.5  0.  -1.   0.   0.  -1. ]
 [-0.5  0.   1.   0.   0.   1. ]
 [-0.5  1.   0.   0.   1.   0. ]
 [ 0.  -1.  -0.5  0.  -1.   0. ]
 [ 0.  -1.   0.5  0.  -1.   0. ]
 [ 0.  -0.5 -1.   0.   0.  -1. ]
 [ 0.  -0.5  1.   0.   0.   1. ]
 [ 0.   0.5 -1.   0.   0.  -1. ]
 [ 0.   0.5  1.   0.   0.   1. ]
 [ 0.   1.  -0.5  0.   1.   0. ]
 [ 0.   1.   0.5  0.   1.   0. ]
 [ 0.5 -1.   0.   0.  -1.   0. ]
 [ 0.5  0.  -1.   0.   0.  -1. ]
 [ 0.5  0.   1.   0.   0.   1. ]
 [ 0.5  1.   0.   0.   1.   0. ]
 [ 1.  -0.5  0.   1.   0.   0. ]
 [ 1.   0.  -0.5  1.   0.   0. ]
 [ 1.   0.   0.5  1.   0.   0. ]
 [ 1.   0.5  0.   1.   0.   0. ]]
Slicing  [-1.   1.5  0. ]  to  [-1.  2.  0.]
Slicing  [-1.   2.  -0.5]  to  [-1.  2.  0.]
Slicing  [-1.   2.   0.5]  to  [-1.  2.  0.]
Slicing  [-1.   2.5  0. ]  to  [-1.  2.  0.]
Slicing  [-0.5  1.   0. ]  to  [0. 1. 0.]
Slicing  [-0.5  2.  -1. ]  to  [ 0.  2. -1.]
Slicing  [-0.5  2.   1. ]  to  [0. 2. 1.]
Slicing  [-0.5  3.   0. ]  to  [0. 3. 0.]
Slicing  [ 0.   1.  -0.5]  to  [0. 1. 0.]
Slicing  [0.  1.  0.5]  to  [0. 1. 0.]
Slicing  [ 0.   1.5 -1. ]  to  [ 0.  2. -1.]
Slicing  [0.  1.5 1. ]  to  [0. 2. 1.]
Slicing  [ 0.   2.5 -1. ]  to  [ 0.  2. -1.]
Slicing  [0.  2.5 1. ]  to  [0. 2. 1.]
Slicing  [ 0.   3.  -0.5]  to  [0. 3. 0.]
Slicing  [0.  3.  0.5]  to  [0. 3. 0.]
Slicing  [0.5 1.  0. ]  to  [0. 1. 0.]
Slicing  [ 0.5  2.  -1. ]  to  [ 0.  2. -1.]
Slicing  [0.5 2.  1. ]  to  [0. 2. 1.]
Slicing  [0.5 3.  0. ]  to  [0. 3. 0.]
Slicing  [1.  1.5 0. ]  to  [1. 2. 0.]
Slicing  [ 1.   2.  -0.5]  to  [1. 2. 0.]
Slicing  [1.  2.  0.5]  to  [1. 2. 0.]
Slicing  [1.  2.5 0. ]  to  [1. 2. 0.]

Generating Report for BZ [0 2 0]
Warning: No valid data in segment Gamma2X_BZ[0 2 0]_final.nxs, skipping percentile calculation.
Warning: No valid data in segment X2U_BZ[0 2 0]_final.nxs, skipping percentile calculation.
Warning: No valid data in segment K2Gamma_BZ[0 2 0]_final.nxs, skipping percentile calculation.
Warning: No valid data in segment Gamma2L_BZ[0 2 0]_final.nxs, skipping percentile calculation.
Warning: No valid data in segment L2W_BZ[0 2 0]_final.nxs, skipping percentile calculation.
Warning: No valid data in segment W2X_BZ[0 2 0]_final.nxs, skipping percentile calculation.

Combining all 12 BZ

BZ [0 2 0] done. Total time elapsed 01:14:48
Processing BZ [ 1 -1  1], path segments from Gamma to X

6 symmetrically equivalent path segments
[[ 0.  0.  0. -1.  0.  0.]
 [ 0.  0.  0.  0. -1.  0.]
 [ 0.  0.  0.  0.  0. -1.]
 [ 0.  0.  0.  0.  0.  1.]
 [ 0.  0.  0.  0.  1.  0.]
 [ 0.  0.  0.  1.  0.  0.]]
Slicing  [ 1. -1.  1.]  to  [ 0. -1.  1.]
Slicing  [ 1. -1.  1.]  to  [ 1. -2.  1.]
Slicing  [ 1. -1.  1.]  to  [ 1. -1.  0.]
Slicing  [ 1. -1.  1.]  to  [ 1. -1.  2.]
Slicing  [ 1. -1.  1.]  to  [1. 0. 1.]
Slicing  [ 1. -1.  1.]  to  [ 2. -1.  1.]
Processing BZ [ 1 -1  1], path segments from X to U

24 symmetrically equivalent path segments
[[-1.    0.    0.   -1.   -0.25 -0.25]
 [-1.    0.    0.   -1.   -0.25  0.25]
 [-1.    0.    0.   -1.    0.25 -0.25]
 [-1.    0.    0.   -1.    0.25  0.25]
 [ 0.   -1.    0.   -0.25 -1.   -0.25]
 [ 0.   -1.    0.   -0.25 -1.    0.25]
 [ 0.   -1.    0.    0.25 -1.   -0.25]
 [ 0.   -1.    0.    0.25 -1.    0.25]
 [ 0.    0.   -1.   -0.25 -0.25 -1.  ]
 [ 0.    0.   -1.   -0.25  0.25 -1.  ]
 [ 0.    0.   -1.    0.25 -0.25 -1.  ]
 [ 0.    0.   -1.    0.25  0.25 -1.  ]
 [ 0.    0.    1.   -0.25 -0.25  1.  ]
 [ 0.    0.    1.   -0.25  0.25  1.  ]
 [ 0.    0.    1.    0.25 -0.25  1.  ]
 [ 0.    0.    1.    0.25  0.25  1.  ]
 [ 0.    1.    0.   -0.25  1.   -0.25]
 [ 0.    1.    0.   -0.25  1.    0.25]
 [ 0.    1.    0.    0.25  1.   -0.25]
 [ 0.    1.    0.    0.25  1.    0.25]
 [ 1.    0.    0.    1.   -0.25 -0.25]
 [ 1.    0.    0.    1.   -0.25  0.25]
 [ 1.    0.    0.    1.    0.25 -0.25]
 [ 1.    0.    0.    1.    0.25  0.25]]
Slicing  [ 0. -1.  1.]  to  [ 0.   -1.25  0.75]
Slicing  [ 0. -1.  1.]  to  [ 0.   -1.25  1.25]
Slicing  [ 0. -1.  1.]  to  [ 0.   -0.75  0.75]
Slicing  [ 0. -1.  1.]  to  [ 0.   -0.75  1.25]
Slicing  [ 1. -2.  1.]  to  [ 0.75 -2.    0.75]
Slicing  [ 1. -2.  1.]  to  [ 0.75 -2.    1.25]
Slicing  [ 1. -2.  1.]  to  [ 1.25 -2.    0.75]
Slicing  [ 1. -2.  1.]  to  [ 1.25 -2.    1.25]
Slicing  [ 1. -1.  0.]  to  [ 0.75 -1.25  0.  ]


Processed: 1601/1952 (82.02%) | Elapsed: 01:14:59 | BZ Folding estimated remaining time: 00:16:26


Slicing  [ 1. -1.  0.]  to  [ 0.75 -0.75  0.  ]
Slicing  [ 1. -1.  0.]  to  [ 1.25 -1.25  0.  ]
Slicing  [ 1. -1.  0.]  to  [ 1.25 -0.75  0.  ]
Slicing  [ 1. -1.  2.]  to  [ 0.75 -1.25  2.  ]
Slicing  [ 1. -1.  2.]  to  [ 0.75 -0.75  2.  ]
Slicing  [ 1. -1.  2.]  to  [ 1.25 -1.25  2.  ]
Slicing  [ 1. -1.  2.]  to  [ 1.25 -0.75  2.  ]
Slicing  [1. 0. 1.]  to  [0.75 0.   0.75]
Slicing  [1. 0. 1.]  to  [0.75 0.   1.25]
Slicing  [1. 0. 1.]  to  [1.25 0.   0.75]
Slicing  [1. 0. 1.]  to  [1.25 0.   1.25]
Slicing  [ 2. -1.  1.]  to  [ 2.   -1.25  0.75]
Slicing  [ 2. -1.  1.]  to  [ 2.   -1.25  1.25]
Slicing  [ 2. -1.  1.]  to  [ 2.   -0.75  0.75]
Slicing  [ 2. -1.  1.]  to  [ 2.   -0.75  1.25]
Processing BZ [ 1 -1  1], path segments from K to Gamma

12 symmetrically equivalent path segments
[[-0.75 -0.75  0.    0.    0.    0.  ]
 [-0.75  0.   -0.75  0.    0.    0.  ]
 [-0.75  0.    0.75  0.    0.    0.  ]
 [-0.75  0.75  0.    0.    0.    0.  ]
 [ 0.   -0.75 -0.75  0.    0.    0.  ]
 [ 0.   -0.75  0.75  0.    0.    0.  ]
 [ 0.    0.75 -0.75  0.    0.    0.  ]
 [ 0.    0.75  0.75  0.    0.    0.  ]
 [ 0.75 -0.75  0.    0.    0.    0.  ]
 [ 0.75  0.   -0.75  0.    0.    0.  ]
 [ 0.75  0.    0.75  0.    0.    0.  ]
 [ 0.75  0.75  0.    0.    0.    0.  ]]
Slicing  [ 0.25 -1.75  1.  ]  to  [ 1. -1.  1.]
Slicing  [ 0.25 -1.    0.25]  to  [ 1. -1.  1.]
Slicing  [ 0.25 -1.    1.75]  to  [ 1. -1.  1.]
Slicing  [ 0.25 -0.25  1.  ]  to  [ 1. -1.  1.]
Slicing  [ 1.   -1.75  0.25]  to  [ 1. -1.  1.]
Slicing  [ 1.   -1.75  1.75]  to  [ 1. -1.  1.]
Slicing  [ 1.   -0.25  0.25]  to  [ 1. -1.  1.]
Slicing  [ 1.   -0.25  1.75]  to  [ 1. -1.  1.]
Slicing  [ 1.75 -1.75  1.  ]  to  [ 1. -1.  1.]
Slicing  [ 1.75 -1.    0.25]  to  [ 1. -1.  1.]
Slicing  [ 1.75 -1.    1.75]  to  [ 1. -1.  1.]
Slicing  [ 1.75 -0.25  1.  ]  to  [ 1. -1.  1.]
Processing BZ [ 1 -1  1], path segments from Gamma to L

8 symmetrically equivalent path segments
[[ 0.   0.   0.  -0.5 -0.5 -0.5]
 [ 0.   0.   0.  -0.5 -0.5  0.5]
 [ 0.   0.   0.  -0.5  0.5 -0.5]
 [ 0.   0.   0.  -0.5  0.5  0.5]
 [ 0.   0.   0.   0.5 -0.5 -0.5]
 [ 0.   0.   0.   0.5 -0.5  0.5]
 [ 0.   0.   0.   0.5  0.5 -0.5]
 [ 0.   0.   0.   0.5  0.5  0.5]]
Slicing  [ 1. -1.  1.]  to  [ 0.5 -1.5  0.5]
Slicing  [ 1. -1.  1.]  to  [ 0.5 -1.5  1.5]
Slicing  [ 1. -1.  1.]  to  [ 0.5 -0.5  0.5]
Slicing  [ 1. -1.  1.]  to  [ 0.5 -0.5  1.5]
Slicing  [ 1. -1.  1.]  to  [ 1.5 -1.5  0.5]
Slicing  [ 1. -1.  1.]  to  [ 1.5 -1.5  1.5]
Slicing  [ 1. -1.  1.]  to  [ 1.5 -0.5  0.5]
Slicing  [ 1. -1.  1.]  to  [ 1.5 -0.5  1.5]
Processing BZ [ 1 -1  1], path segments from L to W

48 symmetrically equivalent path segments
[[-0.5 -0.5 -0.5 -1.  -0.5  0. ]
 [-0.5 -0.5 -0.5 -1.   0.  -0.5]
 [-0.5 -0.5 -0.5 -0.5 -1.   0. ]
 [-0.5 -0.5 -0.5 -0.5  0.  -1. ]
 [-0.5 -0.5 -0.5  0.  -1.  -0.5]
 [-0.5 -0.5 -0.5  0.  -0.5 -1. ]
 [-0.5 -0.5  0.5 -1.  -0.5  0. ]
 [-0.5 -0.5  0.5 -1.   0.   0.5]
 [-0.5 -0.5  0.5 -0.5 -1.   0. ]
 [-0.5 -0.5  0.5 -0.5  0.   1. ]
 [-0.5 -0.5  0.5  0.  -1.   0.5]
 [-0.5 -0.5  0.5  0.  -0.5  1. ]
 [-0.5  0.5 -0.5 -1.   0.  -0.5]
 [-0.5  0.5 -0.5 -1.   0.5  0. ]
 [-0.5  0.5 -0.5 -0.5  0.  -1. ]
 [-0.5  0.5 -0.5 -0.5  1.   0. ]
 [-0.5  0.5 -0.5  0.   0.5 -1. ]
 [-0.5  0.5 -0.5  0.   1.  -0.5]
 [-0.5  0.5  0.5 -1.   0.   0.5]
 [-0.5  0.5  0.5 -1.   0.5  0. ]
 [-0.5  0.5  0.5 -0.5  0.   1. ]
 [-0.5  0.5  0.5 -0.5  1.   0. ]
 [-0.5  0.5  0.5  0.   0.5  1. ]
 [-0.5  0.5  0.5  0.   1.   0.5]
 [ 0.5 -0.5 -0.5  0.  -1.  -0.5]
 [ 0.5 -0.5 -0.5  0.  -0.5 -1. ]
 [ 0.5 -0.5 -0.5  0.5 -1.   0. ]
 [ 0.5 -0.5 -0.5  0.5  0.  -1. ]
 [ 0.5 -0.5 -0.5  1.  -0.5  0. ]
 [ 0.5 -0.5 -0.5  1.   0.  -0.5]
 [ 0.5 -0.5  0.5  0.  -1.   0.5]
 [ 0.5 -0.5  0.5  0.  -0.5  1. ]
 [ 0.5 -0.5  0.5  0.5 -1.   0. ]
 [ 0.5 -0.5  0.5  0.5  0.   1. ]
 [ 0.5 -0.5  0.5  1.  -0.5  0. ]
 [ 0.5 -0.5  0.5  1.   0.   0.5]
 [ 0.5  0.5 -0.5  0.   0.5 -1. ]
 [ 0.5  0.5 -0.5  0.   1.  -0.5]
 [ 0.5  0.5 -0.5  0.5  0.  -1. ]
 [ 0.5  0.5 -0.5  0.5  1.   0. ]
 [ 0.5  0.5 -0.5  1.   0.  -0.5]
 [ 0.5  0.5 -0.5  1.   0.5  0. ]
 [ 0.5  0.5  0.5  0.   0.5  1. ]
 [ 0.5  0.5  0.5  0.   1.   0.5]
 [ 0.5  0.5  0.5  0.5  0.   1. ]
 [ 0.5  0.5  0.5  0.5  1.   0. ]
 [ 0.5  0.5  0.5  1.   0.   0.5]
 [ 0.5  0.5  0.5  1.   0.5  0. ]]
Slicing  [ 0.5 -1.5  0.5]  to  [ 0.  -1.5  1. ]
Slicing  [ 0.5 -1.5  0.5]  to  [ 0.  -1.   0.5]
Slicing  [ 0.5 -1.5  0.5]  to  [ 0.5 -2.   1. ]
Slicing  [ 0.5 -1.5  0.5]  to  [ 0.5 -1.   0. ]


Processed: 1640/1952 (84.02%) | Elapsed: 01:16:42 | BZ Folding estimated remaining time: 00:14:35


Slicing  [ 0.5 -1.5  0.5]  to  [ 1.  -2.   0.5]
Slicing  [ 0.5 -1.5  0.5]  to  [ 1.  -1.5  0. ]
Slicing  [ 0.5 -1.5  1.5]  to  [ 0.  -1.5  1. ]
Slicing  [ 0.5 -1.5  1.5]  to  [ 0.  -1.   1.5]
Slicing  [ 0.5 -1.5  1.5]  to  [ 0.5 -2.   1. ]
Slicing  [ 0.5 -1.5  1.5]  to  [ 0.5 -1.   2. ]
Slicing  [ 0.5 -1.5  1.5]  to  [ 1.  -2.   1.5]
Slicing  [ 0.5 -1.5  1.5]  to  [ 1.  -1.5  2. ]
Slicing  [ 0.5 -0.5  0.5]  to  [ 0.  -1.   0.5]
Slicing  [ 0.5 -0.5  0.5]  to  [ 0.  -0.5  1. ]
Slicing  [ 0.5 -0.5  0.5]  to  [ 0.5 -1.   0. ]
Slicing  [ 0.5 -0.5  0.5]  to  [0.5 0.  1. ]
Slicing  [ 0.5 -0.5  0.5]  to  [ 1.  -0.5  0. ]
Slicing  [ 0.5 -0.5  0.5]  to  [1.  0.  0.5]
Slicing  [ 0.5 -0.5  1.5]  to  [ 0.  -1.   1.5]
Slicing  [ 0.5 -0.5  1.5]  to  [ 0.  -0.5  1. ]
Slicing  [ 0.5 -0.5  1.5]  to  [ 0.5 -1.   2. ]
Slicing  [ 0.5 -0.5  1.5]  to  [0.5 0.  1. ]
Slicing  [ 0.5 -0.5  1.5]  to  [ 1.  -0.5  2. ]
Slicing  [ 0.5 -0.5  1.5]  to  [1.  0.  1.5]
Slicing  [ 1.5 -1.5  0.5]  to  [ 1.  -2.   0.5]
Slicing  [ 1.5 -1.5  0.5]  to  [ 1.  -1.5  0. ]
Slicing  [ 1.5 -1.5  0.5]  to  [ 1.5 -2.   1. ]
Slicing  [ 1.5 -1.5  0.5]  to  [ 1.5 -1.   0. ]
Slicing  [ 1.5 -1.5  0.5]  to  [ 2.  -1.5  1. ]
Slicing  [ 1.5 -1.5  0.5]  to  [ 2.  -1.   0.5]
Slicing  [ 1.5 -1.5  1.5]  to  [ 1.  -2.   1.5]
Slicing  [ 1.5 -1.5  1.5]  to  [ 1.  -1.5  2. ]
Slicing  [ 1.5 -1.5  1.5]  to  [ 1.5 -2.   1. ]
Slicing  [ 1.5 -1.5  1.5]  to  [ 1.5 -1.   2. ]
Slicing  [ 1.5 -1.5  1.5]  to  [ 2.  -1.5  1. ]
Slicing  [ 1.5 -1.5  1.5]  to  [ 2.  -1.   1.5]
Slicing  [ 1.5 -0.5  0.5]  to  [ 1.  -0.5  0. ]
Slicing  [ 1.5 -0.5  0.5]  to  [1.  0.  0.5]
Slicing  [ 1.5 -0.5  0.5]  to  [ 1.5 -1.   0. ]
Slicing  [ 1.5 -0.5  0.5]  to  [1.5 0.  1. ]
Slicing  [ 1.5 -0.5  0.5]  to  [ 2.  -1.   0.5]
Slicing  [ 1.5 -0.5  0.5]  to  [ 2.  -0.5  1. ]
Slicing  [ 1.5 -0.5  1.5]  to  [ 1.  -0.5  2. ]


Processed: 1679/1952 (86.01%) | Elapsed: 01:18:25 | BZ Folding estimated remaining time: 00:12:45


Slicing  [ 1.5 -0.5  1.5]  to  [1.  0.  1.5]
Slicing  [ 1.5 -0.5  1.5]  to  [ 1.5 -1.   2. ]
Slicing  [ 1.5 -0.5  1.5]  to  [1.5 0.  1. ]
Slicing  [ 1.5 -0.5  1.5]  to  [ 2.  -1.   1.5]
Slicing  [ 1.5 -0.5  1.5]  to  [ 2.  -0.5  1. ]
Processing BZ [ 1 -1  1], path segments from W to X

24 symmetrically equivalent path segments
[[-1.  -0.5  0.  -1.   0.   0. ]
 [-1.   0.  -0.5 -1.   0.   0. ]
 [-1.   0.   0.5 -1.   0.   0. ]
 [-1.   0.5  0.  -1.   0.   0. ]
 [-0.5 -1.   0.   0.  -1.   0. ]
 [-0.5  0.  -1.   0.   0.  -1. ]
 [-0.5  0.   1.   0.   0.   1. ]
 [-0.5  1.   0.   0.   1.   0. ]
 [ 0.  -1.  -0.5  0.  -1.   0. ]
 [ 0.  -1.   0.5  0.  -1.   0. ]
 [ 0.  -0.5 -1.   0.   0.  -1. ]
 [ 0.  -0.5  1.   0.   0.   1. ]
 [ 0.   0.5 -1.   0.   0.  -1. ]
 [ 0.   0.5  1.   0.   0.   1. ]
 [ 0.   1.  -0.5  0.   1.   0. ]
 [ 0.   1.   0.5  0.   1.   0. ]
 [ 0.5 -1.   0.   0.  -1.   0. ]
 [ 0.5  0.  -1.   0.   0.  -1. ]
 [ 0.5  0.   1.   0.   0.   1. ]
 [ 0.5  1.   0.   0.   1.   0. ]
 [ 1.  -0.5  0.   1.   0.   0. ]
 [ 1.   0.  -0.5  1.   0.   0. ]
 [ 1.   0.   0.5  1.   0.   0. ]
 [ 1.   0.5  0.   1.   0.   0. ]]
Slicing  [ 0.  -1.5  1. ]  to  [ 0. -1.  1.]
Slicing  [ 0.  -1.   0.5]  to  [ 0. -1.  1.]
Slicing  [ 0.  -1.   1.5]  to  [ 0. -1.  1.]
Slicing  [ 0.  -0.5  1. ]  to  [ 0. -1.  1.]
Slicing  [ 0.5 -2.   1. ]  to  [ 1. -2.  1.]
Slicing  [ 0.5 -1.   0. ]  to  [ 1. -1.  0.]
Slicing  [ 0.5 -1.   2. ]  to  [ 1. -1.  2.]
Slicing  [0.5 0.  1. ]  to  [1. 0. 1.]
Slicing  [ 1.  -2.   0.5]  to  [ 1. -2.  1.]
Slicing  [ 1.  -2.   1.5]  to  [ 1. -2.  1.]
Slicing  [ 1.  -1.5  0. ]  to  [ 1. -1.  0.]
Slicing  [ 1.  -1.5  2. ]  to  [ 1. -1.  2.]
Slicing  [ 1.  -0.5  0. ]  to  [ 1. -1.  0.]
Slicing  [ 1.  -0.5  2. ]  to  [ 1. -1.  2.]
Slicing  [1.  0.  0.5]  to  [1. 0. 1.]
Slicing  [1.  0.  1.5]  to  [1. 0. 1.]
Slicing  [ 1.5 -2.   1. ]  to  [ 1. -2.  1.]
Slicing  [ 1.5 -1.   0. ]  to  [ 1. -1.  0.]
Slicing  [ 1.5 -1.   2. ]  to  [ 1. -1.  2.]
Slicing  [1.5 0.  1. ]  to  [1. 0. 1.]
Slicing  [ 2.  -1.5  1. ]  to  [ 2. -1.  1.]
Slicing  [ 2.  -1.   0.5]  to  [ 2. -1.  1.]
Slicing  [ 2.  -1.   1.5]  to  [ 2. -1.  1.]
Slicing  [ 2.  -0.5  1. ]  to  [ 2. -1.  1.]

Generating Report for BZ [ 1 -1  1]
Warning: No valid data in segment Gamma2X_BZ[ 1 -1  1]_final.nxs, skipping percentile calculation.
Warning: No valid data in segment X2U_BZ[ 1 -1  1]_final.nxs, skipping percentile calculation.
Warning: No valid data in segment K2Gamma_BZ[ 1 -1  1]_final.nxs, skipping percentile calculation.
Warning: No valid data in segment Gamma2L_BZ[ 1 -1  1]_final.nxs, skipping percentile calculation.
Warning: No valid data in segment L2W_BZ[ 1 -1  1]_final.nxs, skipping percentile calculation.
Warning: No valid data in segment W2X_BZ[ 1 -1  1]_final.nxs, skipping percentile calculation.

Combining all 13 BZ

BZ [ 1 -1  1] done. Total time elapsed 01:20:17
Processing BZ [-1  1  1], path segments from Gamma to X

6 symmetrically equivalent path segments
[[ 0.  0.  0. -1.  0.  0.]
 [ 0.  0.  0.  0. -1.  0.]
 [ 0.  0.  0.  0.  0. -1.]
 [ 0.  0.  0.  0.  0.  1.]
 [ 0.  0.  0.  0.  1.  0.]
 [ 0.  0.  0.  1.  0.  0.]]
Slicing  [-1.  1.  1.]  to  [-2.  1.  1.]
Slicing  [-1.  1.  1.]  to  [-1.  0.  1.]
Slicing  [-1.  1.  1.]  to  [-1.  1.  0.]
Slicing  [-1.  1.  1.]  to  [-1.  1.  2.]
Slicing  [-1.  1.  1.]  to  [-1.  2.  1.]
Slicing  [-1.  1.  1.]  to  [0. 1. 1.]
Processing BZ [-1  1  1], path segments from X to U

24 symmetrically equivalent path segments
[[-1.    0.    0.   -1.   -0.25 -0.25]
 [-1.    0.    0.   -1.   -0.25  0.25]
 [-1.    0.    0.   -1.    0.25 -0.25]
 [-1.    0.    0.   -1.    0.25  0.25]
 [ 0.   -1.    0.   -0.25 -1.   -0.25]
 [ 0.   -1.    0.   -0.25 -1.    0.25]
 [ 0.   -1.    0.    0.25 -1.   -0.25]
 [ 0.   -1.    0.    0.25 -1.    0.25]
 [ 0.    0.   -1.   -0.25 -0.25 -1.  ]
 [ 0.    0.   -1.   -0.25  0.25 -1.  ]
 [ 0.    0.   -1.    0.25 -0.25 -1.  ]
 [ 0.    0.   -1.    0.25  0.25 -1.  ]
 [ 0.    0.    1.   -0.25 -0.25  1.  ]
 [ 0.    0.    1.   -0.25  0.25  1.  ]
 [ 0.    0.    1.    0.25 -0.25  1.  ]
 [ 0.    0.    1.    0.25  0.25  1.  ]
 [ 0.    1.    0.   -0.25  1.   -0.25]
 [ 0.    1.    0.   -0.25  1.    0.25]
 [ 0.    1.    0.    0.25  1.   -0.25]
 [ 0.    1.    0.    0.25  1.    0.25]
 [ 1.    0.    0.    1.   -0.25 -0.25]
 [ 1.    0.    0.    1.   -0.25  0.25]
 [ 1.    0.    0.    1.    0.25 -0.25]
 [ 1.    0.    0.    1.    0.25  0.25]]
Slicing  [-2.  1.  1.]  to  [-2.    0.75  0.75]
Slicing  [-2.  1.  1.]  to  [-2.    0.75  1.25]
Slicing  [-2.  1.  1.]  to  [-2.    1.25  0.75]
Slicing  [-2.  1.  1.]  to  [-2.    1.25  1.25]


Processed: 1718/1952 (88.01%) | Elapsed: 01:20:16 | BZ Folding estimated remaining time: 00:10:56


Slicing  [-1.  0.  1.]  to  [-1.25  0.    0.75]
Slicing  [-1.  0.  1.]  to  [-1.25  0.    1.25]
Slicing  [-1.  0.  1.]  to  [-0.75  0.    0.75]
Slicing  [-1.  0.  1.]  to  [-0.75  0.    1.25]
Slicing  [-1.  1.  0.]  to  [-1.25  0.75  0.  ]
Slicing  [-1.  1.  0.]  to  [-1.25  1.25  0.  ]
Slicing  [-1.  1.  0.]  to  [-0.75  0.75  0.  ]
Slicing  [-1.  1.  0.]  to  [-0.75  1.25  0.  ]
Slicing  [-1.  1.  2.]  to  [-1.25  0.75  2.  ]
Slicing  [-1.  1.  2.]  to  [-1.25  1.25  2.  ]
Slicing  [-1.  1.  2.]  to  [-0.75  0.75  2.  ]
Slicing  [-1.  1.  2.]  to  [-0.75  1.25  2.  ]
Slicing  [-1.  2.  1.]  to  [-1.25  2.    0.75]
Slicing  [-1.  2.  1.]  to  [-1.25  2.    1.25]
Slicing  [-1.  2.  1.]  to  [-0.75  2.    0.75]
Slicing  [-1.  2.  1.]  to  [-0.75  2.    1.25]
Slicing  [0. 1. 1.]  to  [0.   0.75 0.75]
Slicing  [0. 1. 1.]  to  [0.   0.75 1.25]
Slicing  [0. 1. 1.]  to  [0.   1.25 0.75]
Slicing  [0. 1. 1.]  to  [0.   1.25 1.25]
Processing BZ [-1  1  1], path segments from K to Gamma

12 symmetrically equivalent path segments
[[-0.75 -0.75  0.    0.    0.    0.  ]
 [-0.75  0.   -0.75  0.    0.    0.  ]
 [-0.75  0.    0.75  0.    0.    0.  ]
 [-0.75  0.75  0.    0.    0.    0.  ]
 [ 0.   -0.75 -0.75  0.    0.    0.  ]
 [ 0.   -0.75  0.75  0.    0.    0.  ]
 [ 0.    0.75 -0.75  0.    0.    0.  ]
 [ 0.    0.75  0.75  0.    0.    0.  ]
 [ 0.75 -0.75  0.    0.    0.    0.  ]
 [ 0.75  0.   -0.75  0.    0.    0.  ]
 [ 0.75  0.    0.75  0.    0.    0.  ]
 [ 0.75  0.75  0.    0.    0.    0.  ]]
Slicing  [-1.75  0.25  1.  ]  to  [-1.  1.  1.]
Slicing  [-1.75  1.    0.25]  to  [-1.  1.  1.]
Slicing  [-1.75  1.    1.75]  to  [-1.  1.  1.]
Slicing  [-1.75  1.75  1.  ]  to  [-1.  1.  1.]
Slicing  [-1.    0.25  0.25]  to  [-1.  1.  1.]
Slicing  [-1.    0.25  1.75]  to  [-1.  1.  1.]
Slicing  [-1.    1.75  0.25]  to  [-1.  1.  1.]
Slicing  [-1.    1.75  1.75]  to  [-1.  1.  1.]
Slicing  [-0.25  0.25  1.  ]  to  [-1.  1.  1.]
Slicing  [-0.25  1.    0.25]  to  [-1.  1.  1.]
Slicing  [-0.25  1.    1.75]  to  [-1.  1.  1.]
Slicing  [-0.25  1.75  1.  ]  to  [-1.  1.  1.]
Processing BZ [-1  1  1], path segments from Gamma to L

8 symmetrically equivalent path segments
[[ 0.   0.   0.  -0.5 -0.5 -0.5]
 [ 0.   0.   0.  -0.5 -0.5  0.5]
 [ 0.   0.   0.  -0.5  0.5 -0.5]
 [ 0.   0.   0.  -0.5  0.5  0.5]
 [ 0.   0.   0.   0.5 -0.5 -0.5]
 [ 0.   0.   0.   0.5 -0.5  0.5]
 [ 0.   0.   0.   0.5  0.5 -0.5]
 [ 0.   0.   0.   0.5  0.5  0.5]]
Slicing  [-1.  1.  1.]  to  [-1.5  0.5  0.5]
Slicing  [-1.  1.  1.]  to  [-1.5  0.5  1.5]
Slicing  [-1.  1.  1.]  to  [-1.5  1.5  0.5]
Slicing  [-1.  1.  1.]  to  [-1.5  1.5  1.5]
Slicing  [-1.  1.  1.]  to  [-0.5  0.5  0.5]
Slicing  [-1.  1.  1.]  to  [-0.5  0.5  1.5]
Slicing  [-1.  1.  1.]  to  [-0.5  1.5  0.5]


Processed: 1757/1952 (90.01%) | Elapsed: 01:21:57 | BZ Folding estimated remaining time: 00:09:05


Slicing  [-1.  1.  1.]  to  [-0.5  1.5  1.5]
Processing BZ [-1  1  1], path segments from L to W

48 symmetrically equivalent path segments
[[-0.5 -0.5 -0.5 -1.  -0.5  0. ]
 [-0.5 -0.5 -0.5 -1.   0.  -0.5]
 [-0.5 -0.5 -0.5 -0.5 -1.   0. ]
 [-0.5 -0.5 -0.5 -0.5  0.  -1. ]
 [-0.5 -0.5 -0.5  0.  -1.  -0.5]
 [-0.5 -0.5 -0.5  0.  -0.5 -1. ]
 [-0.5 -0.5  0.5 -1.  -0.5  0. ]
 [-0.5 -0.5  0.5 -1.   0.   0.5]
 [-0.5 -0.5  0.5 -0.5 -1.   0. ]
 [-0.5 -0.5  0.5 -0.5  0.   1. ]
 [-0.5 -0.5  0.5  0.  -1.   0.5]
 [-0.5 -0.5  0.5  0.  -0.5  1. ]
 [-0.5  0.5 -0.5 -1.   0.  -0.5]
 [-0.5  0.5 -0.5 -1.   0.5  0. ]
 [-0.5  0.5 -0.5 -0.5  0.  -1. ]
 [-0.5  0.5 -0.5 -0.5  1.   0. ]
 [-0.5  0.5 -0.5  0.   0.5 -1. ]
 [-0.5  0.5 -0.5  0.   1.  -0.5]
 [-0.5  0.5  0.5 -1.   0.   0.5]
 [-0.5  0.5  0.5 -1.   0.5  0. ]
 [-0.5  0.5  0.5 -0.5  0.   1. ]
 [-0.5  0.5  0.5 -0.5  1.   0. ]
 [-0.5  0.5  0.5  0.   0.5  1. ]
 [-0.5  0.5  0.5  0.   1.   0.5]
 [ 0.5 -0.5 -0.5  0.  -1.  -0.5]
 [ 0.5 -0.5 -0.5  0.  -0.5 -1. ]
 [ 0.5 -0.5 -0.5  0.5 -1.   0. ]
 [ 0.5 -0.5 -0.5  0.5  0.  -1. ]
 [ 0.5 -0.5 -0.5  1.  -0.5  0. ]
 [ 0.5 -0.5 -0.5  1.   0.  -0.5]
 [ 0.5 -0.5  0.5  0.  -1.   0.5]
 [ 0.5 -0.5  0.5  0.  -0.5  1. ]
 [ 0.5 -0.5  0.5  0.5 -1.   0. ]
 [ 0.5 -0.5  0.5  0.5  0.   1. ]
 [ 0.5 -0.5  0.5  1.  -0.5  0. ]
 [ 0.5 -0.5  0.5  1.   0.   0.5]
 [ 0.5  0.5 -0.5  0.   0.5 -1. ]
 [ 0.5  0.5 -0.5  0.   1.  -0.5]
 [ 0.5  0.5 -0.5  0.5  0.  -1. ]
 [ 0.5  0.5 -0.5  0.5  1.   0. ]
 [ 0.5  0.5 -0.5  1.   0.  -0.5]
 [ 0.5  0.5 -0.5  1.   0.5  0. ]
 [ 0.5  0.5  0.5  0.   0.5  1. ]
 [ 0.5  0.5  0.5  0.   1.   0.5]
 [ 0.5  0.5  0.5  0.5  0.   1. ]
 [ 0.5  0.5  0.5  0.5  1.   0. ]
 [ 0.5  0.5  0.5  1.   0.   0.5]
 [ 0.5  0.5  0.5  1.   0.5  0. ]]
Slicing  [-1.5  0.5  0.5]  to  [-2.   0.5  1. ]
Slicing  [-1.5  0.5  0.5]  to  [-2.   1.   0.5]
Slicing  [-1.5  0.5  0.5]  to  [-1.5  0.   1. ]
Slicing  [-1.5  0.5  0.5]  to  [-1.5  1.   0. ]
Slicing  [-1.5  0.5  0.5]  to  [-1.   0.   0.5]
Slicing  [-1.5  0.5  0.5]  to  [-1.   0.5  0. ]
Slicing  [-1.5  0.5  1.5]  to  [-2.   0.5  1. ]
Slicing  [-1.5  0.5  1.5]  to  [-2.   1.   1.5]
Slicing  [-1.5  0.5  1.5]  to  [-1.5  0.   1. ]
Slicing  [-1.5  0.5  1.5]  to  [-1.5  1.   2. ]
Slicing  [-1.5  0.5  1.5]  to  [-1.   0.   1.5]
Slicing  [-1.5  0.5  1.5]  to  [-1.   0.5  2. ]
Slicing  [-1.5  1.5  0.5]  to  [-2.   1.   0.5]
Slicing  [-1.5  1.5  0.5]  to  [-2.   1.5  1. ]
Slicing  [-1.5  1.5  0.5]  to  [-1.5  1.   0. ]
Slicing  [-1.5  1.5  0.5]  to  [-1.5  2.   1. ]
Slicing  [-1.5  1.5  0.5]  to  [-1.   1.5  0. ]
Slicing  [-1.5  1.5  0.5]  to  [-1.   2.   0.5]
Slicing  [-1.5  1.5  1.5]  to  [-2.   1.   1.5]
Slicing  [-1.5  1.5  1.5]  to  [-2.   1.5  1. ]
Slicing  [-1.5  1.5  1.5]  to  [-1.5  1.   2. ]
Slicing  [-1.5  1.5  1.5]  to  [-1.5  2.   1. ]
Slicing  [-1.5  1.5  1.5]  to  [-1.   1.5  2. ]
Slicing  [-1.5  1.5  1.5]  to  [-1.   2.   1.5]
Slicing  [-0.5  0.5  0.5]  to  [-1.   0.   0.5]
Slicing  [-0.5  0.5  0.5]  to  [-1.   0.5  0. ]
Slicing  [-0.5  0.5  0.5]  to  [-0.5  0.   1. ]
Slicing  [-0.5  0.5  0.5]  to  [-0.5  1.   0. ]
Slicing  [-0.5  0.5  0.5]  to  [0.  0.5 1. ]
Slicing  [-0.5  0.5  0.5]  to  [0.  1.  0.5]
Slicing  [-0.5  0.5  1.5]  to  [-1.   0.   1.5]
Slicing  [-0.5  0.5  1.5]  to  [-1.   0.5  2. ]
Slicing  [-0.5  0.5  1.5]  to  [-0.5  0.   1. ]
Slicing  [-0.5  0.5  1.5]  to  [-0.5  1.   2. ]
Slicing  [-0.5  0.5  1.5]  to  [0.  0.5 1. ]
Slicing  [-0.5  0.5  1.5]  to  [0.  1.  1.5]
Slicing  [-0.5  1.5  0.5]  to  [-1.   1.5  0. ]
Slicing  [-0.5  1.5  0.5]  to  [-1.   2.   0.5]


Processed: 1796/1952 (92.01%) | Elapsed: 01:23:37 | BZ Folding estimated remaining time: 00:07:15


Slicing  [-0.5  1.5  0.5]  to  [-0.5  1.   0. ]
Slicing  [-0.5  1.5  0.5]  to  [-0.5  2.   1. ]
Slicing  [-0.5  1.5  0.5]  to  [0.  1.  0.5]
Slicing  [-0.5  1.5  0.5]  to  [0.  1.5 1. ]
Slicing  [-0.5  1.5  1.5]  to  [-1.   1.5  2. ]
Slicing  [-0.5  1.5  1.5]  to  [-1.   2.   1.5]
Slicing  [-0.5  1.5  1.5]  to  [-0.5  1.   2. ]
Slicing  [-0.5  1.5  1.5]  to  [-0.5  2.   1. ]
Slicing  [-0.5  1.5  1.5]  to  [0.  1.  1.5]
Slicing  [-0.5  1.5  1.5]  to  [0.  1.5 1. ]
Processing BZ [-1  1  1], path segments from W to X

24 symmetrically equivalent path segments
[[-1.  -0.5  0.  -1.   0.   0. ]
 [-1.   0.  -0.5 -1.   0.   0. ]
 [-1.   0.   0.5 -1.   0.   0. ]
 [-1.   0.5  0.  -1.   0.   0. ]
 [-0.5 -1.   0.   0.  -1.   0. ]
 [-0.5  0.  -1.   0.   0.  -1. ]
 [-0.5  0.   1.   0.   0.   1. ]
 [-0.5  1.   0.   0.   1.   0. ]
 [ 0.  -1.  -0.5  0.  -1.   0. ]
 [ 0.  -1.   0.5  0.  -1.   0. ]
 [ 0.  -0.5 -1.   0.   0.  -1. ]
 [ 0.  -0.5  1.   0.   0.   1. ]
 [ 0.   0.5 -1.   0.   0.  -1. ]
 [ 0.   0.5  1.   0.   0.   1. ]
 [ 0.   1.  -0.5  0.   1.   0. ]
 [ 0.   1.   0.5  0.   1.   0. ]
 [ 0.5 -1.   0.   0.  -1.   0. ]
 [ 0.5  0.  -1.   0.   0.  -1. ]
 [ 0.5  0.   1.   0.   0.   1. ]
 [ 0.5  1.   0.   0.   1.   0. ]
 [ 1.  -0.5  0.   1.   0.   0. ]
 [ 1.   0.  -0.5  1.   0.   0. ]
 [ 1.   0.   0.5  1.   0.   0. ]
 [ 1.   0.5  0.   1.   0.   0. ]]
Slicing  [-2.   0.5  1. ]  to  [-2.  1.  1.]
Slicing  [-2.   1.   0.5]  to  [-2.  1.  1.]
Slicing  [-2.   1.   1.5]  to  [-2.  1.  1.]
Slicing  [-2.   1.5  1. ]  to  [-2.  1.  1.]
Slicing  [-1.5  0.   1. ]  to  [-1.  0.  1.]
Slicing  [-1.5  1.   0. ]  to  [-1.  1.  0.]
Slicing  [-1.5  1.   2. ]  to  [-1.  1.  2.]
Slicing  [-1.5  2.   1. ]  to  [-1.  2.  1.]
Slicing  [-1.   0.   0.5]  to  [-1.  0.  1.]
Slicing  [-1.   0.   1.5]  to  [-1.  0.  1.]
Slicing  [-1.   0.5  0. ]  to  [-1.  1.  0.]
Slicing  [-1.   0.5  2. ]  to  [-1.  1.  2.]
Slicing  [-1.   1.5  0. ]  to  [-1.  1.  0.]
Slicing  [-1.   1.5  2. ]  to  [-1.  1.  2.]
Slicing  [-1.   2.   0.5]  to  [-1.  2.  1.]
Slicing  [-1.   2.   1.5]  to  [-1.  2.  1.]
Slicing  [-0.5  0.   1. ]  to  [-1.  0.  1.]
Slicing  [-0.5  1.   0. ]  to  [-1.  1.  0.]
Slicing  [-0.5  1.   2. ]  to  [-1.  1.  2.]
Slicing  [-0.5  2.   1. ]  to  [-1.  2.  1.]
Slicing  [0.  0.5 1. ]  to  [0. 1. 1.]
Slicing  [0.  1.  0.5]  to  [0. 1. 1.]
Slicing  [0.  1.  1.5]  to  [0. 1. 1.]
Slicing  [0.  1.5 1. ]  to  [0. 1. 1.]

Generating Report for BZ [-1  1  1]
Warning: No valid data in segment Gamma2X_BZ[-1  1  1]_final.nxs, skipping percentile calculation.
Warning: No valid data in segment X2U_BZ[-1  1  1]_final.nxs, skipping percentile calculation.
Warning: No valid data in segment K2Gamma_BZ[-1  1  1]_final.nxs, skipping percentile calculation.
Warning: No valid data in segment Gamma2L_BZ[-1  1  1]_final.nxs, skipping percentile calculation.
Warning: No valid data in segment L2W_BZ[-1  1  1]_final.nxs, skipping percentile calculation.
Warning: No valid data in segment W2X_BZ[-1  1  1]_final.nxs, skipping percentile calculation.

Combining all 14 BZ

BZ [-1  1  1] done. Total time elapsed 01:25:45
Processing BZ [-1  1 -1], path segments from Gamma to X

6 symmetrically equivalent path segments
[[ 0.  0.  0. -1.  0.  0.]
 [ 0.  0.  0.  0. -1.  0.]
 [ 0.  0.  0.  0.  0. -1.]
 [ 0.  0.  0.  0.  0.  1.]
 [ 0.  0.  0.  0.  1.  0.]
 [ 0.  0.  0.  1.  0.  0.]]
Slicing  [-1.  1. -1.]  to  [-2.  1. -1.]
Slicing  [-1.  1. -1.]  to  [-1.  0. -1.]
Slicing  [-1.  1. -1.]  to  [-1.  1. -2.]
Slicing  [-1.  1. -1.]  to  [-1.  1.  0.]
Slicing  [-1.  1. -1.]  to  [-1.  2. -1.]


Processed: 1835/1952 (94.01%) | Elapsed: 01:25:31 | BZ Folding estimated remaining time: 00:05:27


Slicing  [-1.  1. -1.]  to  [ 0.  1. -1.]
Processing BZ [-1  1 -1], path segments from X to U

24 symmetrically equivalent path segments
[[-1.    0.    0.   -1.   -0.25 -0.25]
 [-1.    0.    0.   -1.   -0.25  0.25]
 [-1.    0.    0.   -1.    0.25 -0.25]
 [-1.    0.    0.   -1.    0.25  0.25]
 [ 0.   -1.    0.   -0.25 -1.   -0.25]
 [ 0.   -1.    0.   -0.25 -1.    0.25]
 [ 0.   -1.    0.    0.25 -1.   -0.25]
 [ 0.   -1.    0.    0.25 -1.    0.25]
 [ 0.    0.   -1.   -0.25 -0.25 -1.  ]
 [ 0.    0.   -1.   -0.25  0.25 -1.  ]
 [ 0.    0.   -1.    0.25 -0.25 -1.  ]
 [ 0.    0.   -1.    0.25  0.25 -1.  ]
 [ 0.    0.    1.   -0.25 -0.25  1.  ]
 [ 0.    0.    1.   -0.25  0.25  1.  ]
 [ 0.    0.    1.    0.25 -0.25  1.  ]
 [ 0.    0.    1.    0.25  0.25  1.  ]
 [ 0.    1.    0.   -0.25  1.   -0.25]
 [ 0.    1.    0.   -0.25  1.    0.25]
 [ 0.    1.    0.    0.25  1.   -0.25]
 [ 0.    1.    0.    0.25  1.    0.25]
 [ 1.    0.    0.    1.   -0.25 -0.25]
 [ 1.    0.    0.    1.   -0.25  0.25]
 [ 1.    0.    0.    1.    0.25 -0.25]
 [ 1.    0.    0.    1.    0.25  0.25]]
Slicing  [-2.  1. -1.]  to  [-2.    0.75 -1.25]
Slicing  [-2.  1. -1.]  to  [-2.    0.75 -0.75]
Slicing  [-2.  1. -1.]  to  [-2.    1.25 -1.25]
Slicing  [-2.  1. -1.]  to  [-2.    1.25 -0.75]
Slicing  [-1.  0. -1.]  to  [-1.25  0.   -1.25]
Slicing  [-1.  0. -1.]  to  [-1.25  0.   -0.75]
Slicing  [-1.  0. -1.]  to  [-0.75  0.   -1.25]
Slicing  [-1.  0. -1.]  to  [-0.75  0.   -0.75]
Slicing  [-1.  1. -2.]  to  [-1.25  0.75 -2.  ]
Slicing  [-1.  1. -2.]  to  [-1.25  1.25 -2.  ]
Slicing  [-1.  1. -2.]  to  [-0.75  0.75 -2.  ]
Slicing  [-1.  1. -2.]  to  [-0.75  1.25 -2.  ]
Slicing  [-1.  1.  0.]  to  [-1.25  0.75  0.  ]
Slicing  [-1.  1.  0.]  to  [-1.25  1.25  0.  ]
Slicing  [-1.  1.  0.]  to  [-0.75  0.75  0.  ]
Slicing  [-1.  1.  0.]  to  [-0.75  1.25  0.  ]
Slicing  [-1.  2. -1.]  to  [-1.25  2.   -1.25]
Slicing  [-1.  2. -1.]  to  [-1.25  2.   -0.75]
Slicing  [-1.  2. -1.]  to  [-0.75  2.   -1.25]
Slicing  [-1.  2. -1.]  to  [-0.75  2.   -0.75]
Slicing  [ 0.  1. -1.]  to  [ 0.    0.75 -1.25]
Slicing  [ 0.  1. -1.]  to  [ 0.    0.75 -0.75]
Slicing  [ 0.  1. -1.]  to  [ 0.    1.25 -1.25]
Slicing  [ 0.  1. -1.]  to  [ 0.    1.25 -0.75]
Processing BZ [-1  1 -1], path segments from K to Gamma

12 symmetrically equivalent path segments
[[-0.75 -0.75  0.    0.    0.    0.  ]
 [-0.75  0.   -0.75  0.    0.    0.  ]
 [-0.75  0.    0.75  0.    0.    0.  ]
 [-0.75  0.75  0.    0.    0.    0.  ]
 [ 0.   -0.75 -0.75  0.    0.    0.  ]
 [ 0.   -0.75  0.75  0.    0.    0.  ]
 [ 0.    0.75 -0.75  0.    0.    0.  ]
 [ 0.    0.75  0.75  0.    0.    0.  ]
 [ 0.75 -0.75  0.    0.    0.    0.  ]
 [ 0.75  0.   -0.75  0.    0.    0.  ]
 [ 0.75  0.    0.75  0.    0.    0.  ]
 [ 0.75  0.75  0.    0.    0.    0.  ]]
Slicing  [-1.75  0.25 -1.  ]  to  [-1.  1. -1.]
Slicing  [-1.75  1.   -1.75]  to  [-1.  1. -1.]
Slicing  [-1.75  1.   -0.25]  to  [-1.  1. -1.]
Slicing  [-1.75  1.75 -1.  ]  to  [-1.  1. -1.]
Slicing  [-1.    0.25 -1.75]  to  [-1.  1. -1.]
Slicing  [-1.    0.25 -0.25]  to  [-1.  1. -1.]
Slicing  [-1.    1.75 -1.75]  to  [-1.  1. -1.]
Slicing  [-1.    1.75 -0.25]  to  [-1.  1. -1.]
Slicing  [-0.25  0.25 -1.  ]  to  [-1.  1. -1.]
Slicing  [-0.25  1.   -1.75]  to  [-1.  1. -1.]
Slicing  [-0.25  1.   -0.25]  to  [-1.  1. -1.]
Slicing  [-0.25  1.75 -1.  ]  to  [-1.  1. -1.]
Processing BZ [-1  1 -1], path segments from Gamma to L

8 symmetrically equivalent path segments
[[ 0.   0.   0.  -0.5 -0.5 -0.5]
 [ 0.   0.   0.  -0.5 -0.5  0.5]
 [ 0.   0.   0.  -0.5  0.5 -0.5]
 [ 0.   0.   0.  -0.5  0.5  0.5]
 [ 0.   0.   0.   0.5 -0.5 -0.5]
 [ 0.   0.   0.   0.5 -0.5  0.5]
 [ 0.   0.   0.   0.5  0.5 -0.5]
 [ 0.   0.   0.   0.5  0.5  0.5]]
Slicing  [-1.  1. -1.]  to  [-1.5  0.5 -1.5]
Slicing  [-1.  1. -1.]  to  [-1.5  0.5 -0.5]


Processed: 1874/1952 (96.00%) | Elapsed: 01:27:13 | BZ Folding estimated remaining time: 00:03:37


Slicing  [-1.  1. -1.]  to  [-1.5  1.5 -1.5]
Slicing  [-1.  1. -1.]  to  [-1.5  1.5 -0.5]
Slicing  [-1.  1. -1.]  to  [-0.5  0.5 -1.5]
Slicing  [-1.  1. -1.]  to  [-0.5  0.5 -0.5]
Slicing  [-1.  1. -1.]  to  [-0.5  1.5 -1.5]
Slicing  [-1.  1. -1.]  to  [-0.5  1.5 -0.5]
Processing BZ [-1  1 -1], path segments from L to W

48 symmetrically equivalent path segments
[[-0.5 -0.5 -0.5 -1.  -0.5  0. ]
 [-0.5 -0.5 -0.5 -1.   0.  -0.5]
 [-0.5 -0.5 -0.5 -0.5 -1.   0. ]
 [-0.5 -0.5 -0.5 -0.5  0.  -1. ]
 [-0.5 -0.5 -0.5  0.  -1.  -0.5]
 [-0.5 -0.5 -0.5  0.  -0.5 -1. ]
 [-0.5 -0.5  0.5 -1.  -0.5  0. ]
 [-0.5 -0.5  0.5 -1.   0.   0.5]
 [-0.5 -0.5  0.5 -0.5 -1.   0. ]
 [-0.5 -0.5  0.5 -0.5  0.   1. ]
 [-0.5 -0.5  0.5  0.  -1.   0.5]
 [-0.5 -0.5  0.5  0.  -0.5  1. ]
 [-0.5  0.5 -0.5 -1.   0.  -0.5]
 [-0.5  0.5 -0.5 -1.   0.5  0. ]
 [-0.5  0.5 -0.5 -0.5  0.  -1. ]
 [-0.5  0.5 -0.5 -0.5  1.   0. ]
 [-0.5  0.5 -0.5  0.   0.5 -1. ]
 [-0.5  0.5 -0.5  0.   1.  -0.5]
 [-0.5  0.5  0.5 -1.   0.   0.5]
 [-0.5  0.5  0.5 -1.   0.5  0. ]
 [-0.5  0.5  0.5 -0.5  0.   1. ]
 [-0.5  0.5  0.5 -0.5  1.   0. ]
 [-0.5  0.5  0.5  0.   0.5  1. ]
 [-0.5  0.5  0.5  0.   1.   0.5]
 [ 0.5 -0.5 -0.5  0.  -1.  -0.5]
 [ 0.5 -0.5 -0.5  0.  -0.5 -1. ]
 [ 0.5 -0.5 -0.5  0.5 -1.   0. ]
 [ 0.5 -0.5 -0.5  0.5  0.  -1. ]
 [ 0.5 -0.5 -0.5  1.  -0.5  0. ]
 [ 0.5 -0.5 -0.5  1.   0.  -0.5]
 [ 0.5 -0.5  0.5  0.  -1.   0.5]
 [ 0.5 -0.5  0.5  0.  -0.5  1. ]
 [ 0.5 -0.5  0.5  0.5 -1.   0. ]
 [ 0.5 -0.5  0.5  0.5  0.   1. ]
 [ 0.5 -0.5  0.5  1.  -0.5  0. ]
 [ 0.5 -0.5  0.5  1.   0.   0.5]
 [ 0.5  0.5 -0.5  0.   0.5 -1. ]
 [ 0.5  0.5 -0.5  0.   1.  -0.5]
 [ 0.5  0.5 -0.5  0.5  0.  -1. ]
 [ 0.5  0.5 -0.5  0.5  1.   0. ]
 [ 0.5  0.5 -0.5  1.   0.  -0.5]
 [ 0.5  0.5 -0.5  1.   0.5  0. ]
 [ 0.5  0.5  0.5  0.   0.5  1. ]
 [ 0.5  0.5  0.5  0.   1.   0.5]
 [ 0.5  0.5  0.5  0.5  0.   1. ]
 [ 0.5  0.5  0.5  0.5  1.   0. ]
 [ 0.5  0.5  0.5  1.   0.   0.5]
 [ 0.5  0.5  0.5  1.   0.5  0. ]]
Slicing  [-1.5  0.5 -1.5]  to  [-2.   0.5 -1. ]
Slicing  [-1.5  0.5 -1.5]  to  [-2.   1.  -1.5]
Slicing  [-1.5  0.5 -1.5]  to  [-1.5  0.  -1. ]
Slicing  [-1.5  0.5 -1.5]  to  [-1.5  1.  -2. ]
Slicing  [-1.5  0.5 -1.5]  to  [-1.   0.  -1.5]
Slicing  [-1.5  0.5 -1.5]  to  [-1.   0.5 -2. ]
Slicing  [-1.5  0.5 -0.5]  to  [-2.   0.5 -1. ]
Slicing  [-1.5  0.5 -0.5]  to  [-2.   1.  -0.5]
Slicing  [-1.5  0.5 -0.5]  to  [-1.5  0.  -1. ]
Slicing  [-1.5  0.5 -0.5]  to  [-1.5  1.   0. ]
Slicing  [-1.5  0.5 -0.5]  to  [-1.   0.  -0.5]
Slicing  [-1.5  0.5 -0.5]  to  [-1.   0.5  0. ]
Slicing  [-1.5  1.5 -1.5]  to  [-2.   1.  -1.5]
Slicing  [-1.5  1.5 -1.5]  to  [-2.   1.5 -1. ]
Slicing  [-1.5  1.5 -1.5]  to  [-1.5  1.  -2. ]
Slicing  [-1.5  1.5 -1.5]  to  [-1.5  2.  -1. ]
Slicing  [-1.5  1.5 -1.5]  to  [-1.   1.5 -2. ]
Slicing  [-1.5  1.5 -1.5]  to  [-1.   2.  -1.5]
Slicing  [-1.5  1.5 -0.5]  to  [-2.   1.  -0.5]
Slicing  [-1.5  1.5 -0.5]  to  [-2.   1.5 -1. ]
Slicing  [-1.5  1.5 -0.5]  to  [-1.5  1.   0. ]
Slicing  [-1.5  1.5 -0.5]  to  [-1.5  2.  -1. ]
Slicing  [-1.5  1.5 -0.5]  to  [-1.   1.5  0. ]
Slicing  [-1.5  1.5 -0.5]  to  [-1.   2.  -0.5]
Slicing  [-0.5  0.5 -1.5]  to  [-1.   0.  -1.5]
Slicing  [-0.5  0.5 -1.5]  to  [-1.   0.5 -2. ]
Slicing  [-0.5  0.5 -1.5]  to  [-0.5  0.  -1. ]
Slicing  [-0.5  0.5 -1.5]  to  [-0.5  1.  -2. ]
Slicing  [-0.5  0.5 -1.5]  to  [ 0.   0.5 -1. ]
Slicing  [-0.5  0.5 -1.5]  to  [ 0.   1.  -1.5]
Slicing  [-0.5  0.5 -0.5]  to  [-1.   0.  -0.5]
Slicing  [-0.5  0.5 -0.5]  to  [-1.   0.5  0. ]
Slicing  [-0.5  0.5 -0.5]  to  [-0.5  0.  -1. ]


Processed: 1913/1952 (98.00%) | Elapsed: 01:28:56 | BZ Folding estimated remaining time: 00:01:48


Slicing  [-0.5  0.5 -0.5]  to  [-0.5  1.   0. ]
Slicing  [-0.5  0.5 -0.5]  to  [ 0.   0.5 -1. ]
Slicing  [-0.5  0.5 -0.5]  to  [ 0.   1.  -0.5]
Slicing  [-0.5  1.5 -1.5]  to  [-1.   1.5 -2. ]
Slicing  [-0.5  1.5 -1.5]  to  [-1.   2.  -1.5]
Slicing  [-0.5  1.5 -1.5]  to  [-0.5  1.  -2. ]
Slicing  [-0.5  1.5 -1.5]  to  [-0.5  2.  -1. ]
Slicing  [-0.5  1.5 -1.5]  to  [ 0.   1.  -1.5]
Slicing  [-0.5  1.5 -1.5]  to  [ 0.   1.5 -1. ]
Slicing  [-0.5  1.5 -0.5]  to  [-1.   1.5  0. ]
Slicing  [-0.5  1.5 -0.5]  to  [-1.   2.  -0.5]
Slicing  [-0.5  1.5 -0.5]  to  [-0.5  1.   0. ]
Slicing  [-0.5  1.5 -0.5]  to  [-0.5  2.  -1. ]
Slicing  [-0.5  1.5 -0.5]  to  [ 0.   1.  -0.5]
Slicing  [-0.5  1.5 -0.5]  to  [ 0.   1.5 -1. ]
Processing BZ [-1  1 -1], path segments from W to X

24 symmetrically equivalent path segments
[[-1.  -0.5  0.  -1.   0.   0. ]
 [-1.   0.  -0.5 -1.   0.   0. ]
 [-1.   0.   0.5 -1.   0.   0. ]
 [-1.   0.5  0.  -1.   0.   0. ]
 [-0.5 -1.   0.   0.  -1.   0. ]
 [-0.5  0.  -1.   0.   0.  -1. ]
 [-0.5  0.   1.   0.   0.   1. ]
 [-0.5  1.   0.   0.   1.   0. ]
 [ 0.  -1.  -0.5  0.  -1.   0. ]
 [ 0.  -1.   0.5  0.  -1.   0. ]
 [ 0.  -0.5 -1.   0.   0.  -1. ]
 [ 0.  -0.5  1.   0.   0.   1. ]
 [ 0.   0.5 -1.   0.   0.  -1. ]
 [ 0.   0.5  1.   0.   0.   1. ]
 [ 0.   1.  -0.5  0.   1.   0. ]
 [ 0.   1.   0.5  0.   1.   0. ]
 [ 0.5 -1.   0.   0.  -1.   0. ]
 [ 0.5  0.  -1.   0.   0.  -1. ]
 [ 0.5  0.   1.   0.   0.   1. ]
 [ 0.5  1.   0.   0.   1.   0. ]
 [ 1.  -0.5  0.   1.   0.   0. ]
 [ 1.   0.  -0.5  1.   0.   0. ]
 [ 1.   0.   0.5  1.   0.   0. ]
 [ 1.   0.5  0.   1.   0.   0. ]]
Slicing  [-2.   0.5 -1. ]  to  [-2.  1. -1.]
Slicing  [-2.   1.  -1.5]  to  [-2.  1. -1.]
Slicing  [-2.   1.  -0.5]  to  [-2.  1. -1.]
Slicing  [-2.   1.5 -1. ]  to  [-2.  1. -1.]
Slicing  [-1.5  0.  -1. ]  to  [-1.  0. -1.]
Slicing  [-1.5  1.  -2. ]  to  [-1.  1. -2.]
Slicing  [-1.5  1.   0. ]  to  [-1.  1.  0.]
Slicing  [-1.5  2.  -1. ]  to  [-1.  2. -1.]
Slicing  [-1.   0.  -1.5]  to  [-1.  0. -1.]
Slicing  [-1.   0.  -0.5]  to  [-1.  0. -1.]
Slicing  [-1.   0.5 -2. ]  to  [-1.  1. -2.]
Slicing  [-1.   0.5  0. ]  to  [-1.  1.  0.]
Slicing  [-1.   1.5 -2. ]  to  [-1.  1. -2.]
Slicing  [-1.   1.5  0. ]  to  [-1.  1.  0.]
Slicing  [-1.   2.  -1.5]  to  [-1.  2. -1.]
Slicing  [-1.   2.  -0.5]  to  [-1.  2. -1.]
Slicing  [-0.5  0.  -1. ]  to  [-1.  0. -1.]
Slicing  [-0.5  1.  -2. ]  to  [-1.  1. -2.]
Slicing  [-0.5  1.   0. ]  to  [-1.  1.  0.]
Slicing  [-0.5  2.  -1. ]  to  [-1.  2. -1.]
Slicing  [ 0.   0.5 -1. ]  to  [ 0.  1. -1.]
Slicing  [ 0.   1.  -1.5]  to  [ 0.  1. -1.]
Slicing  [ 0.   1.  -0.5]  to  [ 0.  1. -1.]
Slicing  [ 0.   1.5 -1. ]  to  [ 0.  1. -1.]


Processed: 1952/1952 (100.00%) | Elapsed: 01:30:37 | BZ Folding estimated remaining time: 00:00:00



Generating Report for BZ [-1  1 -1]
Warning: No valid data in segment Gamma2X_BZ[-1  1 -1]_final.nxs, skipping percentile calculation.
Warning: No valid data in segment X2U_BZ[-1  1 -1]_final.nxs, skipping percentile calculation.
Warning: No valid data in segment K2Gamma_BZ[-1  1 -1]_final.nxs, skipping percentile calculation.
Warning: No valid data in segment Gamma2L_BZ[-1  1 -1]_final.nxs, skipping percentile calculation.
Warning: No valid data in segment L2W_BZ[-1  1 -1]_final.nxs, skipping percentile calculation.
Warning: No valid data in segment W2X_BZ[-1  1 -1]_final.nxs, skipping percentile calculation.

Combining all 15 BZ

BZ [-1  1 -1] done. Total time elapsed 01:31:19

Folded 16 BZ in 01:31:19
Total expected slices: 0
