Searching for spacegroup Fd-3m
Matching spacegroup found: F d -3 m
Space group with Hermann-Mauguin symbol: F d -3 m
Point group with:
Lattice system: Cubic
Crystal system: Cubic
Symbol: m-3m
Processing  1  datasets.
Try loading MDE from /SNS/ARCS/IPTS-13861/shared/Aiden/merged_mde/Ge_5K_40meV.nxs
Loading normalization and masking file /SNS/ARCS/IPTS-13861/shared/jen/reduction/van67625.nxs
BZ cov and thresh in  16.34739851951599
Initial BZ list:  21 [[4, 2, 0], [2, 4, 0], [4, 0, 0], [2, 2, 0], [4, -2, 0], [3, 3, 1], [3, -1, 1], [2, 0, 0], [3, 3, -1], [3, 1, -1], [3, 1, 1], [5, -1, -1], [5, 1, -1], [1, 5, -1], [3, -1, -1], [1, 3, -1], [1, 3, 1], [0, 2, 0], [4, 4, 0], [5, -1, 1], [1, 5, 1]]

Checking for prior progress
0 BZ arrays fully processed and removed:
[]

Data being processed in 21 BZs

BZs: [[4, 2, 0], [2, 4, 0], [4, 0, 0], [2, 2, 0], [4, -2, 0], [3, 3, 1], [3, -1, 1], [2, 0, 0], [3, 3, -1], [3, 1, -1], [3, 1, 1], [5, -1, -1], [5, 1, -1], [1, 5, -1], [3, -1, -1], [1, 3, -1], [1, 3, 1], [0, 2, 0], [4, 4, 0], [5, -1, 1], [1, 5, 1]]
BZ strings for match: set()
No previous simulation data found.
loaded data and norm for sim lens  0 0

6 ('Gamma', 'X') symmetrically equivalent path segments

24 ('X', 'U') symmetrically equivalent path segments

12 ('K', 'Gamma') symmetrically equivalent path segments

8 ('Gamma', 'L') symmetrically equivalent path segments

48 ('L', 'W') symmetrically equivalent path segments

24 ('W', 'X') symmetrically equivalent path segments


 Total expected slices: 2562


Processing BZ [4 2 0], path segments from Gamma to X

6 symmetrically equivalent path segments
[[ 0.  0.  0. -1.  0.  0.]
 [ 0.  0.  0.  0. -1.  0.]
 [ 0.  0.  0.  0.  0. -1.]
 [ 0.  0.  0.  0.  0.  1.]
 [ 0.  0.  0.  0.  1.  0.]
 [ 0.  0.  0.  1.  0.  0.]]
Slicing  [4. 2. 0.]  to  [3. 2. 0.]


Processed: 1/2562 (0.04%) | Elapsed: 00:00:12 | BZ Folding estimated remaining time: 09:01:12


Slicing  [4. 2. 0.]  to  [4. 1. 0.]
Slicing  [4. 2. 0.]  to  [ 4.  2. -1.]
Slicing  [4. 2. 0.]  to  [4. 2. 1.]
Slicing  [4. 2. 0.]  to  [4. 3. 0.]
Slicing  [4. 2. 0.]  to  [5. 2. 0.]
Processing BZ [4 2 0], path segments from X to U

24 symmetrically equivalent path segments
[[-1.    0.    0.   -1.   -0.25 -0.25]
 [-1.    0.    0.   -1.   -0.25  0.25]
 [-1.    0.    0.   -1.    0.25 -0.25]
 [-1.    0.    0.   -1.    0.25  0.25]
 [ 0.   -1.    0.   -0.25 -1.   -0.25]
 [ 0.   -1.    0.   -0.25 -1.    0.25]
 [ 0.   -1.    0.    0.25 -1.   -0.25]
 [ 0.   -1.    0.    0.25 -1.    0.25]
 [ 0.    0.   -1.   -0.25 -0.25 -1.  ]
 [ 0.    0.   -1.   -0.25  0.25 -1.  ]
 [ 0.    0.   -1.    0.25 -0.25 -1.  ]
 [ 0.    0.   -1.    0.25  0.25 -1.  ]
 [ 0.    0.    1.   -0.25 -0.25  1.  ]
 [ 0.    0.    1.   -0.25  0.25  1.  ]
 [ 0.    0.    1.    0.25 -0.25  1.  ]
 [ 0.    0.    1.    0.25  0.25  1.  ]
 [ 0.    1.    0.   -0.25  1.   -0.25]
 [ 0.    1.    0.   -0.25  1.    0.25]
 [ 0.    1.    0.    0.25  1.   -0.25]
 [ 0.    1.    0.    0.25  1.    0.25]
 [ 1.    0.    0.    1.   -0.25 -0.25]
 [ 1.    0.    0.    1.   -0.25  0.25]
 [ 1.    0.    0.    1.    0.25 -0.25]
 [ 1.    0.    0.    1.    0.25  0.25]]
Slicing  [3. 2. 0.]  to  [ 3.    1.75 -0.25]
Slicing  [3. 2. 0.]  to  [3.   1.75 0.25]
Slicing  [3. 2. 0.]  to  [ 3.    2.25 -0.25]
Slicing  [3. 2. 0.]  to  [3.   2.25 0.25]
Slicing  [4. 1. 0.]  to  [ 3.75  1.   -0.25]
Slicing  [4. 1. 0.]  to  [3.75 1.   0.25]
Slicing  [4. 1. 0.]  to  [ 4.25  1.   -0.25]
Slicing  [4. 1. 0.]  to  [4.25 1.   0.25]
Slicing  [ 4.  2. -1.]  to  [ 3.75  1.75 -1.  ]
Slicing  [ 4.  2. -1.]  to  [ 3.75  2.25 -1.  ]
Slicing  [ 4.  2. -1.]  to  [ 4.25  1.75 -1.  ]
Slicing  [ 4.  2. -1.]  to  [ 4.25  2.25 -1.  ]
Slicing  [4. 2. 1.]  to  [3.75 1.75 1.  ]
Slicing  [4. 2. 1.]  to  [3.75 2.25 1.  ]
Slicing  [4. 2. 1.]  to  [4.25 1.75 1.  ]
Slicing  [4. 2. 1.]  to  [4.25 2.25 1.  ]
Slicing  [4. 3. 0.]  to  [ 3.75  3.   -0.25]
Slicing  [4. 3. 0.]  to  [3.75 3.   0.25]
Slicing  [4. 3. 0.]  to  [ 4.25  3.   -0.25]
Slicing  [4. 3. 0.]  to  [4.25 3.   0.25]
Slicing  [5. 2. 0.]  to  [ 5.    1.75 -0.25]
Slicing  [5. 2. 0.]  to  [5.   1.75 0.25]
Slicing  [5. 2. 0.]  to  [ 5.    2.25 -0.25]
Slicing  [5. 2. 0.]  to  [5.   2.25 0.25]
Processing BZ [4 2 0], path segments from K to Gamma

12 symmetrically equivalent path segments
[[-0.75 -0.75  0.    0.    0.    0.  ]
 [-0.75  0.   -0.75  0.    0.    0.  ]
 [-0.75  0.    0.75  0.    0.    0.  ]
 [-0.75  0.75  0.    0.    0.    0.  ]
 [ 0.   -0.75 -0.75  0.    0.    0.  ]
 [ 0.   -0.75  0.75  0.    0.    0.  ]
 [ 0.    0.75 -0.75  0.    0.    0.  ]
 [ 0.    0.75  0.75  0.    0.    0.  ]
 [ 0.75 -0.75  0.    0.    0.    0.  ]
 [ 0.75  0.   -0.75  0.    0.    0.  ]
 [ 0.75  0.    0.75  0.    0.    0.  ]
 [ 0.75  0.75  0.    0.    0.    0.  ]]
Slicing  [3.25 1.25 0.  ]  to  [4. 2. 0.]
Slicing  [ 3.25  2.   -0.75]  to  [4. 2. 0.]
Slicing  [3.25 2.   0.75]  to  [4. 2. 0.]
Slicing  [3.25 2.75 0.  ]  to  [4. 2. 0.]
Slicing  [ 4.    1.25 -0.75]  to  [4. 2. 0.]
Slicing  [4.   1.25 0.75]  to  [4. 2. 0.]
Slicing  [ 4.    2.75 -0.75]  to  [4. 2. 0.]
Slicing  [4.   2.75 0.75]  to  [4. 2. 0.]
Slicing  [4.75 1.25 0.  ]  to  [4. 2. 0.]
Slicing  [ 4.75  2.   -0.75]  to  [4. 2. 0.]
Slicing  [4.75 2.   0.75]  to  [4. 2. 0.]
Slicing  [4.75 2.75 0.  ]  to  [4. 2. 0.]
Processing BZ [4 2 0], path segments from Gamma to L

8 symmetrically equivalent path segments
[[ 0.   0.   0.  -0.5 -0.5 -0.5]
 [ 0.   0.   0.  -0.5 -0.5  0.5]
 [ 0.   0.   0.  -0.5  0.5 -0.5]
 [ 0.   0.   0.  -0.5  0.5  0.5]
 [ 0.   0.   0.   0.5 -0.5 -0.5]
 [ 0.   0.   0.   0.5 -0.5  0.5]
 [ 0.   0.   0.   0.5  0.5 -0.5]
 [ 0.   0.   0.   0.5  0.5  0.5]]
Slicing  [4. 2. 0.]  to  [ 3.5  1.5 -0.5]
Slicing  [4. 2. 0.]  to  [3.5 1.5 0.5]
Slicing  [4. 2. 0.]  to  [ 3.5  2.5 -0.5]
Slicing  [4. 2. 0.]  to  [3.5 2.5 0.5]
Slicing  [4. 2. 0.]  to  [ 4.5  1.5 -0.5]
Slicing  [4. 2. 0.]  to  [4.5 1.5 0.5]
Slicing  [4. 2. 0.]  to  [ 4.5  2.5 -0.5]
Slicing  [4. 2. 0.]  to  [4.5 2.5 0.5]
Processing BZ [4 2 0], path segments from L to W

48 symmetrically equivalent path segments
[[-0.5 -0.5 -0.5 -1.  -0.5  0. ]
 [-0.5 -0.5 -0.5 -1.   0.  -0.5]
 [-0.5 -0.5 -0.5 -0.5 -1.   0. ]
 [-0.5 -0.5 -0.5 -0.5  0.  -1. ]
 [-0.5 -0.5 -0.5  0.  -1.  -0.5]
 [-0.5 -0.5 -0.5  0.  -0.5 -1. ]
 [-0.5 -0.5  0.5 -1.  -0.5  0. ]
 [-0.5 -0.5  0.5 -1.   0.   0.5]
 [-0.5 -0.5  0.5 -0.5 -1.   0. ]
 [-0.5 -0.5  0.5 -0.5  0.   1. ]
 [-0.5 -0.5  0.5  0.  -1.   0.5]
 [-0.5 -0.5  0.5  0.  -0.5  1. ]
 [-0.5  0.5 -0.5 -1.   0.  -0.5]
 [-0.5  0.5 -0.5 -1.   0.5  0. ]
 [-0.5  0.5 -0.5 -0.5  0.  -1. ]
 [-0.5  0.5 -0.5 -0.5  1.   0. ]
 [-0.5  0.5 -0.5  0.   0.5 -1. ]
 [-0.5  0.5 -0.5  0.   1.  -0.5]
 [-0.5  0.5  0.5 -1.   0.   0.5]
 [-0.5  0.5  0.5 -1.   0.5  0. ]
 [-0.5  0.5  0.5 -0.5  0.   1. ]
 [-0.5  0.5  0.5 -0.5  1.   0. ]
 [-0.5  0.5  0.5  0.   0.5  1. ]
 [-0.5  0.5  0.5  0.   1.   0.5]
 [ 0.5 -0.5 -0.5  0.  -1.  -0.5]
 [ 0.5 -0.5 -0.5  0.  -0.5 -1. ]
 [ 0.5 -0.5 -0.5  0.5 -1.   0. ]
 [ 0.5 -0.5 -0.5  0.5  0.  -1. ]
 [ 0.5 -0.5 -0.5  1.  -0.5  0. ]
 [ 0.5 -0.5 -0.5  1.   0.  -0.5]
 [ 0.5 -0.5  0.5  0.  -1.   0.5]
 [ 0.5 -0.5  0.5  0.  -0.5  1. ]
 [ 0.5 -0.5  0.5  0.5 -1.   0. ]
 [ 0.5 -0.5  0.5  0.5  0.   1. ]
 [ 0.5 -0.5  0.5  1.  -0.5  0. ]
 [ 0.5 -0.5  0.5  1.   0.   0.5]
 [ 0.5  0.5 -0.5  0.   0.5 -1. ]
 [ 0.5  0.5 -0.5  0.   1.  -0.5]
 [ 0.5  0.5 -0.5  0.5  0.  -1. ]
 [ 0.5  0.5 -0.5  0.5  1.   0. ]
 [ 0.5  0.5 -0.5  1.   0.  -0.5]
 [ 0.5  0.5 -0.5  1.   0.5  0. ]
 [ 0.5  0.5  0.5  0.   0.5  1. ]
 [ 0.5  0.5  0.5  0.   1.   0.5]
 [ 0.5  0.5  0.5  0.5  0.   1. ]
 [ 0.5  0.5  0.5  0.5  1.   0. ]
 [ 0.5  0.5  0.5  1.   0.   0.5]
 [ 0.5  0.5  0.5  1.   0.5  0. ]]
Slicing  [ 3.5  1.5 -0.5]  to  [3.  1.5 0. ]
Slicing  [ 3.5  1.5 -0.5]  to  [ 3.   2.  -0.5]


Processed: 52/2562 (2.03%) | Elapsed: 00:08:21 | BZ Folding estimated remaining time: 06:43:27


Slicing  [ 3.5  1.5 -0.5]  to  [3.5 1.  0. ]
Slicing  [ 3.5  1.5 -0.5]  to  [ 3.5  2.  -1. ]
Slicing  [ 3.5  1.5 -0.5]  to  [ 4.   1.  -0.5]
Slicing  [ 3.5  1.5 -0.5]  to  [ 4.   1.5 -1. ]
Slicing  [3.5 1.5 0.5]  to  [3.  1.5 0. ]
Slicing  [3.5 1.5 0.5]  to  [3.  2.  0.5]
Slicing  [3.5 1.5 0.5]  to  [3.5 1.  0. ]
Slicing  [3.5 1.5 0.5]  to  [3.5 2.  1. ]
Slicing  [3.5 1.5 0.5]  to  [4.  1.  0.5]
Slicing  [3.5 1.5 0.5]  to  [4.  1.5 1. ]
Slicing  [ 3.5  2.5 -0.5]  to  [ 3.   2.  -0.5]
Slicing  [ 3.5  2.5 -0.5]  to  [3.  2.5 0. ]
Slicing  [ 3.5  2.5 -0.5]  to  [ 3.5  2.  -1. ]
Slicing  [ 3.5  2.5 -0.5]  to  [3.5 3.  0. ]
Slicing  [ 3.5  2.5 -0.5]  to  [ 4.   2.5 -1. ]
Slicing  [ 3.5  2.5 -0.5]  to  [ 4.   3.  -0.5]
Slicing  [3.5 2.5 0.5]  to  [3.  2.  0.5]
Slicing  [3.5 2.5 0.5]  to  [3.  2.5 0. ]
Slicing  [3.5 2.5 0.5]  to  [3.5 2.  1. ]
Slicing  [3.5 2.5 0.5]  to  [3.5 3.  0. ]
Slicing  [3.5 2.5 0.5]  to  [4.  2.5 1. ]
Slicing  [3.5 2.5 0.5]  to  [4.  3.  0.5]
Slicing  [ 4.5  1.5 -0.5]  to  [ 4.   1.  -0.5]
Slicing  [ 4.5  1.5 -0.5]  to  [ 4.   1.5 -1. ]
Slicing  [ 4.5  1.5 -0.5]  to  [4.5 1.  0. ]
Slicing  [ 4.5  1.5 -0.5]  to  [ 4.5  2.  -1. ]
Slicing  [ 4.5  1.5 -0.5]  to  [5.  1.5 0. ]
Slicing  [ 4.5  1.5 -0.5]  to  [ 5.   2.  -0.5]
Slicing  [4.5 1.5 0.5]  to  [4.  1.  0.5]
Slicing  [4.5 1.5 0.5]  to  [4.  1.5 1. ]
Slicing  [4.5 1.5 0.5]  to  [4.5 1.  0. ]
Slicing  [4.5 1.5 0.5]  to  [4.5 2.  1. ]
Slicing  [4.5 1.5 0.5]  to  [5.  1.5 0. ]
Slicing  [4.5 1.5 0.5]  to  [5.  2.  0.5]
Slicing  [ 4.5  2.5 -0.5]  to  [ 4.   2.5 -1. ]
Slicing  [ 4.5  2.5 -0.5]  to  [ 4.   3.  -0.5]
Slicing  [ 4.5  2.5 -0.5]  to  [ 4.5  2.  -1. ]
Slicing  [ 4.5  2.5 -0.5]  to  [4.5 3.  0. ]
Slicing  [ 4.5  2.5 -0.5]  to  [ 5.   2.  -0.5]
Slicing  [ 4.5  2.5 -0.5]  to  [5.  2.5 0. ]
Slicing  [4.5 2.5 0.5]  to  [4.  2.5 1. ]
Slicing  [4.5 2.5 0.5]  to  [4.  3.  0.5]
Slicing  [4.5 2.5 0.5]  to  [4.5 2.  1. ]
Slicing  [4.5 2.5 0.5]  to  [4.5 3.  0. ]
Slicing  [4.5 2.5 0.5]  to  [5.  2.  0.5]
Slicing  [4.5 2.5 0.5]  to  [5.  2.5 0. ]
Processing BZ [4 2 0], path segments from W to X

24 symmetrically equivalent path segments
[[-1.  -0.5  0.  -1.   0.   0. ]
 [-1.   0.  -0.5 -1.   0.   0. ]
 [-1.   0.   0.5 -1.   0.   0. ]
 [-1.   0.5  0.  -1.   0.   0. ]
 [-0.5 -1.   0.   0.  -1.   0. ]
 [-0.5  0.  -1.   0.   0.  -1. ]
 [-0.5  0.   1.   0.   0.   1. ]
 [-0.5  1.   0.   0.   1.   0. ]
 [ 0.  -1.  -0.5  0.  -1.   0. ]
 [ 0.  -1.   0.5  0.  -1.   0. ]
 [ 0.  -0.5 -1.   0.   0.  -1. ]
 [ 0.  -0.5  1.   0.   0.   1. ]
 [ 0.   0.5 -1.   0.   0.  -1. ]
 [ 0.   0.5  1.   0.   0.   1. ]
 [ 0.   1.  -0.5  0.   1.   0. ]
 [ 0.   1.   0.5  0.   1.   0. ]
 [ 0.5 -1.   0.   0.  -1.   0. ]
 [ 0.5  0.  -1.   0.   0.  -1. ]
 [ 0.5  0.   1.   0.   0.   1. ]
 [ 0.5  1.   0.   0.   1.   0. ]
 [ 1.  -0.5  0.   1.   0.   0. ]
 [ 1.   0.  -0.5  1.   0.   0. ]
 [ 1.   0.   0.5  1.   0.   0. ]
 [ 1.   0.5  0.   1.   0.   0. ]]
Slicing  [3.  1.5 0. ]  to  [3. 2. 0.]
Slicing  [ 3.   2.  -0.5]  to  [3. 2. 0.]
Slicing  [3.  2.  0.5]  to  [3. 2. 0.]
Slicing  [3.  2.5 0. ]  to  [3. 2. 0.]
Slicing  [3.5 1.  0. ]  to  [4. 1. 0.]


Processed: 103/2562 (4.02%) | Elapsed: 00:15:39 | BZ Folding estimated remaining time: 06:13:43


Slicing  [ 3.5  2.  -1. ]  to  [ 4.  2. -1.]
Slicing  [3.5 2.  1. ]  to  [4. 2. 1.]
Slicing  [3.5 3.  0. ]  to  [4. 3. 0.]
Slicing  [ 4.   1.  -0.5]  to  [4. 1. 0.]
Slicing  [4.  1.  0.5]  to  [4. 1. 0.]
Slicing  [ 4.   1.5 -1. ]  to  [ 4.  2. -1.]
Slicing  [4.  1.5 1. ]  to  [4. 2. 1.]
Slicing  [ 4.   2.5 -1. ]  to  [ 4.  2. -1.]
Slicing  [4.  2.5 1. ]  to  [4. 2. 1.]
Slicing  [ 4.   3.  -0.5]  to  [4. 3. 0.]
Slicing  [4.  3.  0.5]  to  [4. 3. 0.]
Slicing  [4.5 1.  0. ]  to  [4. 1. 0.]
Slicing  [ 4.5  2.  -1. ]  to  [ 4.  2. -1.]
Slicing  [4.5 2.  1. ]  to  [4. 2. 1.]
Slicing  [4.5 3.  0. ]  to  [4. 3. 0.]
Slicing  [5.  1.5 0. ]  to  [5. 2. 0.]
Slicing  [ 5.   2.  -0.5]  to  [5. 2. 0.]
Slicing  [5.  2.  0.5]  to  [5. 2. 0.]
Slicing  [5.  2.5 0. ]  to  [5. 2. 0.]

Generating Report for BZ [4 2 0]

Combining all 0 BZ

BZ [4 2 0] done. Total time elapsed 00:20:14
Processing BZ [2 4 0], path segments from Gamma to X

6 symmetrically equivalent path segments
[[ 0.  0.  0. -1.  0.  0.]
 [ 0.  0.  0.  0. -1.  0.]
 [ 0.  0.  0.  0.  0. -1.]
 [ 0.  0.  0.  0.  0.  1.]
 [ 0.  0.  0.  0.  1.  0.]
 [ 0.  0.  0.  1.  0.  0.]]
Slicing  [2. 4. 0.]  to  [1. 4. 0.]
Slicing  [2. 4. 0.]  to  [2. 3. 0.]
Slicing  [2. 4. 0.]  to  [ 2.  4. -1.]
Slicing  [2. 4. 0.]  to  [2. 4. 1.]
Slicing  [2. 4. 0.]  to  [2. 5. 0.]
Slicing  [2. 4. 0.]  to  [3. 4. 0.]
Processing BZ [2 4 0], path segments from X to U

24 symmetrically equivalent path segments
[[-1.    0.    0.   -1.   -0.25 -0.25]
 [-1.    0.    0.   -1.   -0.25  0.25]
 [-1.    0.    0.   -1.    0.25 -0.25]
 [-1.    0.    0.   -1.    0.25  0.25]
 [ 0.   -1.    0.   -0.25 -1.   -0.25]
 [ 0.   -1.    0.   -0.25 -1.    0.25]
 [ 0.   -1.    0.    0.25 -1.   -0.25]
 [ 0.   -1.    0.    0.25 -1.    0.25]
 [ 0.    0.   -1.   -0.25 -0.25 -1.  ]
 [ 0.    0.   -1.   -0.25  0.25 -1.  ]
 [ 0.    0.   -1.    0.25 -0.25 -1.  ]
 [ 0.    0.   -1.    0.25  0.25 -1.  ]
 [ 0.    0.    1.   -0.25 -0.25  1.  ]
 [ 0.    0.    1.   -0.25  0.25  1.  ]
 [ 0.    0.    1.    0.25 -0.25  1.  ]
 [ 0.    0.    1.    0.25  0.25  1.  ]
 [ 0.    1.    0.   -0.25  1.   -0.25]
 [ 0.    1.    0.   -0.25  1.    0.25]
 [ 0.    1.    0.    0.25  1.   -0.25]
 [ 0.    1.    0.    0.25  1.    0.25]
 [ 1.    0.    0.    1.   -0.25 -0.25]
 [ 1.    0.    0.    1.   -0.25  0.25]
 [ 1.    0.    0.    1.    0.25 -0.25]
 [ 1.    0.    0.    1.    0.25  0.25]]
Slicing  [1. 4. 0.]  to  [ 1.    3.75 -0.25]
Slicing  [1. 4. 0.]  to  [1.   3.75 0.25]
Slicing  [1. 4. 0.]  to  [ 1.    4.25 -0.25]
Slicing  [1. 4. 0.]  to  [1.   4.25 0.25]
Slicing  [2. 3. 0.]  to  [ 1.75  3.   -0.25]
Slicing  [2. 3. 0.]  to  [1.75 3.   0.25]
Slicing  [2. 3. 0.]  to  [ 2.25  3.   -0.25]
Slicing  [2. 3. 0.]  to  [2.25 3.   0.25]
Slicing  [ 2.  4. -1.]  to  [ 1.75  3.75 -1.  ]
Slicing  [ 2.  4. -1.]  to  [ 1.75  4.25 -1.  ]
Slicing  [ 2.  4. -1.]  to  [ 2.25  3.75 -1.  ]
Slicing  [ 2.  4. -1.]  to  [ 2.25  4.25 -1.  ]
Slicing  [2. 4. 1.]  to  [1.75 3.75 1.  ]
Slicing  [2. 4. 1.]  to  [1.75 4.25 1.  ]
Slicing  [2. 4. 1.]  to  [2.25 3.75 1.  ]
Slicing  [2. 4. 1.]  to  [2.25 4.25 1.  ]
Slicing  [2. 5. 0.]  to  [ 1.75  5.   -0.25]
Slicing  [2. 5. 0.]  to  [1.75 5.   0.25]
Slicing  [2. 5. 0.]  to  [ 2.25  5.   -0.25]
Slicing  [2. 5. 0.]  to  [2.25 5.   0.25]
Slicing  [3. 4. 0.]  to  [ 3.    3.75 -0.25]
Slicing  [3. 4. 0.]  to  [3.   3.75 0.25]
Slicing  [3. 4. 0.]  to  [ 3.    4.25 -0.25]
Slicing  [3. 4. 0.]  to  [3.   4.25 0.25]
Processing BZ [2 4 0], path segments from K to Gamma

12 symmetrically equivalent path segments
[[-0.75 -0.75  0.    0.    0.    0.  ]
 [-0.75  0.   -0.75  0.    0.    0.  ]
 [-0.75  0.    0.75  0.    0.    0.  ]
 [-0.75  0.75  0.    0.    0.    0.  ]
 [ 0.   -0.75 -0.75  0.    0.    0.  ]
 [ 0.   -0.75  0.75  0.    0.    0.  ]
 [ 0.    0.75 -0.75  0.    0.    0.  ]
 [ 0.    0.75  0.75  0.    0.    0.  ]
 [ 0.75 -0.75  0.    0.    0.    0.  ]
 [ 0.75  0.   -0.75  0.    0.    0.  ]
 [ 0.75  0.    0.75  0.    0.    0.  ]
 [ 0.75  0.75  0.    0.    0.    0.  ]]
Slicing  [1.25 3.25 0.  ]  to  [2. 4. 0.]
Slicing  [ 1.25  4.   -0.75]  to  [2. 4. 0.]


Processed: 154/2562 (6.01%) | Elapsed: 00:23:09 | BZ Folding estimated remaining time: 06:02:08


Slicing  [1.25 4.   0.75]  to  [2. 4. 0.]
Slicing  [1.25 4.75 0.  ]  to  [2. 4. 0.]
Slicing  [ 2.    3.25 -0.75]  to  [2. 4. 0.]
Slicing  [2.   3.25 0.75]  to  [2. 4. 0.]
Slicing  [ 2.    4.75 -0.75]  to  [2. 4. 0.]
Slicing  [2.   4.75 0.75]  to  [2. 4. 0.]
Slicing  [2.75 3.25 0.  ]  to  [2. 4. 0.]
Slicing  [ 2.75  4.   -0.75]  to  [2. 4. 0.]
Slicing  [2.75 4.   0.75]  to  [2. 4. 0.]
Slicing  [2.75 4.75 0.  ]  to  [2. 4. 0.]
Processing BZ [2 4 0], path segments from Gamma to L

8 symmetrically equivalent path segments
[[ 0.   0.   0.  -0.5 -0.5 -0.5]
 [ 0.   0.   0.  -0.5 -0.5  0.5]
 [ 0.   0.   0.  -0.5  0.5 -0.5]
 [ 0.   0.   0.  -0.5  0.5  0.5]
 [ 0.   0.   0.   0.5 -0.5 -0.5]
 [ 0.   0.   0.   0.5 -0.5  0.5]
 [ 0.   0.   0.   0.5  0.5 -0.5]
 [ 0.   0.   0.   0.5  0.5  0.5]]
Slicing  [2. 4. 0.]  to  [ 1.5  3.5 -0.5]
Slicing  [2. 4. 0.]  to  [1.5 3.5 0.5]
Slicing  [2. 4. 0.]  to  [ 1.5  4.5 -0.5]
Slicing  [2. 4. 0.]  to  [1.5 4.5 0.5]
Slicing  [2. 4. 0.]  to  [ 2.5  3.5 -0.5]
Slicing  [2. 4. 0.]  to  [2.5 3.5 0.5]
Slicing  [2. 4. 0.]  to  [ 2.5  4.5 -0.5]
Slicing  [2. 4. 0.]  to  [2.5 4.5 0.5]
Processing BZ [2 4 0], path segments from L to W

48 symmetrically equivalent path segments
[[-0.5 -0.5 -0.5 -1.  -0.5  0. ]
 [-0.5 -0.5 -0.5 -1.   0.  -0.5]
 [-0.5 -0.5 -0.5 -0.5 -1.   0. ]
 [-0.5 -0.5 -0.5 -0.5  0.  -1. ]
 [-0.5 -0.5 -0.5  0.  -1.  -0.5]
 [-0.5 -0.5 -0.5  0.  -0.5 -1. ]
 [-0.5 -0.5  0.5 -1.  -0.5  0. ]
 [-0.5 -0.5  0.5 -1.   0.   0.5]
 [-0.5 -0.5  0.5 -0.5 -1.   0. ]
 [-0.5 -0.5  0.5 -0.5  0.   1. ]
 [-0.5 -0.5  0.5  0.  -1.   0.5]
 [-0.5 -0.5  0.5  0.  -0.5  1. ]
 [-0.5  0.5 -0.5 -1.   0.  -0.5]
 [-0.5  0.5 -0.5 -1.   0.5  0. ]
 [-0.5  0.5 -0.5 -0.5  0.  -1. ]
 [-0.5  0.5 -0.5 -0.5  1.   0. ]
 [-0.5  0.5 -0.5  0.   0.5 -1. ]
 [-0.5  0.5 -0.5  0.   1.  -0.5]
 [-0.5  0.5  0.5 -1.   0.   0.5]
 [-0.5  0.5  0.5 -1.   0.5  0. ]
 [-0.5  0.5  0.5 -0.5  0.   1. ]
 [-0.5  0.5  0.5 -0.5  1.   0. ]
 [-0.5  0.5  0.5  0.   0.5  1. ]
 [-0.5  0.5  0.5  0.   1.   0.5]
 [ 0.5 -0.5 -0.5  0.  -1.  -0.5]
 [ 0.5 -0.5 -0.5  0.  -0.5 -1. ]
 [ 0.5 -0.5 -0.5  0.5 -1.   0. ]
 [ 0.5 -0.5 -0.5  0.5  0.  -1. ]
 [ 0.5 -0.5 -0.5  1.  -0.5  0. ]
 [ 0.5 -0.5 -0.5  1.   0.  -0.5]
 [ 0.5 -0.5  0.5  0.  -1.   0.5]
 [ 0.5 -0.5  0.5  0.  -0.5  1. ]
 [ 0.5 -0.5  0.5  0.5 -1.   0. ]
 [ 0.5 -0.5  0.5  0.5  0.   1. ]
 [ 0.5 -0.5  0.5  1.  -0.5  0. ]
 [ 0.5 -0.5  0.5  1.   0.   0.5]
 [ 0.5  0.5 -0.5  0.   0.5 -1. ]
 [ 0.5  0.5 -0.5  0.   1.  -0.5]
 [ 0.5  0.5 -0.5  0.5  0.  -1. ]
 [ 0.5  0.5 -0.5  0.5  1.   0. ]
 [ 0.5  0.5 -0.5  1.   0.  -0.5]
 [ 0.5  0.5 -0.5  1.   0.5  0. ]
 [ 0.5  0.5  0.5  0.   0.5  1. ]
 [ 0.5  0.5  0.5  0.   1.   0.5]
 [ 0.5  0.5  0.5  0.5  0.   1. ]
 [ 0.5  0.5  0.5  0.5  1.   0. ]
 [ 0.5  0.5  0.5  1.   0.   0.5]
 [ 0.5  0.5  0.5  1.   0.5  0. ]]
Slicing  [ 1.5  3.5 -0.5]  to  [1.  3.5 0. ]
Slicing  [ 1.5  3.5 -0.5]  to  [ 1.   4.  -0.5]
Slicing  [ 1.5  3.5 -0.5]  to  [1.5 3.  0. ]
Slicing  [ 1.5  3.5 -0.5]  to  [ 1.5  4.  -1. ]
Slicing  [ 1.5  3.5 -0.5]  to  [ 2.   3.  -0.5]
Slicing  [ 1.5  3.5 -0.5]  to  [ 2.   3.5 -1. ]
Slicing  [1.5 3.5 0.5]  to  [1.  3.5 0. ]
Slicing  [1.5 3.5 0.5]  to  [1.  4.  0.5]
Slicing  [1.5 3.5 0.5]  to  [1.5 3.  0. ]
Slicing  [1.5 3.5 0.5]  to  [1.5 4.  1. ]
Slicing  [1.5 3.5 0.5]  to  [2.  3.  0.5]
Slicing  [1.5 3.5 0.5]  to  [2.  3.5 1. ]
Slicing  [ 1.5  4.5 -0.5]  to  [ 1.   4.  -0.5]
Slicing  [ 1.5  4.5 -0.5]  to  [1.  4.5 0. ]
Slicing  [ 1.5  4.5 -0.5]  to  [ 1.5  4.  -1. ]
Slicing  [ 1.5  4.5 -0.5]  to  [1.5 5.  0. ]
Slicing  [ 1.5  4.5 -0.5]  to  [ 2.   4.5 -1. ]
Slicing  [ 1.5  4.5 -0.5]  to  [ 2.   5.  -0.5]
Slicing  [1.5 4.5 0.5]  to  [1.  4.  0.5]
Slicing  [1.5 4.5 0.5]  to  [1.  4.5 0. ]
Slicing  [1.5 4.5 0.5]  to  [1.5 4.  1. ]
Slicing  [1.5 4.5 0.5]  to  [1.5 5.  0. ]
Slicing  [1.5 4.5 0.5]  to  [2.  4.5 1. ]
Slicing  [1.5 4.5 0.5]  to  [2.  5.  0.5]
Slicing  [ 2.5  3.5 -0.5]  to  [ 2.   3.  -0.5]
Slicing  [ 2.5  3.5 -0.5]  to  [ 2.   3.5 -1. ]
Slicing  [ 2.5  3.5 -0.5]  to  [2.5 3.  0. ]
Slicing  [ 2.5  3.5 -0.5]  to  [ 2.5  4.  -1. ]
Slicing  [ 2.5  3.5 -0.5]  to  [3.  3.5 0. ]
Slicing  [ 2.5  3.5 -0.5]  to  [ 3.   4.  -0.5]
Slicing  [2.5 3.5 0.5]  to  [2.  3.  0.5]
Slicing  [2.5 3.5 0.5]  to  [2.  3.5 1. ]
Slicing  [2.5 3.5 0.5]  to  [2.5 3.  0. ]


Processed: 205/2562 (8.00%) | Elapsed: 00:30:44 | BZ Folding estimated remaining time: 05:53:26


Slicing  [2.5 3.5 0.5]  to  [2.5 4.  1. ]
Slicing  [2.5 3.5 0.5]  to  [3.  3.5 0. ]
Slicing  [2.5 3.5 0.5]  to  [3.  4.  0.5]
Slicing  [ 2.5  4.5 -0.5]  to  [ 2.   4.5 -1. ]
Slicing  [ 2.5  4.5 -0.5]  to  [ 2.   5.  -0.5]
Slicing  [ 2.5  4.5 -0.5]  to  [ 2.5  4.  -1. ]
Slicing  [ 2.5  4.5 -0.5]  to  [2.5 5.  0. ]
Slicing  [ 2.5  4.5 -0.5]  to  [ 3.   4.  -0.5]
Slicing  [ 2.5  4.5 -0.5]  to  [3.  4.5 0. ]
Slicing  [2.5 4.5 0.5]  to  [2.  4.5 1. ]
Slicing  [2.5 4.5 0.5]  to  [2.  5.  0.5]
Slicing  [2.5 4.5 0.5]  to  [2.5 4.  1. ]
Slicing  [2.5 4.5 0.5]  to  [2.5 5.  0. ]
Slicing  [2.5 4.5 0.5]  to  [3.  4.  0.5]
Slicing  [2.5 4.5 0.5]  to  [3.  4.5 0. ]
Processing BZ [2 4 0], path segments from W to X

24 symmetrically equivalent path segments
[[-1.  -0.5  0.  -1.   0.   0. ]
 [-1.   0.  -0.5 -1.   0.   0. ]
 [-1.   0.   0.5 -1.   0.   0. ]
 [-1.   0.5  0.  -1.   0.   0. ]
 [-0.5 -1.   0.   0.  -1.   0. ]
 [-0.5  0.  -1.   0.   0.  -1. ]
 [-0.5  0.   1.   0.   0.   1. ]
 [-0.5  1.   0.   0.   1.   0. ]
 [ 0.  -1.  -0.5  0.  -1.   0. ]
 [ 0.  -1.   0.5  0.  -1.   0. ]
 [ 0.  -0.5 -1.   0.   0.  -1. ]
 [ 0.  -0.5  1.   0.   0.   1. ]
 [ 0.   0.5 -1.   0.   0.  -1. ]
 [ 0.   0.5  1.   0.   0.   1. ]
 [ 0.   1.  -0.5  0.   1.   0. ]
 [ 0.   1.   0.5  0.   1.   0. ]
 [ 0.5 -1.   0.   0.  -1.   0. ]
 [ 0.5  0.  -1.   0.   0.  -1. ]
 [ 0.5  0.   1.   0.   0.   1. ]
 [ 0.5  1.   0.   0.   1.   0. ]
 [ 1.  -0.5  0.   1.   0.   0. ]
 [ 1.   0.  -0.5  1.   0.   0. ]
 [ 1.   0.   0.5  1.   0.   0. ]
 [ 1.   0.5  0.   1.   0.   0. ]]
Slicing  [1.  3.5 0. ]  to  [1. 4. 0.]
Slicing  [ 1.   4.  -0.5]  to  [1. 4. 0.]
Slicing  [1.  4.  0.5]  to  [1. 4. 0.]
Slicing  [1.  4.5 0. ]  to  [1. 4. 0.]
Slicing  [1.5 3.  0. ]  to  [2. 3. 0.]
Slicing  [ 1.5  4.  -1. ]  to  [ 2.  4. -1.]
Slicing  [1.5 4.  1. ]  to  [2. 4. 1.]
Slicing  [1.5 5.  0. ]  to  [2. 5. 0.]
Slicing  [ 2.   3.  -0.5]  to  [2. 3. 0.]
Slicing  [2.  3.  0.5]  to  [2. 3. 0.]
Slicing  [ 2.   3.5 -1. ]  to  [ 2.  4. -1.]
Slicing  [2.  3.5 1. ]  to  [2. 4. 1.]
Slicing  [ 2.   4.5 -1. ]  to  [ 2.  4. -1.]
Slicing  [2.  4.5 1. ]  to  [2. 4. 1.]
Slicing  [ 2.   5.  -0.5]  to  [2. 5. 0.]
Slicing  [2.  5.  0.5]  to  [2. 5. 0.]
Slicing  [2.5 3.  0. ]  to  [2. 3. 0.]
Slicing  [ 2.5  4.  -1. ]  to  [ 2.  4. -1.]
Slicing  [2.5 4.  1. ]  to  [2. 4. 1.]
Slicing  [2.5 5.  0. ]  to  [2. 5. 0.]
Slicing  [3.  3.5 0. ]  to  [3. 4. 0.]
Slicing  [ 3.   4.  -0.5]  to  [3. 4. 0.]
Slicing  [3.  4.  0.5]  to  [3. 4. 0.]
Slicing  [3.  4.5 0. ]  to  [3. 4. 0.]

Generating Report for BZ [2 4 0]

Combining all 1 BZ

BZ [2 4 0] done. Total time elapsed 00:38:14
Processing BZ [4 0 0], path segments from Gamma to X

6 symmetrically equivalent path segments
[[ 0.  0.  0. -1.  0.  0.]
 [ 0.  0.  0.  0. -1.  0.]
 [ 0.  0.  0.  0.  0. -1.]
 [ 0.  0.  0.  0.  0.  1.]
 [ 0.  0.  0.  0.  1.  0.]
 [ 0.  0.  0.  1.  0.  0.]]
Slicing  [4. 0. 0.]  to  [3. 0. 0.]
Slicing  [4. 0. 0.]  to  [ 4. -1.  0.]
Slicing  [4. 0. 0.]  to  [ 4.  0. -1.]
Slicing  [4. 0. 0.]  to  [4. 0. 1.]
Slicing  [4. 0. 0.]  to  [4. 1. 0.]
Slicing  [4. 0. 0.]  to  [5. 0. 0.]
Processing BZ [4 0 0], path segments from X to U

24 symmetrically equivalent path segments
[[-1.    0.    0.   -1.   -0.25 -0.25]
 [-1.    0.    0.   -1.   -0.25  0.25]
 [-1.    0.    0.   -1.    0.25 -0.25]
 [-1.    0.    0.   -1.    0.25  0.25]
 [ 0.   -1.    0.   -0.25 -1.   -0.25]
 [ 0.   -1.    0.   -0.25 -1.    0.25]
 [ 0.   -1.    0.    0.25 -1.   -0.25]
 [ 0.   -1.    0.    0.25 -1.    0.25]
 [ 0.    0.   -1.   -0.25 -0.25 -1.  ]
 [ 0.    0.   -1.   -0.25  0.25 -1.  ]
 [ 0.    0.   -1.    0.25 -0.25 -1.  ]
 [ 0.    0.   -1.    0.25  0.25 -1.  ]
 [ 0.    0.    1.   -0.25 -0.25  1.  ]
 [ 0.    0.    1.   -0.25  0.25  1.  ]
 [ 0.    0.    1.    0.25 -0.25  1.  ]
 [ 0.    0.    1.    0.25  0.25  1.  ]
 [ 0.    1.    0.   -0.25  1.   -0.25]
 [ 0.    1.    0.   -0.25  1.    0.25]
 [ 0.    1.    0.    0.25  1.   -0.25]
 [ 0.    1.    0.    0.25  1.    0.25]
 [ 1.    0.    0.    1.   -0.25 -0.25]
 [ 1.    0.    0.    1.   -0.25  0.25]
 [ 1.    0.    0.    1.    0.25 -0.25]
 [ 1.    0.    0.    1.    0.25  0.25]]
Slicing  [3. 0. 0.]  to  [ 3.   -0.25 -0.25]
Slicing  [3. 0. 0.]  to  [ 3.   -0.25  0.25]
Slicing  [3. 0. 0.]  to  [ 3.    0.25 -0.25]
Slicing  [3. 0. 0.]  to  [3.   0.25 0.25]
Slicing  [ 4. -1.  0.]  to  [ 3.75 -1.   -0.25]
Slicing  [ 4. -1.  0.]  to  [ 3.75 -1.    0.25]
Slicing  [ 4. -1.  0.]  to  [ 4.25 -1.   -0.25]


Processed: 257/2562 (10.03%) | Elapsed: 00:38:38 | BZ Folding estimated remaining time: 05:46:33


Slicing  [ 4. -1.  0.]  to  [ 4.25 -1.    0.25]
Slicing  [ 4.  0. -1.]  to  [ 3.75 -0.25 -1.  ]
Slicing  [ 4.  0. -1.]  to  [ 3.75  0.25 -1.  ]
Slicing  [ 4.  0. -1.]  to  [ 4.25 -0.25 -1.  ]
Slicing  [ 4.  0. -1.]  to  [ 4.25  0.25 -1.  ]
Slicing  [4. 0. 1.]  to  [ 3.75 -0.25  1.  ]
Slicing  [4. 0. 1.]  to  [3.75 0.25 1.  ]
Slicing  [4. 0. 1.]  to  [ 4.25 -0.25  1.  ]
Slicing  [4. 0. 1.]  to  [4.25 0.25 1.  ]
Slicing  [4. 1. 0.]  to  [ 3.75  1.   -0.25]
Slicing  [4. 1. 0.]  to  [3.75 1.   0.25]
Slicing  [4. 1. 0.]  to  [ 4.25  1.   -0.25]
Slicing  [4. 1. 0.]  to  [4.25 1.   0.25]
Slicing  [5. 0. 0.]  to  [ 5.   -0.25 -0.25]
Slicing  [5. 0. 0.]  to  [ 5.   -0.25  0.25]
Slicing  [5. 0. 0.]  to  [ 5.    0.25 -0.25]
Slicing  [5. 0. 0.]  to  [5.   0.25 0.25]
Processing BZ [4 0 0], path segments from K to Gamma

12 symmetrically equivalent path segments
[[-0.75 -0.75  0.    0.    0.    0.  ]
 [-0.75  0.   -0.75  0.    0.    0.  ]
 [-0.75  0.    0.75  0.    0.    0.  ]
 [-0.75  0.75  0.    0.    0.    0.  ]
 [ 0.   -0.75 -0.75  0.    0.    0.  ]
 [ 0.   -0.75  0.75  0.    0.    0.  ]
 [ 0.    0.75 -0.75  0.    0.    0.  ]
 [ 0.    0.75  0.75  0.    0.    0.  ]
 [ 0.75 -0.75  0.    0.    0.    0.  ]
 [ 0.75  0.   -0.75  0.    0.    0.  ]
 [ 0.75  0.    0.75  0.    0.    0.  ]
 [ 0.75  0.75  0.    0.    0.    0.  ]]
Slicing  [ 3.25 -0.75  0.  ]  to  [4. 0. 0.]
Slicing  [ 3.25  0.   -0.75]  to  [4. 0. 0.]
Slicing  [3.25 0.   0.75]  to  [4. 0. 0.]
Slicing  [3.25 0.75 0.  ]  to  [4. 0. 0.]
Slicing  [ 4.   -0.75 -0.75]  to  [4. 0. 0.]
Slicing  [ 4.   -0.75  0.75]  to  [4. 0. 0.]
Slicing  [ 4.    0.75 -0.75]  to  [4. 0. 0.]
Slicing  [4.   0.75 0.75]  to  [4. 0. 0.]
Slicing  [ 4.75 -0.75  0.  ]  to  [4. 0. 0.]
Slicing  [ 4.75  0.   -0.75]  to  [4. 0. 0.]
Slicing  [4.75 0.   0.75]  to  [4. 0. 0.]
Slicing  [4.75 0.75 0.  ]  to  [4. 0. 0.]
Processing BZ [4 0 0], path segments from Gamma to L

8 symmetrically equivalent path segments
[[ 0.   0.   0.  -0.5 -0.5 -0.5]
 [ 0.   0.   0.  -0.5 -0.5  0.5]
 [ 0.   0.   0.  -0.5  0.5 -0.5]
 [ 0.   0.   0.  -0.5  0.5  0.5]
 [ 0.   0.   0.   0.5 -0.5 -0.5]
 [ 0.   0.   0.   0.5 -0.5  0.5]
 [ 0.   0.   0.   0.5  0.5 -0.5]
 [ 0.   0.   0.   0.5  0.5  0.5]]
Slicing  [4. 0. 0.]  to  [ 3.5 -0.5 -0.5]
Slicing  [4. 0. 0.]  to  [ 3.5 -0.5  0.5]
Slicing  [4. 0. 0.]  to  [ 3.5  0.5 -0.5]
Slicing  [4. 0. 0.]  to  [3.5 0.5 0.5]
Slicing  [4. 0. 0.]  to  [ 4.5 -0.5 -0.5]
Slicing  [4. 0. 0.]  to  [ 4.5 -0.5  0.5]
Slicing  [4. 0. 0.]  to  [ 4.5  0.5 -0.5]
Slicing  [4. 0. 0.]  to  [4.5 0.5 0.5]
Processing BZ [4 0 0], path segments from L to W

48 symmetrically equivalent path segments
[[-0.5 -0.5 -0.5 -1.  -0.5  0. ]
 [-0.5 -0.5 -0.5 -1.   0.  -0.5]
 [-0.5 -0.5 -0.5 -0.5 -1.   0. ]
 [-0.5 -0.5 -0.5 -0.5  0.  -1. ]
 [-0.5 -0.5 -0.5  0.  -1.  -0.5]
 [-0.5 -0.5 -0.5  0.  -0.5 -1. ]
 [-0.5 -0.5  0.5 -1.  -0.5  0. ]
 [-0.5 -0.5  0.5 -1.   0.   0.5]
 [-0.5 -0.5  0.5 -0.5 -1.   0. ]
 [-0.5 -0.5  0.5 -0.5  0.   1. ]
 [-0.5 -0.5  0.5  0.  -1.   0.5]
 [-0.5 -0.5  0.5  0.  -0.5  1. ]
 [-0.5  0.5 -0.5 -1.   0.  -0.5]
 [-0.5  0.5 -0.5 -1.   0.5  0. ]
 [-0.5  0.5 -0.5 -0.5  0.  -1. ]
 [-0.5  0.5 -0.5 -0.5  1.   0. ]
 [-0.5  0.5 -0.5  0.   0.5 -1. ]
 [-0.5  0.5 -0.5  0.   1.  -0.5]
 [-0.5  0.5  0.5 -1.   0.   0.5]
 [-0.5  0.5  0.5 -1.   0.5  0. ]
 [-0.5  0.5  0.5 -0.5  0.   1. ]
 [-0.5  0.5  0.5 -0.5  1.   0. ]
 [-0.5  0.5  0.5  0.   0.5  1. ]
 [-0.5  0.5  0.5  0.   1.   0.5]
 [ 0.5 -0.5 -0.5  0.  -1.  -0.5]
 [ 0.5 -0.5 -0.5  0.  -0.5 -1. ]
 [ 0.5 -0.5 -0.5  0.5 -1.   0. ]
 [ 0.5 -0.5 -0.5  0.5  0.  -1. ]
 [ 0.5 -0.5 -0.5  1.  -0.5  0. ]
 [ 0.5 -0.5 -0.5  1.   0.  -0.5]
 [ 0.5 -0.5  0.5  0.  -1.   0.5]
 [ 0.5 -0.5  0.5  0.  -0.5  1. ]
 [ 0.5 -0.5  0.5  0.5 -1.   0. ]
 [ 0.5 -0.5  0.5  0.5  0.   1. ]
 [ 0.5 -0.5  0.5  1.  -0.5  0. ]
 [ 0.5 -0.5  0.5  1.   0.   0.5]
 [ 0.5  0.5 -0.5  0.   0.5 -1. ]
 [ 0.5  0.5 -0.5  0.   1.  -0.5]
 [ 0.5  0.5 -0.5  0.5  0.  -1. ]
 [ 0.5  0.5 -0.5  0.5  1.   0. ]
 [ 0.5  0.5 -0.5  1.   0.  -0.5]
 [ 0.5  0.5 -0.5  1.   0.5  0. ]
 [ 0.5  0.5  0.5  0.   0.5  1. ]
 [ 0.5  0.5  0.5  0.   1.   0.5]
 [ 0.5  0.5  0.5  0.5  0.   1. ]
 [ 0.5  0.5  0.5  0.5  1.   0. ]
 [ 0.5  0.5  0.5  1.   0.   0.5]
 [ 0.5  0.5  0.5  1.   0.5  0. ]]
Slicing  [ 3.5 -0.5 -0.5]  to  [ 3.  -0.5  0. ]
Slicing  [ 3.5 -0.5 -0.5]  to  [ 3.   0.  -0.5]
Slicing  [ 3.5 -0.5 -0.5]  to  [ 3.5 -1.   0. ]
Slicing  [ 3.5 -0.5 -0.5]  to  [ 3.5  0.  -1. ]
Slicing  [ 3.5 -0.5 -0.5]  to  [ 4.  -1.  -0.5]
Slicing  [ 3.5 -0.5 -0.5]  to  [ 4.  -0.5 -1. ]
Slicing  [ 3.5 -0.5  0.5]  to  [ 3.  -0.5  0. ]
Slicing  [ 3.5 -0.5  0.5]  to  [3.  0.  0.5]
Slicing  [ 3.5 -0.5  0.5]  to  [ 3.5 -1.   0. ]
Slicing  [ 3.5 -0.5  0.5]  to  [3.5 0.  1. ]
Slicing  [ 3.5 -0.5  0.5]  to  [ 4.  -1.   0.5]
Slicing  [ 3.5 -0.5  0.5]  to  [ 4.  -0.5  1. ]
Slicing  [ 3.5  0.5 -0.5]  to  [ 3.   0.  -0.5]
Slicing  [ 3.5  0.5 -0.5]  to  [3.  0.5 0. ]


Processed: 308/2562 (12.02%) | Elapsed: 00:45:57 | BZ Folding estimated remaining time: 05:36:16


Slicing  [ 3.5  0.5 -0.5]  to  [ 3.5  0.  -1. ]
Slicing  [ 3.5  0.5 -0.5]  to  [3.5 1.  0. ]
Slicing  [ 3.5  0.5 -0.5]  to  [ 4.   0.5 -1. ]
Slicing  [ 3.5  0.5 -0.5]  to  [ 4.   1.  -0.5]
Slicing  [3.5 0.5 0.5]  to  [3.  0.  0.5]
Slicing  [3.5 0.5 0.5]  to  [3.  0.5 0. ]
Slicing  [3.5 0.5 0.5]  to  [3.5 0.  1. ]
Slicing  [3.5 0.5 0.5]  to  [3.5 1.  0. ]
Slicing  [3.5 0.5 0.5]  to  [4.  0.5 1. ]
Slicing  [3.5 0.5 0.5]  to  [4.  1.  0.5]
Slicing  [ 4.5 -0.5 -0.5]  to  [ 4.  -1.  -0.5]
Slicing  [ 4.5 -0.5 -0.5]  to  [ 4.  -0.5 -1. ]
Slicing  [ 4.5 -0.5 -0.5]  to  [ 4.5 -1.   0. ]
Slicing  [ 4.5 -0.5 -0.5]  to  [ 4.5  0.  -1. ]
Slicing  [ 4.5 -0.5 -0.5]  to  [ 5.  -0.5  0. ]
Slicing  [ 4.5 -0.5 -0.5]  to  [ 5.   0.  -0.5]
Slicing  [ 4.5 -0.5  0.5]  to  [ 4.  -1.   0.5]
Slicing  [ 4.5 -0.5  0.5]  to  [ 4.  -0.5  1. ]
Slicing  [ 4.5 -0.5  0.5]  to  [ 4.5 -1.   0. ]
Slicing  [ 4.5 -0.5  0.5]  to  [4.5 0.  1. ]
Slicing  [ 4.5 -0.5  0.5]  to  [ 5.  -0.5  0. ]
Slicing  [ 4.5 -0.5  0.5]  to  [5.  0.  0.5]
Slicing  [ 4.5  0.5 -0.5]  to  [ 4.   0.5 -1. ]
Slicing  [ 4.5  0.5 -0.5]  to  [ 4.   1.  -0.5]
Slicing  [ 4.5  0.5 -0.5]  to  [ 4.5  0.  -1. ]
Slicing  [ 4.5  0.5 -0.5]  to  [4.5 1.  0. ]
Slicing  [ 4.5  0.5 -0.5]  to  [ 5.   0.  -0.5]
Slicing  [ 4.5  0.5 -0.5]  to  [5.  0.5 0. ]
Slicing  [4.5 0.5 0.5]  to  [4.  0.5 1. ]
Slicing  [4.5 0.5 0.5]  to  [4.  1.  0.5]
Slicing  [4.5 0.5 0.5]  to  [4.5 0.  1. ]
Slicing  [4.5 0.5 0.5]  to  [4.5 1.  0. ]
Slicing  [4.5 0.5 0.5]  to  [5.  0.  0.5]
Slicing  [4.5 0.5 0.5]  to  [5.  0.5 0. ]
Processing BZ [4 0 0], path segments from W to X

24 symmetrically equivalent path segments
[[-1.  -0.5  0.  -1.   0.   0. ]
 [-1.   0.  -0.5 -1.   0.   0. ]
 [-1.   0.   0.5 -1.   0.   0. ]
 [-1.   0.5  0.  -1.   0.   0. ]
 [-0.5 -1.   0.   0.  -1.   0. ]
 [-0.5  0.  -1.   0.   0.  -1. ]
 [-0.5  0.   1.   0.   0.   1. ]
 [-0.5  1.   0.   0.   1.   0. ]
 [ 0.  -1.  -0.5  0.  -1.   0. ]
 [ 0.  -1.   0.5  0.  -1.   0. ]
 [ 0.  -0.5 -1.   0.   0.  -1. ]
 [ 0.  -0.5  1.   0.   0.   1. ]
 [ 0.   0.5 -1.   0.   0.  -1. ]
 [ 0.   0.5  1.   0.   0.   1. ]
 [ 0.   1.  -0.5  0.   1.   0. ]
 [ 0.   1.   0.5  0.   1.   0. ]
 [ 0.5 -1.   0.   0.  -1.   0. ]
 [ 0.5  0.  -1.   0.   0.  -1. ]
 [ 0.5  0.   1.   0.   0.   1. ]
 [ 0.5  1.   0.   0.   1.   0. ]
 [ 1.  -0.5  0.   1.   0.   0. ]
 [ 1.   0.  -0.5  1.   0.   0. ]
 [ 1.   0.   0.5  1.   0.   0. ]
 [ 1.   0.5  0.   1.   0.   0. ]]
Slicing  [ 3.  -0.5  0. ]  to  [3. 0. 0.]
Slicing  [ 3.   0.  -0.5]  to  [3. 0. 0.]
Slicing  [3.  0.  0.5]  to  [3. 0. 0.]
Slicing  [3.  0.5 0. ]  to  [3. 0. 0.]
Slicing  [ 3.5 -1.   0. ]  to  [ 4. -1.  0.]
Slicing  [ 3.5  0.  -1. ]  to  [ 4.  0. -1.]
Slicing  [3.5 0.  1. ]  to  [4. 0. 1.]
Slicing  [3.5 1.  0. ]  to  [4. 1. 0.]
Slicing  [ 4.  -1.  -0.5]  to  [ 4. -1.  0.]
Slicing  [ 4.  -1.   0.5]  to  [ 4. -1.  0.]
Slicing  [ 4.  -0.5 -1. ]  to  [ 4.  0. -1.]
Slicing  [ 4.  -0.5  1. ]  to  [4. 0. 1.]
Slicing  [ 4.   0.5 -1. ]  to  [ 4.  0. -1.]
Slicing  [4.  0.5 1. ]  to  [4. 0. 1.]
Slicing  [ 4.   1.  -0.5]  to  [4. 1. 0.]
Slicing  [4.  1.  0.5]  to  [4. 1. 0.]
Slicing  [ 4.5 -1.   0. ]  to  [ 4. -1.  0.]


Processed: 359/2562 (14.01%) | Elapsed: 00:53:18 | BZ Folding estimated remaining time: 05:27:09


Slicing  [ 4.5  0.  -1. ]  to  [ 4.  0. -1.]
Slicing  [4.5 0.  1. ]  to  [4. 0. 1.]
Slicing  [4.5 1.  0. ]  to  [4. 1. 0.]
Slicing  [ 5.  -0.5  0. ]  to  [5. 0. 0.]
Slicing  [ 5.   0.  -0.5]  to  [5. 0. 0.]
Slicing  [5.  0.  0.5]  to  [5. 0. 0.]
Slicing  [5.  0.5 0. ]  to  [5. 0. 0.]

Generating Report for BZ [4 0 0]

Combining all 2 BZ

BZ [4 0 0] done. Total time elapsed 00:56:14
Processing BZ [2 2 0], path segments from Gamma to X

6 symmetrically equivalent path segments
[[ 0.  0.  0. -1.  0.  0.]
 [ 0.  0.  0.  0. -1.  0.]
 [ 0.  0.  0.  0.  0. -1.]
 [ 0.  0.  0.  0.  0.  1.]
 [ 0.  0.  0.  0.  1.  0.]
 [ 0.  0.  0.  1.  0.  0.]]
Slicing  [2. 2. 0.]  to  [1. 2. 0.]
Slicing  [2. 2. 0.]  to  [2. 1. 0.]
Slicing  [2. 2. 0.]  to  [ 2.  2. -1.]
Slicing  [2. 2. 0.]  to  [2. 2. 1.]
Slicing  [2. 2. 0.]  to  [2. 3. 0.]
Slicing  [2. 2. 0.]  to  [3. 2. 0.]
Processing BZ [2 2 0], path segments from X to U

24 symmetrically equivalent path segments
[[-1.    0.    0.   -1.   -0.25 -0.25]
 [-1.    0.    0.   -1.   -0.25  0.25]
 [-1.    0.    0.   -1.    0.25 -0.25]
 [-1.    0.    0.   -1.    0.25  0.25]
 [ 0.   -1.    0.   -0.25 -1.   -0.25]
 [ 0.   -1.    0.   -0.25 -1.    0.25]
 [ 0.   -1.    0.    0.25 -1.   -0.25]
 [ 0.   -1.    0.    0.25 -1.    0.25]
 [ 0.    0.   -1.   -0.25 -0.25 -1.  ]
 [ 0.    0.   -1.   -0.25  0.25 -1.  ]
 [ 0.    0.   -1.    0.25 -0.25 -1.  ]
 [ 0.    0.   -1.    0.25  0.25 -1.  ]
 [ 0.    0.    1.   -0.25 -0.25  1.  ]
 [ 0.    0.    1.   -0.25  0.25  1.  ]
 [ 0.    0.    1.    0.25 -0.25  1.  ]
 [ 0.    0.    1.    0.25  0.25  1.  ]
 [ 0.    1.    0.   -0.25  1.   -0.25]
 [ 0.    1.    0.   -0.25  1.    0.25]
 [ 0.    1.    0.    0.25  1.   -0.25]
 [ 0.    1.    0.    0.25  1.    0.25]
 [ 1.    0.    0.    1.   -0.25 -0.25]
 [ 1.    0.    0.    1.   -0.25  0.25]
 [ 1.    0.    0.    1.    0.25 -0.25]
 [ 1.    0.    0.    1.    0.25  0.25]]
Slicing  [1. 2. 0.]  to  [ 1.    1.75 -0.25]
Slicing  [1. 2. 0.]  to  [1.   1.75 0.25]
Slicing  [1. 2. 0.]  to  [ 1.    2.25 -0.25]
Slicing  [1. 2. 0.]  to  [1.   2.25 0.25]
Slicing  [2. 1. 0.]  to  [ 1.75  1.   -0.25]
Slicing  [2. 1. 0.]  to  [1.75 1.   0.25]
Slicing  [2. 1. 0.]  to  [ 2.25  1.   -0.25]
Slicing  [2. 1. 0.]  to  [2.25 1.   0.25]
Slicing  [ 2.  2. -1.]  to  [ 1.75  1.75 -1.  ]
Slicing  [ 2.  2. -1.]  to  [ 1.75  2.25 -1.  ]
Slicing  [ 2.  2. -1.]  to  [ 2.25  1.75 -1.  ]
Slicing  [ 2.  2. -1.]  to  [ 2.25  2.25 -1.  ]
Slicing  [2. 2. 1.]  to  [1.75 1.75 1.  ]
Slicing  [2. 2. 1.]  to  [1.75 2.25 1.  ]
Slicing  [2. 2. 1.]  to  [2.25 1.75 1.  ]
Slicing  [2. 2. 1.]  to  [2.25 2.25 1.  ]
Slicing  [2. 3. 0.]  to  [ 1.75  3.   -0.25]
Slicing  [2. 3. 0.]  to  [1.75 3.   0.25]
Slicing  [2. 3. 0.]  to  [ 2.25  3.   -0.25]
Slicing  [2. 3. 0.]  to  [2.25 3.   0.25]
Slicing  [3. 2. 0.]  to  [ 3.    1.75 -0.25]
Slicing  [3. 2. 0.]  to  [3.   1.75 0.25]
Slicing  [3. 2. 0.]  to  [ 3.    2.25 -0.25]
Slicing  [3. 2. 0.]  to  [3.   2.25 0.25]
Processing BZ [2 2 0], path segments from K to Gamma

12 symmetrically equivalent path segments
[[-0.75 -0.75  0.    0.    0.    0.  ]
 [-0.75  0.   -0.75  0.    0.    0.  ]
 [-0.75  0.    0.75  0.    0.    0.  ]
 [-0.75  0.75  0.    0.    0.    0.  ]
 [ 0.   -0.75 -0.75  0.    0.    0.  ]
 [ 0.   -0.75  0.75  0.    0.    0.  ]
 [ 0.    0.75 -0.75  0.    0.    0.  ]
 [ 0.    0.75  0.75  0.    0.    0.  ]
 [ 0.75 -0.75  0.    0.    0.    0.  ]
 [ 0.75  0.   -0.75  0.    0.    0.  ]
 [ 0.75  0.    0.75  0.    0.    0.  ]
 [ 0.75  0.75  0.    0.    0.    0.  ]]
Slicing  [1.25 1.25 0.  ]  to  [2. 2. 0.]
Slicing  [ 1.25  2.   -0.75]  to  [2. 2. 0.]
Slicing  [1.25 2.   0.75]  to  [2. 2. 0.]
Slicing  [1.25 2.75 0.  ]  to  [2. 2. 0.]
Slicing  [ 2.    1.25 -0.75]  to  [2. 2. 0.]
Slicing  [2.   1.25 0.75]  to  [2. 2. 0.]
Slicing  [ 2.    2.75 -0.75]  to  [2. 2. 0.]
Slicing  [2.   2.75 0.75]  to  [2. 2. 0.]
Slicing  [2.75 1.25 0.  ]  to  [2. 2. 0.]
Slicing  [ 2.75  2.   -0.75]  to  [2. 2. 0.]
Slicing  [2.75 2.   0.75]  to  [2. 2. 0.]
Slicing  [2.75 2.75 0.  ]  to  [2. 2. 0.]
Processing BZ [2 2 0], path segments from Gamma to L

8 symmetrically equivalent path segments
[[ 0.   0.   0.  -0.5 -0.5 -0.5]
 [ 0.   0.   0.  -0.5 -0.5  0.5]
 [ 0.   0.   0.  -0.5  0.5 -0.5]
 [ 0.   0.   0.  -0.5  0.5  0.5]
 [ 0.   0.   0.   0.5 -0.5 -0.5]
 [ 0.   0.   0.   0.5 -0.5  0.5]
 [ 0.   0.   0.   0.5  0.5 -0.5]
 [ 0.   0.   0.   0.5  0.5  0.5]]
Slicing  [2. 2. 0.]  to  [ 1.5  1.5 -0.5]
Slicing  [2. 2. 0.]  to  [1.5 1.5 0.5]


Processed: 410/2562 (16.00%) | Elapsed: 01:01:05 | BZ Folding estimated remaining time: 05:20:40


Slicing  [2. 2. 0.]  to  [ 1.5  2.5 -0.5]
Slicing  [2. 2. 0.]  to  [1.5 2.5 0.5]
Slicing  [2. 2. 0.]  to  [ 2.5  1.5 -0.5]
Slicing  [2. 2. 0.]  to  [2.5 1.5 0.5]
Slicing  [2. 2. 0.]  to  [ 2.5  2.5 -0.5]
Slicing  [2. 2. 0.]  to  [2.5 2.5 0.5]
Processing BZ [2 2 0], path segments from L to W

48 symmetrically equivalent path segments
[[-0.5 -0.5 -0.5 -1.  -0.5  0. ]
 [-0.5 -0.5 -0.5 -1.   0.  -0.5]
 [-0.5 -0.5 -0.5 -0.5 -1.   0. ]
 [-0.5 -0.5 -0.5 -0.5  0.  -1. ]
 [-0.5 -0.5 -0.5  0.  -1.  -0.5]
 [-0.5 -0.5 -0.5  0.  -0.5 -1. ]
 [-0.5 -0.5  0.5 -1.  -0.5  0. ]
 [-0.5 -0.5  0.5 -1.   0.   0.5]
 [-0.5 -0.5  0.5 -0.5 -1.   0. ]
 [-0.5 -0.5  0.5 -0.5  0.   1. ]
 [-0.5 -0.5  0.5  0.  -1.   0.5]
 [-0.5 -0.5  0.5  0.  -0.5  1. ]
 [-0.5  0.5 -0.5 -1.   0.  -0.5]
 [-0.5  0.5 -0.5 -1.   0.5  0. ]
 [-0.5  0.5 -0.5 -0.5  0.  -1. ]
 [-0.5  0.5 -0.5 -0.5  1.   0. ]
 [-0.5  0.5 -0.5  0.   0.5 -1. ]
 [-0.5  0.5 -0.5  0.   1.  -0.5]
 [-0.5  0.5  0.5 -1.   0.   0.5]
 [-0.5  0.5  0.5 -1.   0.5  0. ]
 [-0.5  0.5  0.5 -0.5  0.   1. ]
 [-0.5  0.5  0.5 -0.5  1.   0. ]
 [-0.5  0.5  0.5  0.   0.5  1. ]
 [-0.5  0.5  0.5  0.   1.   0.5]
 [ 0.5 -0.5 -0.5  0.  -1.  -0.5]
 [ 0.5 -0.5 -0.5  0.  -0.5 -1. ]
 [ 0.5 -0.5 -0.5  0.5 -1.   0. ]
 [ 0.5 -0.5 -0.5  0.5  0.  -1. ]
 [ 0.5 -0.5 -0.5  1.  -0.5  0. ]
 [ 0.5 -0.5 -0.5  1.   0.  -0.5]
 [ 0.5 -0.5  0.5  0.  -1.   0.5]
 [ 0.5 -0.5  0.5  0.  -0.5  1. ]
 [ 0.5 -0.5  0.5  0.5 -1.   0. ]
 [ 0.5 -0.5  0.5  0.5  0.   1. ]
 [ 0.5 -0.5  0.5  1.  -0.5  0. ]
 [ 0.5 -0.5  0.5  1.   0.   0.5]
 [ 0.5  0.5 -0.5  0.   0.5 -1. ]
 [ 0.5  0.5 -0.5  0.   1.  -0.5]
 [ 0.5  0.5 -0.5  0.5  0.  -1. ]
 [ 0.5  0.5 -0.5  0.5  1.   0. ]
 [ 0.5  0.5 -0.5  1.   0.  -0.5]
 [ 0.5  0.5 -0.5  1.   0.5  0. ]
 [ 0.5  0.5  0.5  0.   0.5  1. ]
 [ 0.5  0.5  0.5  0.   1.   0.5]
 [ 0.5  0.5  0.5  0.5  0.   1. ]
 [ 0.5  0.5  0.5  0.5  1.   0. ]
 [ 0.5  0.5  0.5  1.   0.   0.5]
 [ 0.5  0.5  0.5  1.   0.5  0. ]]
Slicing  [ 1.5  1.5 -0.5]  to  [1.  1.5 0. ]
Slicing  [ 1.5  1.5 -0.5]  to  [ 1.   2.  -0.5]
Slicing  [ 1.5  1.5 -0.5]  to  [1.5 1.  0. ]
Slicing  [ 1.5  1.5 -0.5]  to  [ 1.5  2.  -1. ]
Slicing  [ 1.5  1.5 -0.5]  to  [ 2.   1.  -0.5]
Slicing  [ 1.5  1.5 -0.5]  to  [ 2.   1.5 -1. ]
Slicing  [1.5 1.5 0.5]  to  [1.  1.5 0. ]
Slicing  [1.5 1.5 0.5]  to  [1.  2.  0.5]
Slicing  [1.5 1.5 0.5]  to  [1.5 1.  0. ]
Slicing  [1.5 1.5 0.5]  to  [1.5 2.  1. ]
Slicing  [1.5 1.5 0.5]  to  [2.  1.  0.5]
Slicing  [1.5 1.5 0.5]  to  [2.  1.5 1. ]
Slicing  [ 1.5  2.5 -0.5]  to  [ 1.   2.  -0.5]
Slicing  [ 1.5  2.5 -0.5]  to  [1.  2.5 0. ]
Slicing  [ 1.5  2.5 -0.5]  to  [ 1.5  2.  -1. ]
Slicing  [ 1.5  2.5 -0.5]  to  [1.5 3.  0. ]
Slicing  [ 1.5  2.5 -0.5]  to  [ 2.   2.5 -1. ]
Slicing  [ 1.5  2.5 -0.5]  to  [ 2.   3.  -0.5]
Slicing  [1.5 2.5 0.5]  to  [1.  2.  0.5]
Slicing  [1.5 2.5 0.5]  to  [1.  2.5 0. ]
Slicing  [1.5 2.5 0.5]  to  [1.5 2.  1. ]
Slicing  [1.5 2.5 0.5]  to  [1.5 3.  0. ]
Slicing  [1.5 2.5 0.5]  to  [2.  2.5 1. ]
Slicing  [1.5 2.5 0.5]  to  [2.  3.  0.5]
Slicing  [ 2.5  1.5 -0.5]  to  [ 2.   1.  -0.5]
Slicing  [ 2.5  1.5 -0.5]  to  [ 2.   1.5 -1. ]
Slicing  [ 2.5  1.5 -0.5]  to  [2.5 1.  0. ]
Slicing  [ 2.5  1.5 -0.5]  to  [ 2.5  2.  -1. ]
Slicing  [ 2.5  1.5 -0.5]  to  [3.  1.5 0. ]
Slicing  [ 2.5  1.5 -0.5]  to  [ 3.   2.  -0.5]
Slicing  [2.5 1.5 0.5]  to  [2.  1.  0.5]
Slicing  [2.5 1.5 0.5]  to  [2.  1.5 1. ]
Slicing  [2.5 1.5 0.5]  to  [2.5 1.  0. ]
Slicing  [2.5 1.5 0.5]  to  [2.5 2.  1. ]
Slicing  [2.5 1.5 0.5]  to  [3.  1.5 0. ]
Slicing  [2.5 1.5 0.5]  to  [3.  2.  0.5]
Slicing  [ 2.5  2.5 -0.5]  to  [ 2.   2.5 -1. ]
Slicing  [ 2.5  2.5 -0.5]  to  [ 2.   3.  -0.5]
Slicing  [ 2.5  2.5 -0.5]  to  [ 2.5  2.  -1. ]
Slicing  [ 2.5  2.5 -0.5]  to  [2.5 3.  0. ]
Slicing  [ 2.5  2.5 -0.5]  to  [ 3.   2.  -0.5]
Slicing  [ 2.5  2.5 -0.5]  to  [3.  2.5 0. ]
Slicing  [2.5 2.5 0.5]  to  [2.  2.5 1. ]
Slicing  [2.5 2.5 0.5]  to  [2.  3.  0.5]
Slicing  [2.5 2.5 0.5]  to  [2.5 2.  1. ]
Slicing  [2.5 2.5 0.5]  to  [2.5 3.  0. ]


Processed: 462/2562 (18.03%) | Elapsed: 01:08:39 | BZ Folding estimated remaining time: 05:12:04


Slicing  [2.5 2.5 0.5]  to  [3.  2.  0.5]
Slicing  [2.5 2.5 0.5]  to  [3.  2.5 0. ]
Processing BZ [2 2 0], path segments from W to X

24 symmetrically equivalent path segments
[[-1.  -0.5  0.  -1.   0.   0. ]
 [-1.   0.  -0.5 -1.   0.   0. ]
 [-1.   0.   0.5 -1.   0.   0. ]
 [-1.   0.5  0.  -1.   0.   0. ]
 [-0.5 -1.   0.   0.  -1.   0. ]
 [-0.5  0.  -1.   0.   0.  -1. ]
 [-0.5  0.   1.   0.   0.   1. ]
 [-0.5  1.   0.   0.   1.   0. ]
 [ 0.  -1.  -0.5  0.  -1.   0. ]
 [ 0.  -1.   0.5  0.  -1.   0. ]
 [ 0.  -0.5 -1.   0.   0.  -1. ]
 [ 0.  -0.5  1.   0.   0.   1. ]
 [ 0.   0.5 -1.   0.   0.  -1. ]
 [ 0.   0.5  1.   0.   0.   1. ]
 [ 0.   1.  -0.5  0.   1.   0. ]
 [ 0.   1.   0.5  0.   1.   0. ]
 [ 0.5 -1.   0.   0.  -1.   0. ]
 [ 0.5  0.  -1.   0.   0.  -1. ]
 [ 0.5  0.   1.   0.   0.   1. ]
 [ 0.5  1.   0.   0.   1.   0. ]
 [ 1.  -0.5  0.   1.   0.   0. ]
 [ 1.   0.  -0.5  1.   0.   0. ]
 [ 1.   0.   0.5  1.   0.   0. ]
 [ 1.   0.5  0.   1.   0.   0. ]]
Slicing  [1.  1.5 0. ]  to  [1. 2. 0.]
Slicing  [ 1.   2.  -0.5]  to  [1. 2. 0.]
Slicing  [1.  2.  0.5]  to  [1. 2. 0.]
Slicing  [1.  2.5 0. ]  to  [1. 2. 0.]
Slicing  [1.5 1.  0. ]  to  [2. 1. 0.]
Slicing  [ 1.5  2.  -1. ]  to  [ 2.  2. -1.]
Slicing  [1.5 2.  1. ]  to  [2. 2. 1.]
Slicing  [1.5 3.  0. ]  to  [2. 3. 0.]
Slicing  [ 2.   1.  -0.5]  to  [2. 1. 0.]
Slicing  [2.  1.  0.5]  to  [2. 1. 0.]
Slicing  [ 2.   1.5 -1. ]  to  [ 2.  2. -1.]
Slicing  [2.  1.5 1. ]  to  [2. 2. 1.]
Slicing  [ 2.   2.5 -1. ]  to  [ 2.  2. -1.]
Slicing  [2.  2.5 1. ]  to  [2. 2. 1.]
Slicing  [ 2.   3.  -0.5]  to  [2. 3. 0.]
Slicing  [2.  3.  0.5]  to  [2. 3. 0.]
Slicing  [2.5 1.  0. ]  to  [2. 1. 0.]
Slicing  [ 2.5  2.  -1. ]  to  [ 2.  2. -1.]
Slicing  [2.5 2.  1. ]  to  [2. 2. 1.]
Slicing  [2.5 3.  0. ]  to  [2. 3. 0.]
Slicing  [3.  1.5 0. ]  to  [3. 2. 0.]
Slicing  [ 3.   2.  -0.5]  to  [3. 2. 0.]
Slicing  [3.  2.  0.5]  to  [3. 2. 0.]
Slicing  [3.  2.5 0. ]  to  [3. 2. 0.]

Generating Report for BZ [2 2 0]

Combining all 3 BZ

BZ [2 2 0] done. Total time elapsed 01:14:20
Processing BZ [ 4 -2  0], path segments from Gamma to X

6 symmetrically equivalent path segments
[[ 0.  0.  0. -1.  0.  0.]
 [ 0.  0.  0.  0. -1.  0.]
 [ 0.  0.  0.  0.  0. -1.]
 [ 0.  0.  0.  0.  0.  1.]
 [ 0.  0.  0.  0.  1.  0.]
 [ 0.  0.  0.  1.  0.  0.]]
Slicing  [ 4. -2.  0.]  to  [ 3. -2.  0.]
Slicing  [ 4. -2.  0.]  to  [ 4. -3.  0.]
Slicing  [ 4. -2.  0.]  to  [ 4. -2. -1.]
Slicing  [ 4. -2.  0.]  to  [ 4. -2.  1.]
Slicing  [ 4. -2.  0.]  to  [ 4. -1.  0.]
Slicing  [ 4. -2.  0.]  to  [ 5. -2.  0.]
Processing BZ [ 4 -2  0], path segments from X to U

24 symmetrically equivalent path segments
[[-1.    0.    0.   -1.   -0.25 -0.25]
 [-1.    0.    0.   -1.   -0.25  0.25]
 [-1.    0.    0.   -1.    0.25 -0.25]
 [-1.    0.    0.   -1.    0.25  0.25]
 [ 0.   -1.    0.   -0.25 -1.   -0.25]
 [ 0.   -1.    0.   -0.25 -1.    0.25]
 [ 0.   -1.    0.    0.25 -1.   -0.25]
 [ 0.   -1.    0.    0.25 -1.    0.25]
 [ 0.    0.   -1.   -0.25 -0.25 -1.  ]
 [ 0.    0.   -1.   -0.25  0.25 -1.  ]
 [ 0.    0.   -1.    0.25 -0.25 -1.  ]
 [ 0.    0.   -1.    0.25  0.25 -1.  ]
 [ 0.    0.    1.   -0.25 -0.25  1.  ]
 [ 0.    0.    1.   -0.25  0.25  1.  ]
 [ 0.    0.    1.    0.25 -0.25  1.  ]
 [ 0.    0.    1.    0.25  0.25  1.  ]
 [ 0.    1.    0.   -0.25  1.   -0.25]
 [ 0.    1.    0.   -0.25  1.    0.25]
 [ 0.    1.    0.    0.25  1.   -0.25]
 [ 0.    1.    0.    0.25  1.    0.25]
 [ 1.    0.    0.    1.   -0.25 -0.25]
 [ 1.    0.    0.    1.   -0.25  0.25]
 [ 1.    0.    0.    1.    0.25 -0.25]
 [ 1.    0.    0.    1.    0.25  0.25]]
Slicing  [ 3. -2.  0.]  to  [ 3.   -2.25 -0.25]
Slicing  [ 3. -2.  0.]  to  [ 3.   -2.25  0.25]
Slicing  [ 3. -2.  0.]  to  [ 3.   -1.75 -0.25]
Slicing  [ 3. -2.  0.]  to  [ 3.   -1.75  0.25]
Slicing  [ 4. -3.  0.]  to  [ 3.75 -3.   -0.25]
Slicing  [ 4. -3.  0.]  to  [ 3.75 -3.    0.25]
Slicing  [ 4. -3.  0.]  to  [ 4.25 -3.   -0.25]
Slicing  [ 4. -3.  0.]  to  [ 4.25 -3.    0.25]
Slicing  [ 4. -2. -1.]  to  [ 3.75 -2.25 -1.  ]
Slicing  [ 4. -2. -1.]  to  [ 3.75 -1.75 -1.  ]
Slicing  [ 4. -2. -1.]  to  [ 4.25 -2.25 -1.  ]
Slicing  [ 4. -2. -1.]  to  [ 4.25 -1.75 -1.  ]
Slicing  [ 4. -2.  1.]  to  [ 3.75 -2.25  1.  ]
Slicing  [ 4. -2.  1.]  to  [ 3.75 -1.75  1.  ]
Slicing  [ 4. -2.  1.]  to  [ 4.25 -2.25  1.  ]
Slicing  [ 4. -2.  1.]  to  [ 4.25 -1.75  1.  ]
Slicing  [ 4. -1.  0.]  to  [ 3.75 -1.   -0.25]
Slicing  [ 4. -1.  0.]  to  [ 3.75 -1.    0.25]
Slicing  [ 4. -1.  0.]  to  [ 4.25 -1.   -0.25]


Processed: 513/2562 (20.02%) | Elapsed: 01:16:16 | BZ Folding estimated remaining time: 05:04:40


Slicing  [ 4. -1.  0.]  to  [ 4.25 -1.    0.25]
Slicing  [ 5. -2.  0.]  to  [ 5.   -2.25 -0.25]
Slicing  [ 5. -2.  0.]  to  [ 5.   -2.25  0.25]
Slicing  [ 5. -2.  0.]  to  [ 5.   -1.75 -0.25]
Slicing  [ 5. -2.  0.]  to  [ 5.   -1.75  0.25]
Processing BZ [ 4 -2  0], path segments from K to Gamma

12 symmetrically equivalent path segments
[[-0.75 -0.75  0.    0.    0.    0.  ]
 [-0.75  0.   -0.75  0.    0.    0.  ]
 [-0.75  0.    0.75  0.    0.    0.  ]
 [-0.75  0.75  0.    0.    0.    0.  ]
 [ 0.   -0.75 -0.75  0.    0.    0.  ]
 [ 0.   -0.75  0.75  0.    0.    0.  ]
 [ 0.    0.75 -0.75  0.    0.    0.  ]
 [ 0.    0.75  0.75  0.    0.    0.  ]
 [ 0.75 -0.75  0.    0.    0.    0.  ]
 [ 0.75  0.   -0.75  0.    0.    0.  ]
 [ 0.75  0.    0.75  0.    0.    0.  ]
 [ 0.75  0.75  0.    0.    0.    0.  ]]
Slicing  [ 3.25 -2.75  0.  ]  to  [ 4. -2.  0.]
Slicing  [ 3.25 -2.   -0.75]  to  [ 4. -2.  0.]
Slicing  [ 3.25 -2.    0.75]  to  [ 4. -2.  0.]
Slicing  [ 3.25 -1.25  0.  ]  to  [ 4. -2.  0.]
Slicing  [ 4.   -2.75 -0.75]  to  [ 4. -2.  0.]
Slicing  [ 4.   -2.75  0.75]  to  [ 4. -2.  0.]
Slicing  [ 4.   -1.25 -0.75]  to  [ 4. -2.  0.]
Slicing  [ 4.   -1.25  0.75]  to  [ 4. -2.  0.]
Slicing  [ 4.75 -2.75  0.  ]  to  [ 4. -2.  0.]
Slicing  [ 4.75 -2.   -0.75]  to  [ 4. -2.  0.]
Slicing  [ 4.75 -2.    0.75]  to  [ 4. -2.  0.]
Slicing  [ 4.75 -1.25  0.  ]  to  [ 4. -2.  0.]
Processing BZ [ 4 -2  0], path segments from Gamma to L

8 symmetrically equivalent path segments
[[ 0.   0.   0.  -0.5 -0.5 -0.5]
 [ 0.   0.   0.  -0.5 -0.5  0.5]
 [ 0.   0.   0.  -0.5  0.5 -0.5]
 [ 0.   0.   0.  -0.5  0.5  0.5]
 [ 0.   0.   0.   0.5 -0.5 -0.5]
 [ 0.   0.   0.   0.5 -0.5  0.5]
 [ 0.   0.   0.   0.5  0.5 -0.5]
 [ 0.   0.   0.   0.5  0.5  0.5]]
Slicing  [ 4. -2.  0.]  to  [ 3.5 -2.5 -0.5]
Slicing  [ 4. -2.  0.]  to  [ 3.5 -2.5  0.5]
Slicing  [ 4. -2.  0.]  to  [ 3.5 -1.5 -0.5]
Slicing  [ 4. -2.  0.]  to  [ 3.5 -1.5  0.5]
Slicing  [ 4. -2.  0.]  to  [ 4.5 -2.5 -0.5]
Slicing  [ 4. -2.  0.]  to  [ 4.5 -2.5  0.5]
Slicing  [ 4. -2.  0.]  to  [ 4.5 -1.5 -0.5]
Slicing  [ 4. -2.  0.]  to  [ 4.5 -1.5  0.5]
Processing BZ [ 4 -2  0], path segments from L to W

48 symmetrically equivalent path segments
[[-0.5 -0.5 -0.5 -1.  -0.5  0. ]
 [-0.5 -0.5 -0.5 -1.   0.  -0.5]
 [-0.5 -0.5 -0.5 -0.5 -1.   0. ]
 [-0.5 -0.5 -0.5 -0.5  0.  -1. ]
 [-0.5 -0.5 -0.5  0.  -1.  -0.5]
 [-0.5 -0.5 -0.5  0.  -0.5 -1. ]
 [-0.5 -0.5  0.5 -1.  -0.5  0. ]
 [-0.5 -0.5  0.5 -1.   0.   0.5]
 [-0.5 -0.5  0.5 -0.5 -1.   0. ]
 [-0.5 -0.5  0.5 -0.5  0.   1. ]
 [-0.5 -0.5  0.5  0.  -1.   0.5]
 [-0.5 -0.5  0.5  0.  -0.5  1. ]
 [-0.5  0.5 -0.5 -1.   0.  -0.5]
 [-0.5  0.5 -0.5 -1.   0.5  0. ]
 [-0.5  0.5 -0.5 -0.5  0.  -1. ]
 [-0.5  0.5 -0.5 -0.5  1.   0. ]
 [-0.5  0.5 -0.5  0.   0.5 -1. ]
 [-0.5  0.5 -0.5  0.   1.  -0.5]
 [-0.5  0.5  0.5 -1.   0.   0.5]
 [-0.5  0.5  0.5 -1.   0.5  0. ]
 [-0.5  0.5  0.5 -0.5  0.   1. ]
 [-0.5  0.5  0.5 -0.5  1.   0. ]
 [-0.5  0.5  0.5  0.   0.5  1. ]
 [-0.5  0.5  0.5  0.   1.   0.5]
 [ 0.5 -0.5 -0.5  0.  -1.  -0.5]
 [ 0.5 -0.5 -0.5  0.  -0.5 -1. ]
 [ 0.5 -0.5 -0.5  0.5 -1.   0. ]
 [ 0.5 -0.5 -0.5  0.5  0.  -1. ]
 [ 0.5 -0.5 -0.5  1.  -0.5  0. ]
 [ 0.5 -0.5 -0.5  1.   0.  -0.5]
 [ 0.5 -0.5  0.5  0.  -1.   0.5]
 [ 0.5 -0.5  0.5  0.  -0.5  1. ]
 [ 0.5 -0.5  0.5  0.5 -1.   0. ]
 [ 0.5 -0.5  0.5  0.5  0.   1. ]
 [ 0.5 -0.5  0.5  1.  -0.5  0. ]
 [ 0.5 -0.5  0.5  1.   0.   0.5]
 [ 0.5  0.5 -0.5  0.   0.5 -1. ]
 [ 0.5  0.5 -0.5  0.   1.  -0.5]
 [ 0.5  0.5 -0.5  0.5  0.  -1. ]
 [ 0.5  0.5 -0.5  0.5  1.   0. ]
 [ 0.5  0.5 -0.5  1.   0.  -0.5]
 [ 0.5  0.5 -0.5  1.   0.5  0. ]
 [ 0.5  0.5  0.5  0.   0.5  1. ]
 [ 0.5  0.5  0.5  0.   1.   0.5]
 [ 0.5  0.5  0.5  0.5  0.   1. ]
 [ 0.5  0.5  0.5  0.5  1.   0. ]
 [ 0.5  0.5  0.5  1.   0.   0.5]
 [ 0.5  0.5  0.5  1.   0.5  0. ]]
Slicing  [ 3.5 -2.5 -0.5]  to  [ 3.  -2.5  0. ]
Slicing  [ 3.5 -2.5 -0.5]  to  [ 3.  -2.  -0.5]
Slicing  [ 3.5 -2.5 -0.5]  to  [ 3.5 -3.   0. ]
Slicing  [ 3.5 -2.5 -0.5]  to  [ 3.5 -2.  -1. ]
Slicing  [ 3.5 -2.5 -0.5]  to  [ 4.  -3.  -0.5]
Slicing  [ 3.5 -2.5 -0.5]  to  [ 4.  -2.5 -1. ]
Slicing  [ 3.5 -2.5  0.5]  to  [ 3.  -2.5  0. ]
Slicing  [ 3.5 -2.5  0.5]  to  [ 3.  -2.   0.5]
Slicing  [ 3.5 -2.5  0.5]  to  [ 3.5 -3.   0. ]
Slicing  [ 3.5 -2.5  0.5]  to  [ 3.5 -2.   1. ]
Slicing  [ 3.5 -2.5  0.5]  to  [ 4.  -3.   0.5]
Slicing  [ 3.5 -2.5  0.5]  to  [ 4.  -2.5  1. ]
Slicing  [ 3.5 -1.5 -0.5]  to  [ 3.  -2.  -0.5]
Slicing  [ 3.5 -1.5 -0.5]  to  [ 3.  -1.5  0. ]
Slicing  [ 3.5 -1.5 -0.5]  to  [ 3.5 -2.  -1. ]
Slicing  [ 3.5 -1.5 -0.5]  to  [ 3.5 -1.   0. ]
Slicing  [ 3.5 -1.5 -0.5]  to  [ 4.  -1.5 -1. ]
Slicing  [ 3.5 -1.5 -0.5]  to  [ 4.  -1.  -0.5]
Slicing  [ 3.5 -1.5  0.5]  to  [ 3.  -2.   0.5]
Slicing  [ 3.5 -1.5  0.5]  to  [ 3.  -1.5  0. ]
Slicing  [ 3.5 -1.5  0.5]  to  [ 3.5 -2.   1. ]
Slicing  [ 3.5 -1.5  0.5]  to  [ 3.5 -1.   0. ]
Slicing  [ 3.5 -1.5  0.5]  to  [ 4.  -1.5  1. ]
Slicing  [ 3.5 -1.5  0.5]  to  [ 4.  -1.   0.5]
Slicing  [ 4.5 -2.5 -0.5]  to  [ 4.  -3.  -0.5]
Slicing  [ 4.5 -2.5 -0.5]  to  [ 4.  -2.5 -1. ]


Processed: 564/2562 (22.01%) | Elapsed: 01:23:50 | BZ Folding estimated remaining time: 04:56:59


Slicing  [ 4.5 -2.5 -0.5]  to  [ 4.5 -3.   0. ]
Slicing  [ 4.5 -2.5 -0.5]  to  [ 4.5 -2.  -1. ]
Slicing  [ 4.5 -2.5 -0.5]  to  [ 5.  -2.5  0. ]
Slicing  [ 4.5 -2.5 -0.5]  to  [ 5.  -2.  -0.5]
Slicing  [ 4.5 -2.5  0.5]  to  [ 4.  -3.   0.5]
Slicing  [ 4.5 -2.5  0.5]  to  [ 4.  -2.5  1. ]
Slicing  [ 4.5 -2.5  0.5]  to  [ 4.5 -3.   0. ]
Slicing  [ 4.5 -2.5  0.5]  to  [ 4.5 -2.   1. ]
Slicing  [ 4.5 -2.5  0.5]  to  [ 5.  -2.5  0. ]
Slicing  [ 4.5 -2.5  0.5]  to  [ 5.  -2.   0.5]
Slicing  [ 4.5 -1.5 -0.5]  to  [ 4.  -1.5 -1. ]
Slicing  [ 4.5 -1.5 -0.5]  to  [ 4.  -1.  -0.5]
Slicing  [ 4.5 -1.5 -0.5]  to  [ 4.5 -2.  -1. ]
Slicing  [ 4.5 -1.5 -0.5]  to  [ 4.5 -1.   0. ]
Slicing  [ 4.5 -1.5 -0.5]  to  [ 5.  -2.  -0.5]
Slicing  [ 4.5 -1.5 -0.5]  to  [ 5.  -1.5  0. ]
Slicing  [ 4.5 -1.5  0.5]  to  [ 4.  -1.5  1. ]
Slicing  [ 4.5 -1.5  0.5]  to  [ 4.  -1.   0.5]
Slicing  [ 4.5 -1.5  0.5]  to  [ 4.5 -2.   1. ]
Slicing  [ 4.5 -1.5  0.5]  to  [ 4.5 -1.   0. ]
Slicing  [ 4.5 -1.5  0.5]  to  [ 5.  -2.   0.5]
Slicing  [ 4.5 -1.5  0.5]  to  [ 5.  -1.5  0. ]
Processing BZ [ 4 -2  0], path segments from W to X

24 symmetrically equivalent path segments
[[-1.  -0.5  0.  -1.   0.   0. ]
 [-1.   0.  -0.5 -1.   0.   0. ]
 [-1.   0.   0.5 -1.   0.   0. ]
 [-1.   0.5  0.  -1.   0.   0. ]
 [-0.5 -1.   0.   0.  -1.   0. ]
 [-0.5  0.  -1.   0.   0.  -1. ]
 [-0.5  0.   1.   0.   0.   1. ]
 [-0.5  1.   0.   0.   1.   0. ]
 [ 0.  -1.  -0.5  0.  -1.   0. ]
 [ 0.  -1.   0.5  0.  -1.   0. ]
 [ 0.  -0.5 -1.   0.   0.  -1. ]
 [ 0.  -0.5  1.   0.   0.   1. ]
 [ 0.   0.5 -1.   0.   0.  -1. ]
 [ 0.   0.5  1.   0.   0.   1. ]
 [ 0.   1.  -0.5  0.   1.   0. ]
 [ 0.   1.   0.5  0.   1.   0. ]
 [ 0.5 -1.   0.   0.  -1.   0. ]
 [ 0.5  0.  -1.   0.   0.  -1. ]
 [ 0.5  0.   1.   0.   0.   1. ]
 [ 0.5  1.   0.   0.   1.   0. ]
 [ 1.  -0.5  0.   1.   0.   0. ]
 [ 1.   0.  -0.5  1.   0.   0. ]
 [ 1.   0.   0.5  1.   0.   0. ]
 [ 1.   0.5  0.   1.   0.   0. ]]
Slicing  [ 3.  -2.5  0. ]  to  [ 3. -2.  0.]
Slicing  [ 3.  -2.  -0.5]  to  [ 3. -2.  0.]
Slicing  [ 3.  -2.   0.5]  to  [ 3. -2.  0.]
Slicing  [ 3.  -1.5  0. ]  to  [ 3. -2.  0.]
Slicing  [ 3.5 -3.   0. ]  to  [ 4. -3.  0.]
Slicing  [ 3.5 -2.  -1. ]  to  [ 4. -2. -1.]
Slicing  [ 3.5 -2.   1. ]  to  [ 4. -2.  1.]
Slicing  [ 3.5 -1.   0. ]  to  [ 4. -1.  0.]
Slicing  [ 4.  -3.  -0.5]  to  [ 4. -3.  0.]
Slicing  [ 4.  -3.   0.5]  to  [ 4. -3.  0.]
Slicing  [ 4.  -2.5 -1. ]  to  [ 4. -2. -1.]
Slicing  [ 4.  -2.5  1. ]  to  [ 4. -2.  1.]
Slicing  [ 4.  -1.5 -1. ]  to  [ 4. -2. -1.]
Slicing  [ 4.  -1.5  1. ]  to  [ 4. -2.  1.]
Slicing  [ 4.  -1.  -0.5]  to  [ 4. -1.  0.]
Slicing  [ 4.  -1.   0.5]  to  [ 4. -1.  0.]
Slicing  [ 4.5 -3.   0. ]  to  [ 4. -3.  0.]
Slicing  [ 4.5 -2.  -1. ]  to  [ 4. -2. -1.]
Slicing  [ 4.5 -2.   1. ]  to  [ 4. -2.  1.]
Slicing  [ 4.5 -1.   0. ]  to  [ 4. -1.  0.]
Slicing  [ 5.  -2.5  0. ]  to  [ 5. -2.  0.]
Slicing  [ 5.  -2.  -0.5]  to  [ 5. -2.  0.]
Slicing  [ 5.  -2.   0.5]  to  [ 5. -2.  0.]
Slicing  [ 5.  -1.5  0. ]  to  [ 5. -2.  0.]

Generating Report for BZ [ 4 -2  0]

Combining all 4 BZ

BZ [ 4 -2  0] done. Total time elapsed 01:32:27
Processing BZ [3 3 1], path segments from Gamma to X

6 symmetrically equivalent path segments
[[ 0.  0.  0. -1.  0.  0.]
 [ 0.  0.  0.  0. -1.  0.]
 [ 0.  0.  0.  0.  0. -1.]
 [ 0.  0.  0.  0.  0.  1.]
 [ 0.  0.  0.  0.  1.  0.]
 [ 0.  0.  0.  1.  0.  0.]]
Slicing  [3. 3. 1.]  to  [2. 3. 1.]
Slicing  [3. 3. 1.]  to  [3. 2. 1.]
Slicing  [3. 3. 1.]  to  [3. 3. 0.]
Slicing  [3. 3. 1.]  to  [3. 3. 2.]
Slicing  [3. 3. 1.]  to  [3. 4. 1.]


Processed: 615/2562 (24.00%) | Elapsed: 01:31:48 | BZ Folding estimated remaining time: 04:50:38


Slicing  [3. 3. 1.]  to  [4. 3. 1.]
Processing BZ [3 3 1], path segments from X to U

24 symmetrically equivalent path segments
[[-1.    0.    0.   -1.   -0.25 -0.25]
 [-1.    0.    0.   -1.   -0.25  0.25]
 [-1.    0.    0.   -1.    0.25 -0.25]
 [-1.    0.    0.   -1.    0.25  0.25]
 [ 0.   -1.    0.   -0.25 -1.   -0.25]
 [ 0.   -1.    0.   -0.25 -1.    0.25]
 [ 0.   -1.    0.    0.25 -1.   -0.25]
 [ 0.   -1.    0.    0.25 -1.    0.25]
 [ 0.    0.   -1.   -0.25 -0.25 -1.  ]
 [ 0.    0.   -1.   -0.25  0.25 -1.  ]
 [ 0.    0.   -1.    0.25 -0.25 -1.  ]
 [ 0.    0.   -1.    0.25  0.25 -1.  ]
 [ 0.    0.    1.   -0.25 -0.25  1.  ]
 [ 0.    0.    1.   -0.25  0.25  1.  ]
 [ 0.    0.    1.    0.25 -0.25  1.  ]
 [ 0.    0.    1.    0.25  0.25  1.  ]
 [ 0.    1.    0.   -0.25  1.   -0.25]
 [ 0.    1.    0.   -0.25  1.    0.25]
 [ 0.    1.    0.    0.25  1.   -0.25]
 [ 0.    1.    0.    0.25  1.    0.25]
 [ 1.    0.    0.    1.   -0.25 -0.25]
 [ 1.    0.    0.    1.   -0.25  0.25]
 [ 1.    0.    0.    1.    0.25 -0.25]
 [ 1.    0.    0.    1.    0.25  0.25]]
Slicing  [2. 3. 1.]  to  [2.   2.75 0.75]
Slicing  [2. 3. 1.]  to  [2.   2.75 1.25]
Slicing  [2. 3. 1.]  to  [2.   3.25 0.75]
Slicing  [2. 3. 1.]  to  [2.   3.25 1.25]
Slicing  [3. 2. 1.]  to  [2.75 2.   0.75]
Slicing  [3. 2. 1.]  to  [2.75 2.   1.25]
Slicing  [3. 2. 1.]  to  [3.25 2.   0.75]
Slicing  [3. 2. 1.]  to  [3.25 2.   1.25]
Slicing  [3. 3. 0.]  to  [2.75 2.75 0.  ]
Slicing  [3. 3. 0.]  to  [2.75 3.25 0.  ]
Slicing  [3. 3. 0.]  to  [3.25 2.75 0.  ]
Slicing  [3. 3. 0.]  to  [3.25 3.25 0.  ]
Slicing  [3. 3. 2.]  to  [2.75 2.75 2.  ]
Slicing  [3. 3. 2.]  to  [2.75 3.25 2.  ]
Slicing  [3. 3. 2.]  to  [3.25 2.75 2.  ]
Slicing  [3. 3. 2.]  to  [3.25 3.25 2.  ]
Slicing  [3. 4. 1.]  to  [2.75 4.   0.75]
Slicing  [3. 4. 1.]  to  [2.75 4.   1.25]
Slicing  [3. 4. 1.]  to  [3.25 4.   0.75]
Slicing  [3. 4. 1.]  to  [3.25 4.   1.25]
Slicing  [4. 3. 1.]  to  [4.   2.75 0.75]
Slicing  [4. 3. 1.]  to  [4.   2.75 1.25]
Slicing  [4. 3. 1.]  to  [4.   3.25 0.75]
Slicing  [4. 3. 1.]  to  [4.   3.25 1.25]
Processing BZ [3 3 1], path segments from K to Gamma

12 symmetrically equivalent path segments
[[-0.75 -0.75  0.    0.    0.    0.  ]
 [-0.75  0.   -0.75  0.    0.    0.  ]
 [-0.75  0.    0.75  0.    0.    0.  ]
 [-0.75  0.75  0.    0.    0.    0.  ]
 [ 0.   -0.75 -0.75  0.    0.    0.  ]
 [ 0.   -0.75  0.75  0.    0.    0.  ]
 [ 0.    0.75 -0.75  0.    0.    0.  ]
 [ 0.    0.75  0.75  0.    0.    0.  ]
 [ 0.75 -0.75  0.    0.    0.    0.  ]
 [ 0.75  0.   -0.75  0.    0.    0.  ]
 [ 0.75  0.    0.75  0.    0.    0.  ]
 [ 0.75  0.75  0.    0.    0.    0.  ]]
Slicing  [2.25 2.25 1.  ]  to  [3. 3. 1.]
Slicing  [2.25 3.   0.25]  to  [3. 3. 1.]
Slicing  [2.25 3.   1.75]  to  [3. 3. 1.]
Slicing  [2.25 3.75 1.  ]  to  [3. 3. 1.]
Slicing  [3.   2.25 0.25]  to  [3. 3. 1.]
Slicing  [3.   2.25 1.75]  to  [3. 3. 1.]
Slicing  [3.   3.75 0.25]  to  [3. 3. 1.]
Slicing  [3.   3.75 1.75]  to  [3. 3. 1.]
Slicing  [3.75 2.25 1.  ]  to  [3. 3. 1.]
Slicing  [3.75 3.   0.25]  to  [3. 3. 1.]
Slicing  [3.75 3.   1.75]  to  [3. 3. 1.]
Slicing  [3.75 3.75 1.  ]  to  [3. 3. 1.]
Processing BZ [3 3 1], path segments from Gamma to L

8 symmetrically equivalent path segments
[[ 0.   0.   0.  -0.5 -0.5 -0.5]
 [ 0.   0.   0.  -0.5 -0.5  0.5]
 [ 0.   0.   0.  -0.5  0.5 -0.5]
 [ 0.   0.   0.  -0.5  0.5  0.5]
 [ 0.   0.   0.   0.5 -0.5 -0.5]
 [ 0.   0.   0.   0.5 -0.5  0.5]
 [ 0.   0.   0.   0.5  0.5 -0.5]
 [ 0.   0.   0.   0.5  0.5  0.5]]
Slicing  [3. 3. 1.]  to  [2.5 2.5 0.5]
Slicing  [3. 3. 1.]  to  [2.5 2.5 1.5]
Slicing  [3. 3. 1.]  to  [2.5 3.5 0.5]
Slicing  [3. 3. 1.]  to  [2.5 3.5 1.5]
Slicing  [3. 3. 1.]  to  [3.5 2.5 0.5]
Slicing  [3. 3. 1.]  to  [3.5 2.5 1.5]
Slicing  [3. 3. 1.]  to  [3.5 3.5 0.5]
Slicing  [3. 3. 1.]  to  [3.5 3.5 1.5]
Processing BZ [3 3 1], path segments from L to W

48 symmetrically equivalent path segments
[[-0.5 -0.5 -0.5 -1.  -0.5  0. ]
 [-0.5 -0.5 -0.5 -1.   0.  -0.5]
 [-0.5 -0.5 -0.5 -0.5 -1.   0. ]
 [-0.5 -0.5 -0.5 -0.5  0.  -1. ]
 [-0.5 -0.5 -0.5  0.  -1.  -0.5]
 [-0.5 -0.5 -0.5  0.  -0.5 -1. ]
 [-0.5 -0.5  0.5 -1.  -0.5  0. ]
 [-0.5 -0.5  0.5 -1.   0.   0.5]
 [-0.5 -0.5  0.5 -0.5 -1.   0. ]
 [-0.5 -0.5  0.5 -0.5  0.   1. ]
 [-0.5 -0.5  0.5  0.  -1.   0.5]
 [-0.5 -0.5  0.5  0.  -0.5  1. ]
 [-0.5  0.5 -0.5 -1.   0.  -0.5]
 [-0.5  0.5 -0.5 -1.   0.5  0. ]
 [-0.5  0.5 -0.5 -0.5  0.  -1. ]
 [-0.5  0.5 -0.5 -0.5  1.   0. ]
 [-0.5  0.5 -0.5  0.   0.5 -1. ]
 [-0.5  0.5 -0.5  0.   1.  -0.5]
 [-0.5  0.5  0.5 -1.   0.   0.5]
 [-0.5  0.5  0.5 -1.   0.5  0. ]
 [-0.5  0.5  0.5 -0.5  0.   1. ]
 [-0.5  0.5  0.5 -0.5  1.   0. ]
 [-0.5  0.5  0.5  0.   0.5  1. ]
 [-0.5  0.5  0.5  0.   1.   0.5]
 [ 0.5 -0.5 -0.5  0.  -1.  -0.5]
 [ 0.5 -0.5 -0.5  0.  -0.5 -1. ]
 [ 0.5 -0.5 -0.5  0.5 -1.   0. ]
 [ 0.5 -0.5 -0.5  0.5  0.  -1. ]
 [ 0.5 -0.5 -0.5  1.  -0.5  0. ]
 [ 0.5 -0.5 -0.5  1.   0.  -0.5]
 [ 0.5 -0.5  0.5  0.  -1.   0.5]
 [ 0.5 -0.5  0.5  0.  -0.5  1. ]
 [ 0.5 -0.5  0.5  0.5 -1.   0. ]
 [ 0.5 -0.5  0.5  0.5  0.   1. ]
 [ 0.5 -0.5  0.5  1.  -0.5  0. ]
 [ 0.5 -0.5  0.5  1.   0.   0.5]
 [ 0.5  0.5 -0.5  0.   0.5 -1. ]
 [ 0.5  0.5 -0.5  0.   1.  -0.5]
 [ 0.5  0.5 -0.5  0.5  0.  -1. ]
 [ 0.5  0.5 -0.5  0.5  1.   0. ]
 [ 0.5  0.5 -0.5  1.   0.  -0.5]
 [ 0.5  0.5 -0.5  1.   0.5  0. ]
 [ 0.5  0.5  0.5  0.   0.5  1. ]
 [ 0.5  0.5  0.5  0.   1.   0.5]
 [ 0.5  0.5  0.5  0.5  0.   1. ]
 [ 0.5  0.5  0.5  0.5  1.   0. ]
 [ 0.5  0.5  0.5  1.   0.   0.5]
 [ 0.5  0.5  0.5  1.   0.5  0. ]]
Slicing  [2.5 2.5 0.5]  to  [2.  2.5 1. ]
Slicing  [2.5 2.5 0.5]  to  [2.  3.  0.5]
Slicing  [2.5 2.5 0.5]  to  [2.5 2.  1. ]
Slicing  [2.5 2.5 0.5]  to  [2.5 3.  0. ]
Slicing  [2.5 2.5 0.5]  to  [3.  2.  0.5]
Slicing  [2.5 2.5 0.5]  to  [3.  2.5 0. ]
Slicing  [2.5 2.5 1.5]  to  [2.  2.5 1. ]


Processed: 667/2562 (26.03%) | Elapsed: 01:39:19 | BZ Folding estimated remaining time: 04:42:10


Slicing  [2.5 2.5 1.5]  to  [2.  3.  1.5]
Slicing  [2.5 2.5 1.5]  to  [2.5 2.  1. ]
Slicing  [2.5 2.5 1.5]  to  [2.5 3.  2. ]
Slicing  [2.5 2.5 1.5]  to  [3.  2.  1.5]
Slicing  [2.5 2.5 1.5]  to  [3.  2.5 2. ]
Slicing  [2.5 3.5 0.5]  to  [2.  3.  0.5]
Slicing  [2.5 3.5 0.5]  to  [2.  3.5 1. ]
Slicing  [2.5 3.5 0.5]  to  [2.5 3.  0. ]
Slicing  [2.5 3.5 0.5]  to  [2.5 4.  1. ]
Slicing  [2.5 3.5 0.5]  to  [3.  3.5 0. ]
Slicing  [2.5 3.5 0.5]  to  [3.  4.  0.5]
Slicing  [2.5 3.5 1.5]  to  [2.  3.  1.5]
Slicing  [2.5 3.5 1.5]  to  [2.  3.5 1. ]
Slicing  [2.5 3.5 1.5]  to  [2.5 3.  2. ]
Slicing  [2.5 3.5 1.5]  to  [2.5 4.  1. ]
Slicing  [2.5 3.5 1.5]  to  [3.  3.5 2. ]
Slicing  [2.5 3.5 1.5]  to  [3.  4.  1.5]
Slicing  [3.5 2.5 0.5]  to  [3.  2.  0.5]
Slicing  [3.5 2.5 0.5]  to  [3.  2.5 0. ]
Slicing  [3.5 2.5 0.5]  to  [3.5 2.  1. ]
Slicing  [3.5 2.5 0.5]  to  [3.5 3.  0. ]
Slicing  [3.5 2.5 0.5]  to  [4.  2.5 1. ]
Slicing  [3.5 2.5 0.5]  to  [4.  3.  0.5]
Slicing  [3.5 2.5 1.5]  to  [3.  2.  1.5]
Slicing  [3.5 2.5 1.5]  to  [3.  2.5 2. ]
Slicing  [3.5 2.5 1.5]  to  [3.5 2.  1. ]
Slicing  [3.5 2.5 1.5]  to  [3.5 3.  2. ]
Slicing  [3.5 2.5 1.5]  to  [4.  2.5 1. ]
Slicing  [3.5 2.5 1.5]  to  [4.  3.  1.5]
Slicing  [3.5 3.5 0.5]  to  [3.  3.5 0. ]
Slicing  [3.5 3.5 0.5]  to  [3.  4.  0.5]
Slicing  [3.5 3.5 0.5]  to  [3.5 3.  0. ]
Slicing  [3.5 3.5 0.5]  to  [3.5 4.  1. ]
Slicing  [3.5 3.5 0.5]  to  [4.  3.  0.5]
Slicing  [3.5 3.5 0.5]  to  [4.  3.5 1. ]
Slicing  [3.5 3.5 1.5]  to  [3.  3.5 2. ]
Slicing  [3.5 3.5 1.5]  to  [3.  4.  1.5]
Slicing  [3.5 3.5 1.5]  to  [3.5 3.  2. ]
Slicing  [3.5 3.5 1.5]  to  [3.5 4.  1. ]
Slicing  [3.5 3.5 1.5]  to  [4.  3.  1.5]
Slicing  [3.5 3.5 1.5]  to  [4.  3.5 1. ]
Processing BZ [3 3 1], path segments from W to X

24 symmetrically equivalent path segments
[[-1.  -0.5  0.  -1.   0.   0. ]
 [-1.   0.  -0.5 -1.   0.   0. ]
 [-1.   0.   0.5 -1.   0.   0. ]
 [-1.   0.5  0.  -1.   0.   0. ]
 [-0.5 -1.   0.   0.  -1.   0. ]
 [-0.5  0.  -1.   0.   0.  -1. ]
 [-0.5  0.   1.   0.   0.   1. ]
 [-0.5  1.   0.   0.   1.   0. ]
 [ 0.  -1.  -0.5  0.  -1.   0. ]
 [ 0.  -1.   0.5  0.  -1.   0. ]
 [ 0.  -0.5 -1.   0.   0.  -1. ]
 [ 0.  -0.5  1.   0.   0.   1. ]
 [ 0.   0.5 -1.   0.   0.  -1. ]
 [ 0.   0.5  1.   0.   0.   1. ]
 [ 0.   1.  -0.5  0.   1.   0. ]
 [ 0.   1.   0.5  0.   1.   0. ]
 [ 0.5 -1.   0.   0.  -1.   0. ]
 [ 0.5  0.  -1.   0.   0.  -1. ]
 [ 0.5  0.   1.   0.   0.   1. ]
 [ 0.5  1.   0.   0.   1.   0. ]
 [ 1.  -0.5  0.   1.   0.   0. ]
 [ 1.   0.  -0.5  1.   0.   0. ]
 [ 1.   0.   0.5  1.   0.   0. ]
 [ 1.   0.5  0.   1.   0.   0. ]]
Slicing  [2.  2.5 1. ]  to  [2. 3. 1.]
Slicing  [2.  3.  0.5]  to  [2. 3. 1.]
Slicing  [2.  3.  1.5]  to  [2. 3. 1.]
Slicing  [2.  3.5 1. ]  to  [2. 3. 1.]
Slicing  [2.5 2.  1. ]  to  [3. 2. 1.]
Slicing  [2.5 3.  0. ]  to  [3. 3. 0.]
Slicing  [2.5 3.  2. ]  to  [3. 3. 2.]
Slicing  [2.5 4.  1. ]  to  [3. 4. 1.]
Slicing  [3.  2.  0.5]  to  [3. 2. 1.]
Slicing  [3.  2.  1.5]  to  [3. 2. 1.]


Processed: 718/2562 (28.02%) | Elapsed: 01:46:47 | BZ Folding estimated remaining time: 04:34:15


Slicing  [3.  2.5 0. ]  to  [3. 3. 0.]
Slicing  [3.  2.5 2. ]  to  [3. 3. 2.]
Slicing  [3.  3.5 0. ]  to  [3. 3. 0.]
Slicing  [3.  3.5 2. ]  to  [3. 3. 2.]
Slicing  [3.  4.  0.5]  to  [3. 4. 1.]
Slicing  [3.  4.  1.5]  to  [3. 4. 1.]
Slicing  [3.5 2.  1. ]  to  [3. 2. 1.]
Slicing  [3.5 3.  0. ]  to  [3. 3. 0.]
Slicing  [3.5 3.  2. ]  to  [3. 3. 2.]
Slicing  [3.5 4.  1. ]  to  [3. 4. 1.]
Slicing  [4.  2.5 1. ]  to  [4. 3. 1.]
Slicing  [4.  3.  0.5]  to  [4. 3. 1.]
Slicing  [4.  3.  1.5]  to  [4. 3. 1.]
Slicing  [4.  3.5 1. ]  to  [4. 3. 1.]

Generating Report for BZ [3 3 1]

Combining all 5 BZ

BZ [3 3 1] done. Total time elapsed 01:50:50
Processing BZ [ 3 -1  1], path segments from Gamma to X

6 symmetrically equivalent path segments
[[ 0.  0.  0. -1.  0.  0.]
 [ 0.  0.  0.  0. -1.  0.]
 [ 0.  0.  0.  0.  0. -1.]
 [ 0.  0.  0.  0.  0.  1.]
 [ 0.  0.  0.  0.  1.  0.]
 [ 0.  0.  0.  1.  0.  0.]]
Slicing  [ 3. -1.  1.]  to  [ 2. -1.  1.]
Slicing  [ 3. -1.  1.]  to  [ 3. -2.  1.]
Slicing  [ 3. -1.  1.]  to  [ 3. -1.  0.]
Slicing  [ 3. -1.  1.]  to  [ 3. -1.  2.]
Slicing  [ 3. -1.  1.]  to  [3. 0. 1.]
Slicing  [ 3. -1.  1.]  to  [ 4. -1.  1.]
Processing BZ [ 3 -1  1], path segments from X to U

24 symmetrically equivalent path segments
[[-1.    0.    0.   -1.   -0.25 -0.25]
 [-1.    0.    0.   -1.   -0.25  0.25]
 [-1.    0.    0.   -1.    0.25 -0.25]
 [-1.    0.    0.   -1.    0.25  0.25]
 [ 0.   -1.    0.   -0.25 -1.   -0.25]
 [ 0.   -1.    0.   -0.25 -1.    0.25]
 [ 0.   -1.    0.    0.25 -1.   -0.25]
 [ 0.   -1.    0.    0.25 -1.    0.25]
 [ 0.    0.   -1.   -0.25 -0.25 -1.  ]
 [ 0.    0.   -1.   -0.25  0.25 -1.  ]
 [ 0.    0.   -1.    0.25 -0.25 -1.  ]
 [ 0.    0.   -1.    0.25  0.25 -1.  ]
 [ 0.    0.    1.   -0.25 -0.25  1.  ]
 [ 0.    0.    1.   -0.25  0.25  1.  ]
 [ 0.    0.    1.    0.25 -0.25  1.  ]
 [ 0.    0.    1.    0.25  0.25  1.  ]
 [ 0.    1.    0.   -0.25  1.   -0.25]
 [ 0.    1.    0.   -0.25  1.    0.25]
 [ 0.    1.    0.    0.25  1.   -0.25]
 [ 0.    1.    0.    0.25  1.    0.25]
 [ 1.    0.    0.    1.   -0.25 -0.25]
 [ 1.    0.    0.    1.   -0.25  0.25]
 [ 1.    0.    0.    1.    0.25 -0.25]
 [ 1.    0.    0.    1.    0.25  0.25]]
Slicing  [ 2. -1.  1.]  to  [ 2.   -1.25  0.75]
Slicing  [ 2. -1.  1.]  to  [ 2.   -1.25  1.25]
Slicing  [ 2. -1.  1.]  to  [ 2.   -0.75  0.75]
Slicing  [ 2. -1.  1.]  to  [ 2.   -0.75  1.25]
Slicing  [ 3. -2.  1.]  to  [ 2.75 -2.    0.75]
Slicing  [ 3. -2.  1.]  to  [ 2.75 -2.    1.25]
Slicing  [ 3. -2.  1.]  to  [ 3.25 -2.    0.75]
Slicing  [ 3. -2.  1.]  to  [ 3.25 -2.    1.25]
Slicing  [ 3. -1.  0.]  to  [ 2.75 -1.25  0.  ]
Slicing  [ 3. -1.  0.]  to  [ 2.75 -0.75  0.  ]
Slicing  [ 3. -1.  0.]  to  [ 3.25 -1.25  0.  ]
Slicing  [ 3. -1.  0.]  to  [ 3.25 -0.75  0.  ]
Slicing  [ 3. -1.  2.]  to  [ 2.75 -1.25  2.  ]
Slicing  [ 3. -1.  2.]  to  [ 2.75 -0.75  2.  ]
Slicing  [ 3. -1.  2.]  to  [ 3.25 -1.25  2.  ]
Slicing  [ 3. -1.  2.]  to  [ 3.25 -0.75  2.  ]
Slicing  [3. 0. 1.]  to  [2.75 0.   0.75]
Slicing  [3. 0. 1.]  to  [2.75 0.   1.25]
Slicing  [3. 0. 1.]  to  [3.25 0.   0.75]
Slicing  [3. 0. 1.]  to  [3.25 0.   1.25]
Slicing  [ 4. -1.  1.]  to  [ 4.   -1.25  0.75]
Slicing  [ 4. -1.  1.]  to  [ 4.   -1.25  1.25]
Slicing  [ 4. -1.  1.]  to  [ 4.   -0.75  0.75]
Slicing  [ 4. -1.  1.]  to  [ 4.   -0.75  1.25]
Processing BZ [ 3 -1  1], path segments from K to Gamma

12 symmetrically equivalent path segments
[[-0.75 -0.75  0.    0.    0.    0.  ]
 [-0.75  0.   -0.75  0.    0.    0.  ]
 [-0.75  0.    0.75  0.    0.    0.  ]
 [-0.75  0.75  0.    0.    0.    0.  ]
 [ 0.   -0.75 -0.75  0.    0.    0.  ]
 [ 0.   -0.75  0.75  0.    0.    0.  ]
 [ 0.    0.75 -0.75  0.    0.    0.  ]
 [ 0.    0.75  0.75  0.    0.    0.  ]
 [ 0.75 -0.75  0.    0.    0.    0.  ]
 [ 0.75  0.   -0.75  0.    0.    0.  ]
 [ 0.75  0.    0.75  0.    0.    0.  ]
 [ 0.75  0.75  0.    0.    0.    0.  ]]
Slicing  [ 2.25 -1.75  1.  ]  to  [ 3. -1.  1.]
Slicing  [ 2.25 -1.    0.25]  to  [ 3. -1.  1.]
Slicing  [ 2.25 -1.    1.75]  to  [ 3. -1.  1.]
Slicing  [ 2.25 -0.25  1.  ]  to  [ 3. -1.  1.]
Slicing  [ 3.   -1.75  0.25]  to  [ 3. -1.  1.]
Slicing  [ 3.   -1.75  1.75]  to  [ 3. -1.  1.]
Slicing  [ 3.   -0.25  0.25]  to  [ 3. -1.  1.]


Processed: 769/2562 (30.02%) | Elapsed: 01:54:39 | BZ Folding estimated remaining time: 04:27:19


Slicing  [ 3.   -0.25  1.75]  to  [ 3. -1.  1.]
Slicing  [ 3.75 -1.75  1.  ]  to  [ 3. -1.  1.]
Slicing  [ 3.75 -1.    0.25]  to  [ 3. -1.  1.]
Slicing  [ 3.75 -1.    1.75]  to  [ 3. -1.  1.]
Slicing  [ 3.75 -0.25  1.  ]  to  [ 3. -1.  1.]
Processing BZ [ 3 -1  1], path segments from Gamma to L

8 symmetrically equivalent path segments
[[ 0.   0.   0.  -0.5 -0.5 -0.5]
 [ 0.   0.   0.  -0.5 -0.5  0.5]
 [ 0.   0.   0.  -0.5  0.5 -0.5]
 [ 0.   0.   0.  -0.5  0.5  0.5]
 [ 0.   0.   0.   0.5 -0.5 -0.5]
 [ 0.   0.   0.   0.5 -0.5  0.5]
 [ 0.   0.   0.   0.5  0.5 -0.5]
 [ 0.   0.   0.   0.5  0.5  0.5]]
Slicing  [ 3. -1.  1.]  to  [ 2.5 -1.5  0.5]
Slicing  [ 3. -1.  1.]  to  [ 2.5 -1.5  1.5]
Slicing  [ 3. -1.  1.]  to  [ 2.5 -0.5  0.5]
Slicing  [ 3. -1.  1.]  to  [ 2.5 -0.5  1.5]
Slicing  [ 3. -1.  1.]  to  [ 3.5 -1.5  0.5]
Slicing  [ 3. -1.  1.]  to  [ 3.5 -1.5  1.5]
Slicing  [ 3. -1.  1.]  to  [ 3.5 -0.5  0.5]
Slicing  [ 3. -1.  1.]  to  [ 3.5 -0.5  1.5]
Processing BZ [ 3 -1  1], path segments from L to W

48 symmetrically equivalent path segments
[[-0.5 -0.5 -0.5 -1.  -0.5  0. ]
 [-0.5 -0.5 -0.5 -1.   0.  -0.5]
 [-0.5 -0.5 -0.5 -0.5 -1.   0. ]
 [-0.5 -0.5 -0.5 -0.5  0.  -1. ]
 [-0.5 -0.5 -0.5  0.  -1.  -0.5]
 [-0.5 -0.5 -0.5  0.  -0.5 -1. ]
 [-0.5 -0.5  0.5 -1.  -0.5  0. ]
 [-0.5 -0.5  0.5 -1.   0.   0.5]
 [-0.5 -0.5  0.5 -0.5 -1.   0. ]
 [-0.5 -0.5  0.5 -0.5  0.   1. ]
 [-0.5 -0.5  0.5  0.  -1.   0.5]
 [-0.5 -0.5  0.5  0.  -0.5  1. ]
 [-0.5  0.5 -0.5 -1.   0.  -0.5]
 [-0.5  0.5 -0.5 -1.   0.5  0. ]
 [-0.5  0.5 -0.5 -0.5  0.  -1. ]
 [-0.5  0.5 -0.5 -0.5  1.   0. ]
 [-0.5  0.5 -0.5  0.   0.5 -1. ]
 [-0.5  0.5 -0.5  0.   1.  -0.5]
 [-0.5  0.5  0.5 -1.   0.   0.5]
 [-0.5  0.5  0.5 -1.   0.5  0. ]
 [-0.5  0.5  0.5 -0.5  0.   1. ]
 [-0.5  0.5  0.5 -0.5  1.   0. ]
 [-0.5  0.5  0.5  0.   0.5  1. ]
 [-0.5  0.5  0.5  0.   1.   0.5]
 [ 0.5 -0.5 -0.5  0.  -1.  -0.5]
 [ 0.5 -0.5 -0.5  0.  -0.5 -1. ]
 [ 0.5 -0.5 -0.5  0.5 -1.   0. ]
 [ 0.5 -0.5 -0.5  0.5  0.  -1. ]
 [ 0.5 -0.5 -0.5  1.  -0.5  0. ]
 [ 0.5 -0.5 -0.5  1.   0.  -0.5]
 [ 0.5 -0.5  0.5  0.  -1.   0.5]
 [ 0.5 -0.5  0.5  0.  -0.5  1. ]
 [ 0.5 -0.5  0.5  0.5 -1.   0. ]
 [ 0.5 -0.5  0.5  0.5  0.   1. ]
 [ 0.5 -0.5  0.5  1.  -0.5  0. ]
 [ 0.5 -0.5  0.5  1.   0.   0.5]
 [ 0.5  0.5 -0.5  0.   0.5 -1. ]
 [ 0.5  0.5 -0.5  0.   1.  -0.5]
 [ 0.5  0.5 -0.5  0.5  0.  -1. ]
 [ 0.5  0.5 -0.5  0.5  1.   0. ]
 [ 0.5  0.5 -0.5  1.   0.  -0.5]
 [ 0.5  0.5 -0.5  1.   0.5  0. ]
 [ 0.5  0.5  0.5  0.   0.5  1. ]
 [ 0.5  0.5  0.5  0.   1.   0.5]
 [ 0.5  0.5  0.5  0.5  0.   1. ]
 [ 0.5  0.5  0.5  0.5  1.   0. ]
 [ 0.5  0.5  0.5  1.   0.   0.5]
 [ 0.5  0.5  0.5  1.   0.5  0. ]]
Slicing  [ 2.5 -1.5  0.5]  to  [ 2.  -1.5  1. ]
Slicing  [ 2.5 -1.5  0.5]  to  [ 2.  -1.   0.5]
Slicing  [ 2.5 -1.5  0.5]  to  [ 2.5 -2.   1. ]
Slicing  [ 2.5 -1.5  0.5]  to  [ 2.5 -1.   0. ]
Slicing  [ 2.5 -1.5  0.5]  to  [ 3.  -2.   0.5]
Slicing  [ 2.5 -1.5  0.5]  to  [ 3.  -1.5  0. ]
Slicing  [ 2.5 -1.5  1.5]  to  [ 2.  -1.5  1. ]
Slicing  [ 2.5 -1.5  1.5]  to  [ 2.  -1.   1.5]
Slicing  [ 2.5 -1.5  1.5]  to  [ 2.5 -2.   1. ]
Slicing  [ 2.5 -1.5  1.5]  to  [ 2.5 -1.   2. ]
Slicing  [ 2.5 -1.5  1.5]  to  [ 3.  -2.   1.5]
Slicing  [ 2.5 -1.5  1.5]  to  [ 3.  -1.5  2. ]
Slicing  [ 2.5 -0.5  0.5]  to  [ 2.  -1.   0.5]
Slicing  [ 2.5 -0.5  0.5]  to  [ 2.  -0.5  1. ]
Slicing  [ 2.5 -0.5  0.5]  to  [ 2.5 -1.   0. ]
Slicing  [ 2.5 -0.5  0.5]  to  [2.5 0.  1. ]
Slicing  [ 2.5 -0.5  0.5]  to  [ 3.  -0.5  0. ]
Slicing  [ 2.5 -0.5  0.5]  to  [3.  0.  0.5]
Slicing  [ 2.5 -0.5  1.5]  to  [ 2.  -1.   1.5]
Slicing  [ 2.5 -0.5  1.5]  to  [ 2.  -0.5  1. ]
Slicing  [ 2.5 -0.5  1.5]  to  [ 2.5 -1.   2. ]
Slicing  [ 2.5 -0.5  1.5]  to  [2.5 0.  1. ]
Slicing  [ 2.5 -0.5  1.5]  to  [ 3.  -0.5  2. ]
Slicing  [ 2.5 -0.5  1.5]  to  [3.  0.  1.5]
Slicing  [ 3.5 -1.5  0.5]  to  [ 3.  -2.   0.5]
Slicing  [ 3.5 -1.5  0.5]  to  [ 3.  -1.5  0. ]
Slicing  [ 3.5 -1.5  0.5]  to  [ 3.5 -2.   1. ]
Slicing  [ 3.5 -1.5  0.5]  to  [ 3.5 -1.   0. ]
Slicing  [ 3.5 -1.5  0.5]  to  [ 4.  -1.5  1. ]
Slicing  [ 3.5 -1.5  0.5]  to  [ 4.  -1.   0.5]
Slicing  [ 3.5 -1.5  1.5]  to  [ 3.  -2.   1.5]
Slicing  [ 3.5 -1.5  1.5]  to  [ 3.  -1.5  2. ]
Slicing  [ 3.5 -1.5  1.5]  to  [ 3.5 -2.   1. ]
Slicing  [ 3.5 -1.5  1.5]  to  [ 3.5 -1.   2. ]
Slicing  [ 3.5 -1.5  1.5]  to  [ 4.  -1.5  1. ]
Slicing  [ 3.5 -1.5  1.5]  to  [ 4.  -1.   1.5]
Slicing  [ 3.5 -0.5  0.5]  to  [ 3.  -0.5  0. ]
Slicing  [ 3.5 -0.5  0.5]  to  [3.  0.  0.5]


Processed: 820/2562 (32.01%) | Elapsed: 02:02:11 | BZ Folding estimated remaining time: 04:19:34


Slicing  [ 3.5 -0.5  0.5]  to  [ 3.5 -1.   0. ]
Slicing  [ 3.5 -0.5  0.5]  to  [3.5 0.  1. ]
Slicing  [ 3.5 -0.5  0.5]  to  [ 4.  -1.   0.5]
Slicing  [ 3.5 -0.5  0.5]  to  [ 4.  -0.5  1. ]
Slicing  [ 3.5 -0.5  1.5]  to  [ 3.  -0.5  2. ]
Slicing  [ 3.5 -0.5  1.5]  to  [3.  0.  1.5]
Slicing  [ 3.5 -0.5  1.5]  to  [ 3.5 -1.   2. ]
Slicing  [ 3.5 -0.5  1.5]  to  [3.5 0.  1. ]
Slicing  [ 3.5 -0.5  1.5]  to  [ 4.  -1.   1.5]
Slicing  [ 3.5 -0.5  1.5]  to  [ 4.  -0.5  1. ]
Processing BZ [ 3 -1  1], path segments from W to X

24 symmetrically equivalent path segments
[[-1.  -0.5  0.  -1.   0.   0. ]
 [-1.   0.  -0.5 -1.   0.   0. ]
 [-1.   0.   0.5 -1.   0.   0. ]
 [-1.   0.5  0.  -1.   0.   0. ]
 [-0.5 -1.   0.   0.  -1.   0. ]
 [-0.5  0.  -1.   0.   0.  -1. ]
 [-0.5  0.   1.   0.   0.   1. ]
 [-0.5  1.   0.   0.   1.   0. ]
 [ 0.  -1.  -0.5  0.  -1.   0. ]
 [ 0.  -1.   0.5  0.  -1.   0. ]
 [ 0.  -0.5 -1.   0.   0.  -1. ]
 [ 0.  -0.5  1.   0.   0.   1. ]
 [ 0.   0.5 -1.   0.   0.  -1. ]
 [ 0.   0.5  1.   0.   0.   1. ]
 [ 0.   1.  -0.5  0.   1.   0. ]
 [ 0.   1.   0.5  0.   1.   0. ]
 [ 0.5 -1.   0.   0.  -1.   0. ]
 [ 0.5  0.  -1.   0.   0.  -1. ]
 [ 0.5  0.   1.   0.   0.   1. ]
 [ 0.5  1.   0.   0.   1.   0. ]
 [ 1.  -0.5  0.   1.   0.   0. ]
 [ 1.   0.  -0.5  1.   0.   0. ]
 [ 1.   0.   0.5  1.   0.   0. ]
 [ 1.   0.5  0.   1.   0.   0. ]]
Slicing  [ 2.  -1.5  1. ]  to  [ 2. -1.  1.]
Slicing  [ 2.  -1.   0.5]  to  [ 2. -1.  1.]
Slicing  [ 2.  -1.   1.5]  to  [ 2. -1.  1.]
Slicing  [ 2.  -0.5  1. ]  to  [ 2. -1.  1.]
Slicing  [ 2.5 -2.   1. ]  to  [ 3. -2.  1.]
Slicing  [ 2.5 -1.   0. ]  to  [ 3. -1.  0.]
Slicing  [ 2.5 -1.   2. ]  to  [ 3. -1.  2.]
Slicing  [2.5 0.  1. ]  to  [3. 0. 1.]
Slicing  [ 3.  -2.   0.5]  to  [ 3. -2.  1.]
Slicing  [ 3.  -2.   1.5]  to  [ 3. -2.  1.]
Slicing  [ 3.  -1.5  0. ]  to  [ 3. -1.  0.]
Slicing  [ 3.  -1.5  2. ]  to  [ 3. -1.  2.]
Slicing  [ 3.  -0.5  0. ]  to  [ 3. -1.  0.]
Slicing  [ 3.  -0.5  2. ]  to  [ 3. -1.  2.]
Slicing  [3.  0.  0.5]  to  [3. 0. 1.]
Slicing  [3.  0.  1.5]  to  [3. 0. 1.]
Slicing  [ 3.5 -2.   1. ]  to  [ 3. -2.  1.]
Slicing  [ 3.5 -1.   0. ]  to  [ 3. -1.  0.]
Slicing  [ 3.5 -1.   2. ]  to  [ 3. -1.  2.]
Slicing  [3.5 0.  1. ]  to  [3. 0. 1.]
Slicing  [ 4.  -1.5  1. ]  to  [ 4. -1.  1.]
Slicing  [ 4.  -1.   0.5]  to  [ 4. -1.  1.]
Slicing  [ 4.  -1.   1.5]  to  [ 4. -1.  1.]
Slicing  [ 4.  -0.5  1. ]  to  [ 4. -1.  1.]

Generating Report for BZ [ 3 -1  1]

Combining all 6 BZ

BZ [ 3 -1  1] done. Total time elapsed 02:09:12
Processing BZ [2 0 0], path segments from Gamma to X

6 symmetrically equivalent path segments
[[ 0.  0.  0. -1.  0.  0.]
 [ 0.  0.  0.  0. -1.  0.]
 [ 0.  0.  0.  0.  0. -1.]
 [ 0.  0.  0.  0.  0.  1.]
 [ 0.  0.  0.  0.  1.  0.]
 [ 0.  0.  0.  1.  0.  0.]]
Slicing  [2. 0. 0.]  to  [1. 0. 0.]
Slicing  [2. 0. 0.]  to  [ 2. -1.  0.]
Slicing  [2. 0. 0.]  to  [ 2.  0. -1.]
Slicing  [2. 0. 0.]  to  [2. 0. 1.]
Slicing  [2. 0. 0.]  to  [2. 1. 0.]
Slicing  [2. 0. 0.]  to  [3. 0. 0.]
Processing BZ [2 0 0], path segments from X to U

24 symmetrically equivalent path segments
[[-1.    0.    0.   -1.   -0.25 -0.25]
 [-1.    0.    0.   -1.   -0.25  0.25]
 [-1.    0.    0.   -1.    0.25 -0.25]
 [-1.    0.    0.   -1.    0.25  0.25]
 [ 0.   -1.    0.   -0.25 -1.   -0.25]
 [ 0.   -1.    0.   -0.25 -1.    0.25]
 [ 0.   -1.    0.    0.25 -1.   -0.25]
 [ 0.   -1.    0.    0.25 -1.    0.25]
 [ 0.    0.   -1.   -0.25 -0.25 -1.  ]
 [ 0.    0.   -1.   -0.25  0.25 -1.  ]
 [ 0.    0.   -1.    0.25 -0.25 -1.  ]
 [ 0.    0.   -1.    0.25  0.25 -1.  ]
 [ 0.    0.    1.   -0.25 -0.25  1.  ]
 [ 0.    0.    1.   -0.25  0.25  1.  ]
 [ 0.    0.    1.    0.25 -0.25  1.  ]
 [ 0.    0.    1.    0.25  0.25  1.  ]
 [ 0.    1.    0.   -0.25  1.   -0.25]
 [ 0.    1.    0.   -0.25  1.    0.25]
 [ 0.    1.    0.    0.25  1.   -0.25]
 [ 0.    1.    0.    0.25  1.    0.25]
 [ 1.    0.    0.    1.   -0.25 -0.25]
 [ 1.    0.    0.    1.   -0.25  0.25]
 [ 1.    0.    0.    1.    0.25 -0.25]
 [ 1.    0.    0.    1.    0.25  0.25]]
Slicing  [1. 0. 0.]  to  [ 1.   -0.25 -0.25]
Slicing  [1. 0. 0.]  to  [ 1.   -0.25  0.25]
Slicing  [1. 0. 0.]  to  [ 1.    0.25 -0.25]
Slicing  [1. 0. 0.]  to  [1.   0.25 0.25]
Slicing  [ 2. -1.  0.]  to  [ 1.75 -1.   -0.25]
Slicing  [ 2. -1.  0.]  to  [ 1.75 -1.    0.25]
Slicing  [ 2. -1.  0.]  to  [ 2.25 -1.   -0.25]
Slicing  [ 2. -1.  0.]  to  [ 2.25 -1.    0.25]
Slicing  [ 2.  0. -1.]  to  [ 1.75 -0.25 -1.  ]
Slicing  [ 2.  0. -1.]  to  [ 1.75  0.25 -1.  ]
Slicing  [ 2.  0. -1.]  to  [ 2.25 -0.25 -1.  ]
Slicing  [ 2.  0. -1.]  to  [ 2.25  0.25 -1.  ]


Processed: 872/2562 (34.04%) | Elapsed: 02:10:17 | BZ Folding estimated remaining time: 04:12:31


Slicing  [2. 0. 1.]  to  [ 1.75 -0.25  1.  ]
Slicing  [2. 0. 1.]  to  [1.75 0.25 1.  ]
Slicing  [2. 0. 1.]  to  [ 2.25 -0.25  1.  ]
Slicing  [2. 0. 1.]  to  [2.25 0.25 1.  ]
Slicing  [2. 1. 0.]  to  [ 1.75  1.   -0.25]
Slicing  [2. 1. 0.]  to  [1.75 1.   0.25]
Slicing  [2. 1. 0.]  to  [ 2.25  1.   -0.25]
Slicing  [2. 1. 0.]  to  [2.25 1.   0.25]
Slicing  [3. 0. 0.]  to  [ 3.   -0.25 -0.25]
Slicing  [3. 0. 0.]  to  [ 3.   -0.25  0.25]
Slicing  [3. 0. 0.]  to  [ 3.    0.25 -0.25]
Slicing  [3. 0. 0.]  to  [3.   0.25 0.25]
Processing BZ [2 0 0], path segments from K to Gamma

12 symmetrically equivalent path segments
[[-0.75 -0.75  0.    0.    0.    0.  ]
 [-0.75  0.   -0.75  0.    0.    0.  ]
 [-0.75  0.    0.75  0.    0.    0.  ]
 [-0.75  0.75  0.    0.    0.    0.  ]
 [ 0.   -0.75 -0.75  0.    0.    0.  ]
 [ 0.   -0.75  0.75  0.    0.    0.  ]
 [ 0.    0.75 -0.75  0.    0.    0.  ]
 [ 0.    0.75  0.75  0.    0.    0.  ]
 [ 0.75 -0.75  0.    0.    0.    0.  ]
 [ 0.75  0.   -0.75  0.    0.    0.  ]
 [ 0.75  0.    0.75  0.    0.    0.  ]
 [ 0.75  0.75  0.    0.    0.    0.  ]]
Slicing  [ 1.25 -0.75  0.  ]  to  [2. 0. 0.]
Slicing  [ 1.25  0.   -0.75]  to  [2. 0. 0.]
Slicing  [1.25 0.   0.75]  to  [2. 0. 0.]
Slicing  [1.25 0.75 0.  ]  to  [2. 0. 0.]
Slicing  [ 2.   -0.75 -0.75]  to  [2. 0. 0.]
Slicing  [ 2.   -0.75  0.75]  to  [2. 0. 0.]
Slicing  [ 2.    0.75 -0.75]  to  [2. 0. 0.]
Slicing  [2.   0.75 0.75]  to  [2. 0. 0.]
Slicing  [ 2.75 -0.75  0.  ]  to  [2. 0. 0.]
Slicing  [ 2.75  0.   -0.75]  to  [2. 0. 0.]
Slicing  [2.75 0.   0.75]  to  [2. 0. 0.]
Slicing  [2.75 0.75 0.  ]  to  [2. 0. 0.]
Processing BZ [2 0 0], path segments from Gamma to L

8 symmetrically equivalent path segments
[[ 0.   0.   0.  -0.5 -0.5 -0.5]
 [ 0.   0.   0.  -0.5 -0.5  0.5]
 [ 0.   0.   0.  -0.5  0.5 -0.5]
 [ 0.   0.   0.  -0.5  0.5  0.5]
 [ 0.   0.   0.   0.5 -0.5 -0.5]
 [ 0.   0.   0.   0.5 -0.5  0.5]
 [ 0.   0.   0.   0.5  0.5 -0.5]
 [ 0.   0.   0.   0.5  0.5  0.5]]
Slicing  [2. 0. 0.]  to  [ 1.5 -0.5 -0.5]
Slicing  [2. 0. 0.]  to  [ 1.5 -0.5  0.5]
Slicing  [2. 0. 0.]  to  [ 1.5  0.5 -0.5]
Slicing  [2. 0. 0.]  to  [1.5 0.5 0.5]
Slicing  [2. 0. 0.]  to  [ 2.5 -0.5 -0.5]
Slicing  [2. 0. 0.]  to  [ 2.5 -0.5  0.5]
Slicing  [2. 0. 0.]  to  [ 2.5  0.5 -0.5]
Slicing  [2. 0. 0.]  to  [2.5 0.5 0.5]
Processing BZ [2 0 0], path segments from L to W

48 symmetrically equivalent path segments
[[-0.5 -0.5 -0.5 -1.  -0.5  0. ]
 [-0.5 -0.5 -0.5 -1.   0.  -0.5]
 [-0.5 -0.5 -0.5 -0.5 -1.   0. ]
 [-0.5 -0.5 -0.5 -0.5  0.  -1. ]
 [-0.5 -0.5 -0.5  0.  -1.  -0.5]
 [-0.5 -0.5 -0.5  0.  -0.5 -1. ]
 [-0.5 -0.5  0.5 -1.  -0.5  0. ]
 [-0.5 -0.5  0.5 -1.   0.   0.5]
 [-0.5 -0.5  0.5 -0.5 -1.   0. ]
 [-0.5 -0.5  0.5 -0.5  0.   1. ]
 [-0.5 -0.5  0.5  0.  -1.   0.5]
 [-0.5 -0.5  0.5  0.  -0.5  1. ]
 [-0.5  0.5 -0.5 -1.   0.  -0.5]
 [-0.5  0.5 -0.5 -1.   0.5  0. ]
 [-0.5  0.5 -0.5 -0.5  0.  -1. ]
 [-0.5  0.5 -0.5 -0.5  1.   0. ]
 [-0.5  0.5 -0.5  0.   0.5 -1. ]
 [-0.5  0.5 -0.5  0.   1.  -0.5]
 [-0.5  0.5  0.5 -1.   0.   0.5]
 [-0.5  0.5  0.5 -1.   0.5  0. ]
 [-0.5  0.5  0.5 -0.5  0.   1. ]
 [-0.5  0.5  0.5 -0.5  1.   0. ]
 [-0.5  0.5  0.5  0.   0.5  1. ]
 [-0.5  0.5  0.5  0.   1.   0.5]
 [ 0.5 -0.5 -0.5  0.  -1.  -0.5]
 [ 0.5 -0.5 -0.5  0.  -0.5 -1. ]
 [ 0.5 -0.5 -0.5  0.5 -1.   0. ]
 [ 0.5 -0.5 -0.5  0.5  0.  -1. ]
 [ 0.5 -0.5 -0.5  1.  -0.5  0. ]
 [ 0.5 -0.5 -0.5  1.   0.  -0.5]
 [ 0.5 -0.5  0.5  0.  -1.   0.5]
 [ 0.5 -0.5  0.5  0.  -0.5  1. ]
 [ 0.5 -0.5  0.5  0.5 -1.   0. ]
 [ 0.5 -0.5  0.5  0.5  0.   1. ]
 [ 0.5 -0.5  0.5  1.  -0.5  0. ]
 [ 0.5 -0.5  0.5  1.   0.   0.5]
 [ 0.5  0.5 -0.5  0.   0.5 -1. ]
 [ 0.5  0.5 -0.5  0.   1.  -0.5]
 [ 0.5  0.5 -0.5  0.5  0.  -1. ]
 [ 0.5  0.5 -0.5  0.5  1.   0. ]
 [ 0.5  0.5 -0.5  1.   0.  -0.5]
 [ 0.5  0.5 -0.5  1.   0.5  0. ]
 [ 0.5  0.5  0.5  0.   0.5  1. ]
 [ 0.5  0.5  0.5  0.   1.   0.5]
 [ 0.5  0.5  0.5  0.5  0.   1. ]
 [ 0.5  0.5  0.5  0.5  1.   0. ]
 [ 0.5  0.5  0.5  1.   0.   0.5]
 [ 0.5  0.5  0.5  1.   0.5  0. ]]
Slicing  [ 1.5 -0.5 -0.5]  to  [ 1.  -0.5  0. ]
Slicing  [ 1.5 -0.5 -0.5]  to  [ 1.   0.  -0.5]
Slicing  [ 1.5 -0.5 -0.5]  to  [ 1.5 -1.   0. ]
Slicing  [ 1.5 -0.5 -0.5]  to  [ 1.5  0.  -1. ]
Slicing  [ 1.5 -0.5 -0.5]  to  [ 2.  -1.  -0.5]
Slicing  [ 1.5 -0.5 -0.5]  to  [ 2.  -0.5 -1. ]
Slicing  [ 1.5 -0.5  0.5]  to  [ 1.  -0.5  0. ]
Slicing  [ 1.5 -0.5  0.5]  to  [1.  0.  0.5]
Slicing  [ 1.5 -0.5  0.5]  to  [ 1.5 -1.   0. ]
Slicing  [ 1.5 -0.5  0.5]  to  [1.5 0.  1. ]
Slicing  [ 1.5 -0.5  0.5]  to  [ 2.  -1.   0.5]
Slicing  [ 1.5 -0.5  0.5]  to  [ 2.  -0.5  1. ]
Slicing  [ 1.5  0.5 -0.5]  to  [ 1.   0.  -0.5]
Slicing  [ 1.5  0.5 -0.5]  to  [1.  0.5 0. ]
Slicing  [ 1.5  0.5 -0.5]  to  [ 1.5  0.  -1. ]
Slicing  [ 1.5  0.5 -0.5]  to  [1.5 1.  0. ]
Slicing  [ 1.5  0.5 -0.5]  to  [ 2.   0.5 -1. ]
Slicing  [ 1.5  0.5 -0.5]  to  [ 2.   1.  -0.5]
Slicing  [1.5 0.5 0.5]  to  [1.  0.  0.5]


Processed: 923/2562 (36.03%) | Elapsed: 02:17:46 | BZ Folding estimated remaining time: 04:04:39


Slicing  [1.5 0.5 0.5]  to  [1.  0.5 0. ]
Slicing  [1.5 0.5 0.5]  to  [1.5 0.  1. ]
Slicing  [1.5 0.5 0.5]  to  [1.5 1.  0. ]
Slicing  [1.5 0.5 0.5]  to  [2.  0.5 1. ]
Slicing  [1.5 0.5 0.5]  to  [2.  1.  0.5]
Slicing  [ 2.5 -0.5 -0.5]  to  [ 2.  -1.  -0.5]
Slicing  [ 2.5 -0.5 -0.5]  to  [ 2.  -0.5 -1. ]
Slicing  [ 2.5 -0.5 -0.5]  to  [ 2.5 -1.   0. ]
Slicing  [ 2.5 -0.5 -0.5]  to  [ 2.5  0.  -1. ]
Slicing  [ 2.5 -0.5 -0.5]  to  [ 3.  -0.5  0. ]
Slicing  [ 2.5 -0.5 -0.5]  to  [ 3.   0.  -0.5]
Slicing  [ 2.5 -0.5  0.5]  to  [ 2.  -1.   0.5]
Slicing  [ 2.5 -0.5  0.5]  to  [ 2.  -0.5  1. ]
Slicing  [ 2.5 -0.5  0.5]  to  [ 2.5 -1.   0. ]
Slicing  [ 2.5 -0.5  0.5]  to  [2.5 0.  1. ]
Slicing  [ 2.5 -0.5  0.5]  to  [ 3.  -0.5  0. ]
Slicing  [ 2.5 -0.5  0.5]  to  [3.  0.  0.5]
Slicing  [ 2.5  0.5 -0.5]  to  [ 2.   0.5 -1. ]
Slicing  [ 2.5  0.5 -0.5]  to  [ 2.   1.  -0.5]
Slicing  [ 2.5  0.5 -0.5]  to  [ 2.5  0.  -1. ]
Slicing  [ 2.5  0.5 -0.5]  to  [2.5 1.  0. ]
Slicing  [ 2.5  0.5 -0.5]  to  [ 3.   0.  -0.5]
Slicing  [ 2.5  0.5 -0.5]  to  [3.  0.5 0. ]
Slicing  [2.5 0.5 0.5]  to  [2.  0.5 1. ]
Slicing  [2.5 0.5 0.5]  to  [2.  1.  0.5]
Slicing  [2.5 0.5 0.5]  to  [2.5 0.  1. ]
Slicing  [2.5 0.5 0.5]  to  [2.5 1.  0. ]
Slicing  [2.5 0.5 0.5]  to  [3.  0.  0.5]
Slicing  [2.5 0.5 0.5]  to  [3.  0.5 0. ]
Processing BZ [2 0 0], path segments from W to X

24 symmetrically equivalent path segments
[[-1.  -0.5  0.  -1.   0.   0. ]
 [-1.   0.  -0.5 -1.   0.   0. ]
 [-1.   0.   0.5 -1.   0.   0. ]
 [-1.   0.5  0.  -1.   0.   0. ]
 [-0.5 -1.   0.   0.  -1.   0. ]
 [-0.5  0.  -1.   0.   0.  -1. ]
 [-0.5  0.   1.   0.   0.   1. ]
 [-0.5  1.   0.   0.   1.   0. ]
 [ 0.  -1.  -0.5  0.  -1.   0. ]
 [ 0.  -1.   0.5  0.  -1.   0. ]
 [ 0.  -0.5 -1.   0.   0.  -1. ]
 [ 0.  -0.5  1.   0.   0.   1. ]
 [ 0.   0.5 -1.   0.   0.  -1. ]
 [ 0.   0.5  1.   0.   0.   1. ]
 [ 0.   1.  -0.5  0.   1.   0. ]
 [ 0.   1.   0.5  0.   1.   0. ]
 [ 0.5 -1.   0.   0.  -1.   0. ]
 [ 0.5  0.  -1.   0.   0.  -1. ]
 [ 0.5  0.   1.   0.   0.   1. ]
 [ 0.5  1.   0.   0.   1.   0. ]
 [ 1.  -0.5  0.   1.   0.   0. ]
 [ 1.   0.  -0.5  1.   0.   0. ]
 [ 1.   0.   0.5  1.   0.   0. ]
 [ 1.   0.5  0.   1.   0.   0. ]]
Slicing  [ 1.  -0.5  0. ]  to  [1. 0. 0.]
Slicing  [ 1.   0.  -0.5]  to  [1. 0. 0.]
Slicing  [1.  0.  0.5]  to  [1. 0. 0.]
Slicing  [1.  0.5 0. ]  to  [1. 0. 0.]
Slicing  [ 1.5 -1.   0. ]  to  [ 2. -1.  0.]
Slicing  [ 1.5  0.  -1. ]  to  [ 2.  0. -1.]
Slicing  [1.5 0.  1. ]  to  [2. 0. 1.]
Slicing  [1.5 1.  0. ]  to  [2. 1. 0.]
Slicing  [ 2.  -1.  -0.5]  to  [ 2. -1.  0.]
Slicing  [ 2.  -1.   0.5]  to  [ 2. -1.  0.]
Slicing  [ 2.  -0.5 -1. ]  to  [ 2.  0. -1.]
Slicing  [ 2.  -0.5  1. ]  to  [2. 0. 1.]
Slicing  [ 2.   0.5 -1. ]  to  [ 2.  0. -1.]
Slicing  [2.  0.5 1. ]  to  [2. 0. 1.]
Slicing  [ 2.   1.  -0.5]  to  [2. 1. 0.]
Slicing  [2.  1.  0.5]  to  [2. 1. 0.]
Slicing  [ 2.5 -1.   0. ]  to  [ 2. -1.  0.]
Slicing  [ 2.5  0.  -1. ]  to  [ 2.  0. -1.]
Slicing  [2.5 0.  1. ]  to  [2. 0. 1.]
Slicing  [2.5 1.  0. ]  to  [2. 1. 0.]
Slicing  [ 3.  -0.5  0. ]  to  [3. 0. 0.]
Slicing  [ 3.   0.  -0.5]  to  [3. 0. 0.]


Processed: 974/2562 (38.02%) | Elapsed: 02:25:11 | BZ Folding estimated remaining time: 03:56:43


Slicing  [3.  0.  0.5]  to  [3. 0. 0.]
Slicing  [3.  0.5 0. ]  to  [3. 0. 0.]

Generating Report for BZ [2 0 0]

Combining all 7 BZ

BZ [2 0 0] done. Total time elapsed 02:27:26
Processing BZ [ 3  3 -1], path segments from Gamma to X

6 symmetrically equivalent path segments
[[ 0.  0.  0. -1.  0.  0.]
 [ 0.  0.  0.  0. -1.  0.]
 [ 0.  0.  0.  0.  0. -1.]
 [ 0.  0.  0.  0.  0.  1.]
 [ 0.  0.  0.  0.  1.  0.]
 [ 0.  0.  0.  1.  0.  0.]]
Slicing  [ 3.  3. -1.]  to  [ 2.  3. -1.]
Slicing  [ 3.  3. -1.]  to  [ 3.  2. -1.]
Slicing  [ 3.  3. -1.]  to  [ 3.  3. -2.]
Slicing  [ 3.  3. -1.]  to  [3. 3. 0.]
Slicing  [ 3.  3. -1.]  to  [ 3.  4. -1.]
Slicing  [ 3.  3. -1.]  to  [ 4.  3. -1.]
Processing BZ [ 3  3 -1], path segments from X to U

24 symmetrically equivalent path segments
[[-1.    0.    0.   -1.   -0.25 -0.25]
 [-1.    0.    0.   -1.   -0.25  0.25]
 [-1.    0.    0.   -1.    0.25 -0.25]
 [-1.    0.    0.   -1.    0.25  0.25]
 [ 0.   -1.    0.   -0.25 -1.   -0.25]
 [ 0.   -1.    0.   -0.25 -1.    0.25]
 [ 0.   -1.    0.    0.25 -1.   -0.25]
 [ 0.   -1.    0.    0.25 -1.    0.25]
 [ 0.    0.   -1.   -0.25 -0.25 -1.  ]
 [ 0.    0.   -1.   -0.25  0.25 -1.  ]
 [ 0.    0.   -1.    0.25 -0.25 -1.  ]
 [ 0.    0.   -1.    0.25  0.25 -1.  ]
 [ 0.    0.    1.   -0.25 -0.25  1.  ]
 [ 0.    0.    1.   -0.25  0.25  1.  ]
 [ 0.    0.    1.    0.25 -0.25  1.  ]
 [ 0.    0.    1.    0.25  0.25  1.  ]
 [ 0.    1.    0.   -0.25  1.   -0.25]
 [ 0.    1.    0.   -0.25  1.    0.25]
 [ 0.    1.    0.    0.25  1.   -0.25]
 [ 0.    1.    0.    0.25  1.    0.25]
 [ 1.    0.    0.    1.   -0.25 -0.25]
 [ 1.    0.    0.    1.   -0.25  0.25]
 [ 1.    0.    0.    1.    0.25 -0.25]
 [ 1.    0.    0.    1.    0.25  0.25]]
Slicing  [ 2.  3. -1.]  to  [ 2.    2.75 -1.25]
Slicing  [ 2.  3. -1.]  to  [ 2.    2.75 -0.75]
Slicing  [ 2.  3. -1.]  to  [ 2.    3.25 -1.25]
Slicing  [ 2.  3. -1.]  to  [ 2.    3.25 -0.75]
Slicing  [ 3.  2. -1.]  to  [ 2.75  2.   -1.25]
Slicing  [ 3.  2. -1.]  to  [ 2.75  2.   -0.75]
Slicing  [ 3.  2. -1.]  to  [ 3.25  2.   -1.25]
Slicing  [ 3.  2. -1.]  to  [ 3.25  2.   -0.75]
Slicing  [ 3.  3. -2.]  to  [ 2.75  2.75 -2.  ]
Slicing  [ 3.  3. -2.]  to  [ 2.75  3.25 -2.  ]
Slicing  [ 3.  3. -2.]  to  [ 3.25  2.75 -2.  ]
Slicing  [ 3.  3. -2.]  to  [ 3.25  3.25 -2.  ]
Slicing  [3. 3. 0.]  to  [2.75 2.75 0.  ]
Slicing  [3. 3. 0.]  to  [2.75 3.25 0.  ]
Slicing  [3. 3. 0.]  to  [3.25 2.75 0.  ]
Slicing  [3. 3. 0.]  to  [3.25 3.25 0.  ]
Slicing  [ 3.  4. -1.]  to  [ 2.75  4.   -1.25]
Slicing  [ 3.  4. -1.]  to  [ 2.75  4.   -0.75]
Slicing  [ 3.  4. -1.]  to  [ 3.25  4.   -1.25]
Slicing  [ 3.  4. -1.]  to  [ 3.25  4.   -0.75]
Slicing  [ 4.  3. -1.]  to  [ 4.    2.75 -1.25]
Slicing  [ 4.  3. -1.]  to  [ 4.    2.75 -0.75]
Slicing  [ 4.  3. -1.]  to  [ 4.    3.25 -1.25]
Slicing  [ 4.  3. -1.]  to  [ 4.    3.25 -0.75]
Processing BZ [ 3  3 -1], path segments from K to Gamma

12 symmetrically equivalent path segments
[[-0.75 -0.75  0.    0.    0.    0.  ]
 [-0.75  0.   -0.75  0.    0.    0.  ]
 [-0.75  0.    0.75  0.    0.    0.  ]
 [-0.75  0.75  0.    0.    0.    0.  ]
 [ 0.   -0.75 -0.75  0.    0.    0.  ]
 [ 0.   -0.75  0.75  0.    0.    0.  ]
 [ 0.    0.75 -0.75  0.    0.    0.  ]
 [ 0.    0.75  0.75  0.    0.    0.  ]
 [ 0.75 -0.75  0.    0.    0.    0.  ]
 [ 0.75  0.   -0.75  0.    0.    0.  ]
 [ 0.75  0.    0.75  0.    0.    0.  ]
 [ 0.75  0.75  0.    0.    0.    0.  ]]
Slicing  [ 2.25  2.25 -1.  ]  to  [ 3.  3. -1.]
Slicing  [ 2.25  3.   -1.75]  to  [ 3.  3. -1.]
Slicing  [ 2.25  3.   -0.25]  to  [ 3.  3. -1.]
Slicing  [ 2.25  3.75 -1.  ]  to  [ 3.  3. -1.]
Slicing  [ 3.    2.25 -1.75]  to  [ 3.  3. -1.]
Slicing  [ 3.    2.25 -0.25]  to  [ 3.  3. -1.]
Slicing  [ 3.    3.75 -1.75]  to  [ 3.  3. -1.]
Slicing  [ 3.    3.75 -0.25]  to  [ 3.  3. -1.]
Slicing  [ 3.75  2.25 -1.  ]  to  [ 3.  3. -1.]
Slicing  [ 3.75  3.   -1.75]  to  [ 3.  3. -1.]
Slicing  [ 3.75  3.   -0.25]  to  [ 3.  3. -1.]
Slicing  [ 3.75  3.75 -1.  ]  to  [ 3.  3. -1.]
Processing BZ [ 3  3 -1], path segments from Gamma to L

8 symmetrically equivalent path segments
[[ 0.   0.   0.  -0.5 -0.5 -0.5]
 [ 0.   0.   0.  -0.5 -0.5  0.5]
 [ 0.   0.   0.  -0.5  0.5 -0.5]
 [ 0.   0.   0.  -0.5  0.5  0.5]
 [ 0.   0.   0.   0.5 -0.5 -0.5]
 [ 0.   0.   0.   0.5 -0.5  0.5]
 [ 0.   0.   0.   0.5  0.5 -0.5]
 [ 0.   0.   0.   0.5  0.5  0.5]]
Slicing  [ 3.  3. -1.]  to  [ 2.5  2.5 -1.5]
Slicing  [ 3.  3. -1.]  to  [ 2.5  2.5 -0.5]
Slicing  [ 3.  3. -1.]  to  [ 2.5  3.5 -1.5]
Slicing  [ 3.  3. -1.]  to  [ 2.5  3.5 -0.5]
Slicing  [ 3.  3. -1.]  to  [ 3.5  2.5 -1.5]
Slicing  [ 3.  3. -1.]  to  [ 3.5  2.5 -0.5]
Slicing  [ 3.  3. -1.]  to  [ 3.5  3.5 -1.5]


Processed: 1025/2562 (40.01%) | Elapsed: 02:33:07 | BZ Folding estimated remaining time: 03:49:36


Slicing  [ 3.  3. -1.]  to  [ 3.5  3.5 -0.5]
Processing BZ [ 3  3 -1], path segments from L to W

48 symmetrically equivalent path segments
[[-0.5 -0.5 -0.5 -1.  -0.5  0. ]
 [-0.5 -0.5 -0.5 -1.   0.  -0.5]
 [-0.5 -0.5 -0.5 -0.5 -1.   0. ]
 [-0.5 -0.5 -0.5 -0.5  0.  -1. ]
 [-0.5 -0.5 -0.5  0.  -1.  -0.5]
 [-0.5 -0.5 -0.5  0.  -0.5 -1. ]
 [-0.5 -0.5  0.5 -1.  -0.5  0. ]
 [-0.5 -0.5  0.5 -1.   0.   0.5]
 [-0.5 -0.5  0.5 -0.5 -1.   0. ]
 [-0.5 -0.5  0.5 -0.5  0.   1. ]
 [-0.5 -0.5  0.5  0.  -1.   0.5]
 [-0.5 -0.5  0.5  0.  -0.5  1. ]
 [-0.5  0.5 -0.5 -1.   0.  -0.5]
 [-0.5  0.5 -0.5 -1.   0.5  0. ]
 [-0.5  0.5 -0.5 -0.5  0.  -1. ]
 [-0.5  0.5 -0.5 -0.5  1.   0. ]
 [-0.5  0.5 -0.5  0.   0.5 -1. ]
 [-0.5  0.5 -0.5  0.   1.  -0.5]
 [-0.5  0.5  0.5 -1.   0.   0.5]
 [-0.5  0.5  0.5 -1.   0.5  0. ]
 [-0.5  0.5  0.5 -0.5  0.   1. ]
 [-0.5  0.5  0.5 -0.5  1.   0. ]
 [-0.5  0.5  0.5  0.   0.5  1. ]
 [-0.5  0.5  0.5  0.   1.   0.5]
 [ 0.5 -0.5 -0.5  0.  -1.  -0.5]
 [ 0.5 -0.5 -0.5  0.  -0.5 -1. ]
 [ 0.5 -0.5 -0.5  0.5 -1.   0. ]
 [ 0.5 -0.5 -0.5  0.5  0.  -1. ]
 [ 0.5 -0.5 -0.5  1.  -0.5  0. ]
 [ 0.5 -0.5 -0.5  1.   0.  -0.5]
 [ 0.5 -0.5  0.5  0.  -1.   0.5]
 [ 0.5 -0.5  0.5  0.  -0.5  1. ]
 [ 0.5 -0.5  0.5  0.5 -1.   0. ]
 [ 0.5 -0.5  0.5  0.5  0.   1. ]
 [ 0.5 -0.5  0.5  1.  -0.5  0. ]
 [ 0.5 -0.5  0.5  1.   0.   0.5]
 [ 0.5  0.5 -0.5  0.   0.5 -1. ]
 [ 0.5  0.5 -0.5  0.   1.  -0.5]
 [ 0.5  0.5 -0.5  0.5  0.  -1. ]
 [ 0.5  0.5 -0.5  0.5  1.   0. ]
 [ 0.5  0.5 -0.5  1.   0.  -0.5]
 [ 0.5  0.5 -0.5  1.   0.5  0. ]
 [ 0.5  0.5  0.5  0.   0.5  1. ]
 [ 0.5  0.5  0.5  0.   1.   0.5]
 [ 0.5  0.5  0.5  0.5  0.   1. ]
 [ 0.5  0.5  0.5  0.5  1.   0. ]
 [ 0.5  0.5  0.5  1.   0.   0.5]
 [ 0.5  0.5  0.5  1.   0.5  0. ]]
Slicing  [ 2.5  2.5 -1.5]  to  [ 2.   2.5 -1. ]
Slicing  [ 2.5  2.5 -1.5]  to  [ 2.   3.  -1.5]
Slicing  [ 2.5  2.5 -1.5]  to  [ 2.5  2.  -1. ]
Slicing  [ 2.5  2.5 -1.5]  to  [ 2.5  3.  -2. ]
Slicing  [ 2.5  2.5 -1.5]  to  [ 3.   2.  -1.5]
Slicing  [ 2.5  2.5 -1.5]  to  [ 3.   2.5 -2. ]
Slicing  [ 2.5  2.5 -0.5]  to  [ 2.   2.5 -1. ]
Slicing  [ 2.5  2.5 -0.5]  to  [ 2.   3.  -0.5]
Slicing  [ 2.5  2.5 -0.5]  to  [ 2.5  2.  -1. ]
Slicing  [ 2.5  2.5 -0.5]  to  [2.5 3.  0. ]
Slicing  [ 2.5  2.5 -0.5]  to  [ 3.   2.  -0.5]
Slicing  [ 2.5  2.5 -0.5]  to  [3.  2.5 0. ]
Slicing  [ 2.5  3.5 -1.5]  to  [ 2.   3.  -1.5]
Slicing  [ 2.5  3.5 -1.5]  to  [ 2.   3.5 -1. ]
Slicing  [ 2.5  3.5 -1.5]  to  [ 2.5  3.  -2. ]
Slicing  [ 2.5  3.5 -1.5]  to  [ 2.5  4.  -1. ]
Slicing  [ 2.5  3.5 -1.5]  to  [ 3.   3.5 -2. ]
Slicing  [ 2.5  3.5 -1.5]  to  [ 3.   4.  -1.5]
Slicing  [ 2.5  3.5 -0.5]  to  [ 2.   3.  -0.5]
Slicing  [ 2.5  3.5 -0.5]  to  [ 2.   3.5 -1. ]
Slicing  [ 2.5  3.5 -0.5]  to  [2.5 3.  0. ]
Slicing  [ 2.5  3.5 -0.5]  to  [ 2.5  4.  -1. ]
Slicing  [ 2.5  3.5 -0.5]  to  [3.  3.5 0. ]
Slicing  [ 2.5  3.5 -0.5]  to  [ 3.   4.  -0.5]
Slicing  [ 3.5  2.5 -1.5]  to  [ 3.   2.  -1.5]
Slicing  [ 3.5  2.5 -1.5]  to  [ 3.   2.5 -2. ]
Slicing  [ 3.5  2.5 -1.5]  to  [ 3.5  2.  -1. ]
Slicing  [ 3.5  2.5 -1.5]  to  [ 3.5  3.  -2. ]
Slicing  [ 3.5  2.5 -1.5]  to  [ 4.   2.5 -1. ]
Slicing  [ 3.5  2.5 -1.5]  to  [ 4.   3.  -1.5]
Slicing  [ 3.5  2.5 -0.5]  to  [ 3.   2.  -0.5]
Slicing  [ 3.5  2.5 -0.5]  to  [3.  2.5 0. ]
Slicing  [ 3.5  2.5 -0.5]  to  [ 3.5  2.  -1. ]
Slicing  [ 3.5  2.5 -0.5]  to  [3.5 3.  0. ]
Slicing  [ 3.5  2.5 -0.5]  to  [ 4.   2.5 -1. ]
Slicing  [ 3.5  2.5 -0.5]  to  [ 4.   3.  -0.5]
Slicing  [ 3.5  3.5 -1.5]  to  [ 3.   3.5 -2. ]
Slicing  [ 3.5  3.5 -1.5]  to  [ 3.   4.  -1.5]
Slicing  [ 3.5  3.5 -1.5]  to  [ 3.5  3.  -2. ]
Slicing  [ 3.5  3.5 -1.5]  to  [ 3.5  4.  -1. ]
Slicing  [ 3.5  3.5 -1.5]  to  [ 4.   3.  -1.5]
Slicing  [ 3.5  3.5 -1.5]  to  [ 4.   3.5 -1. ]
Slicing  [ 3.5  3.5 -0.5]  to  [3.  3.5 0. ]
Slicing  [ 3.5  3.5 -0.5]  to  [ 3.   4.  -0.5]
Slicing  [ 3.5  3.5 -0.5]  to  [3.5 3.  0. ]
Slicing  [ 3.5  3.5 -0.5]  to  [ 3.5  4.  -1. ]
Slicing  [ 3.5  3.5 -0.5]  to  [ 4.   3.  -0.5]
Slicing  [ 3.5  3.5 -0.5]  to  [ 4.   3.5 -1. ]
Processing BZ [ 3  3 -1], path segments from W to X

24 symmetrically equivalent path segments
[[-1.  -0.5  0.  -1.   0.   0. ]
 [-1.   0.  -0.5 -1.   0.   0. ]
 [-1.   0.   0.5 -1.   0.   0. ]
 [-1.   0.5  0.  -1.   0.   0. ]
 [-0.5 -1.   0.   0.  -1.   0. ]
 [-0.5  0.  -1.   0.   0.  -1. ]
 [-0.5  0.   1.   0.   0.   1. ]
 [-0.5  1.   0.   0.   1.   0. ]
 [ 0.  -1.  -0.5  0.  -1.   0. ]
 [ 0.  -1.   0.5  0.  -1.   0. ]
 [ 0.  -0.5 -1.   0.   0.  -1. ]
 [ 0.  -0.5  1.   0.   0.   1. ]
 [ 0.   0.5 -1.   0.   0.  -1. ]
 [ 0.   0.5  1.   0.   0.   1. ]
 [ 0.   1.  -0.5  0.   1.   0. ]
 [ 0.   1.   0.5  0.   1.   0. ]
 [ 0.5 -1.   0.   0.  -1.   0. ]
 [ 0.5  0.  -1.   0.   0.  -1. ]
 [ 0.5  0.   1.   0.   0.   1. ]
 [ 0.5  1.   0.   0.   1.   0. ]
 [ 1.  -0.5  0.   1.   0.   0. ]
 [ 1.   0.  -0.5  1.   0.   0. ]
 [ 1.   0.   0.5  1.   0.   0. ]
 [ 1.   0.5  0.   1.   0.   0. ]]
Slicing  [ 2.   2.5 -1. ]  to  [ 2.  3. -1.]
Slicing  [ 2.   3.  -1.5]  to  [ 2.  3. -1.]
Slicing  [ 2.   3.  -0.5]  to  [ 2.  3. -1.]


Processed: 1077/2562 (42.04%) | Elapsed: 02:40:44 | BZ Folding estimated remaining time: 03:41:38


Slicing  [ 2.   3.5 -1. ]  to  [ 2.  3. -1.]
Slicing  [ 2.5  2.  -1. ]  to  [ 3.  2. -1.]
Slicing  [ 2.5  3.  -2. ]  to  [ 3.  3. -2.]
Slicing  [2.5 3.  0. ]  to  [3. 3. 0.]
Slicing  [ 2.5  4.  -1. ]  to  [ 3.  4. -1.]
Slicing  [ 3.   2.  -1.5]  to  [ 3.  2. -1.]
Slicing  [ 3.   2.  -0.5]  to  [ 3.  2. -1.]
Slicing  [ 3.   2.5 -2. ]  to  [ 3.  3. -2.]
Slicing  [3.  2.5 0. ]  to  [3. 3. 0.]
Slicing  [ 3.   3.5 -2. ]  to  [ 3.  3. -2.]
Slicing  [3.  3.5 0. ]  to  [3. 3. 0.]
Slicing  [ 3.   4.  -1.5]  to  [ 3.  4. -1.]
Slicing  [ 3.   4.  -0.5]  to  [ 3.  4. -1.]
Slicing  [ 3.5  2.  -1. ]  to  [ 3.  2. -1.]
Slicing  [ 3.5  3.  -2. ]  to  [ 3.  3. -2.]
Slicing  [3.5 3.  0. ]  to  [3. 3. 0.]
Slicing  [ 3.5  4.  -1. ]  to  [ 3.  4. -1.]
Slicing  [ 4.   2.5 -1. ]  to  [ 4.  3. -1.]
Slicing  [ 4.   3.  -1.5]  to  [ 4.  3. -1.]
Slicing  [ 4.   3.  -0.5]  to  [ 4.  3. -1.]
Slicing  [ 4.   3.5 -1. ]  to  [ 4.  3. -1.]

Generating Report for BZ [ 3  3 -1]

Combining all 8 BZ

BZ [ 3  3 -1] done. Total time elapsed 02:45:45
Processing BZ [ 3  1 -1], path segments from Gamma to X

6 symmetrically equivalent path segments
[[ 0.  0.  0. -1.  0.  0.]
 [ 0.  0.  0.  0. -1.  0.]
 [ 0.  0.  0.  0.  0. -1.]
 [ 0.  0.  0.  0.  0.  1.]
 [ 0.  0.  0.  0.  1.  0.]
 [ 0.  0.  0.  1.  0.  0.]]
Slicing  [ 3.  1. -1.]  to  [ 2.  1. -1.]
Slicing  [ 3.  1. -1.]  to  [ 3.  0. -1.]
Slicing  [ 3.  1. -1.]  to  [ 3.  1. -2.]
Slicing  [ 3.  1. -1.]  to  [3. 1. 0.]
Slicing  [ 3.  1. -1.]  to  [ 3.  2. -1.]
Slicing  [ 3.  1. -1.]  to  [ 4.  1. -1.]
Processing BZ [ 3  1 -1], path segments from X to U

24 symmetrically equivalent path segments
[[-1.    0.    0.   -1.   -0.25 -0.25]
 [-1.    0.    0.   -1.   -0.25  0.25]
 [-1.    0.    0.   -1.    0.25 -0.25]
 [-1.    0.    0.   -1.    0.25  0.25]
 [ 0.   -1.    0.   -0.25 -1.   -0.25]
 [ 0.   -1.    0.   -0.25 -1.    0.25]
 [ 0.   -1.    0.    0.25 -1.   -0.25]
 [ 0.   -1.    0.    0.25 -1.    0.25]
 [ 0.    0.   -1.   -0.25 -0.25 -1.  ]
 [ 0.    0.   -1.   -0.25  0.25 -1.  ]
 [ 0.    0.   -1.    0.25 -0.25 -1.  ]
 [ 0.    0.   -1.    0.25  0.25 -1.  ]
 [ 0.    0.    1.   -0.25 -0.25  1.  ]
 [ 0.    0.    1.   -0.25  0.25  1.  ]
 [ 0.    0.    1.    0.25 -0.25  1.  ]
 [ 0.    0.    1.    0.25  0.25  1.  ]
 [ 0.    1.    0.   -0.25  1.   -0.25]
 [ 0.    1.    0.   -0.25  1.    0.25]
 [ 0.    1.    0.    0.25  1.   -0.25]
 [ 0.    1.    0.    0.25  1.    0.25]
 [ 1.    0.    0.    1.   -0.25 -0.25]
 [ 1.    0.    0.    1.   -0.25  0.25]
 [ 1.    0.    0.    1.    0.25 -0.25]
 [ 1.    0.    0.    1.    0.25  0.25]]
Slicing  [ 2.  1. -1.]  to  [ 2.    0.75 -1.25]
Slicing  [ 2.  1. -1.]  to  [ 2.    0.75 -0.75]
Slicing  [ 2.  1. -1.]  to  [ 2.    1.25 -1.25]
Slicing  [ 2.  1. -1.]  to  [ 2.    1.25 -0.75]
Slicing  [ 3.  0. -1.]  to  [ 2.75  0.   -1.25]
Slicing  [ 3.  0. -1.]  to  [ 2.75  0.   -0.75]
Slicing  [ 3.  0. -1.]  to  [ 3.25  0.   -1.25]
Slicing  [ 3.  0. -1.]  to  [ 3.25  0.   -0.75]
Slicing  [ 3.  1. -2.]  to  [ 2.75  0.75 -2.  ]
Slicing  [ 3.  1. -2.]  to  [ 2.75  1.25 -2.  ]
Slicing  [ 3.  1. -2.]  to  [ 3.25  0.75 -2.  ]
Slicing  [ 3.  1. -2.]  to  [ 3.25  1.25 -2.  ]
Slicing  [3. 1. 0.]  to  [2.75 0.75 0.  ]
Slicing  [3. 1. 0.]  to  [2.75 1.25 0.  ]
Slicing  [3. 1. 0.]  to  [3.25 0.75 0.  ]
Slicing  [3. 1. 0.]  to  [3.25 1.25 0.  ]
Slicing  [ 3.  2. -1.]  to  [ 2.75  2.   -1.25]
Slicing  [ 3.  2. -1.]  to  [ 2.75  2.   -0.75]
Slicing  [ 3.  2. -1.]  to  [ 3.25  2.   -1.25]
Slicing  [ 3.  2. -1.]  to  [ 3.25  2.   -0.75]
Slicing  [ 4.  1. -1.]  to  [ 4.    0.75 -1.25]
Slicing  [ 4.  1. -1.]  to  [ 4.    0.75 -0.75]
Slicing  [ 4.  1. -1.]  to  [ 4.    1.25 -1.25]
Slicing  [ 4.  1. -1.]  to  [ 4.    1.25 -0.75]


Processed: 1128/2562 (44.03%) | Elapsed: 02:48:25 | BZ Folding estimated remaining time: 03:34:06


Processing BZ [ 3  1 -1], path segments from K to Gamma

12 symmetrically equivalent path segments
[[-0.75 -0.75  0.    0.    0.    0.  ]
 [-0.75  0.   -0.75  0.    0.    0.  ]
 [-0.75  0.    0.75  0.    0.    0.  ]
 [-0.75  0.75  0.    0.    0.    0.  ]
 [ 0.   -0.75 -0.75  0.    0.    0.  ]
 [ 0.   -0.75  0.75  0.    0.    0.  ]
 [ 0.    0.75 -0.75  0.    0.    0.  ]
 [ 0.    0.75  0.75  0.    0.    0.  ]
 [ 0.75 -0.75  0.    0.    0.    0.  ]
 [ 0.75  0.   -0.75  0.    0.    0.  ]
 [ 0.75  0.    0.75  0.    0.    0.  ]
 [ 0.75  0.75  0.    0.    0.    0.  ]]
Slicing  [ 2.25  0.25 -1.  ]  to  [ 3.  1. -1.]
Slicing  [ 2.25  1.   -1.75]  to  [ 3.  1. -1.]
Slicing  [ 2.25  1.   -0.25]  to  [ 3.  1. -1.]
Slicing  [ 2.25  1.75 -1.  ]  to  [ 3.  1. -1.]
Slicing  [ 3.    0.25 -1.75]  to  [ 3.  1. -1.]
Slicing  [ 3.    0.25 -0.25]  to  [ 3.  1. -1.]
Slicing  [ 3.    1.75 -1.75]  to  [ 3.  1. -1.]
Slicing  [ 3.    1.75 -0.25]  to  [ 3.  1. -1.]
Slicing  [ 3.75  0.25 -1.  ]  to  [ 3.  1. -1.]
Slicing  [ 3.75  1.   -1.75]  to  [ 3.  1. -1.]
Slicing  [ 3.75  1.   -0.25]  to  [ 3.  1. -1.]
Slicing  [ 3.75  1.75 -1.  ]  to  [ 3.  1. -1.]
Processing BZ [ 3  1 -1], path segments from Gamma to L

8 symmetrically equivalent path segments
[[ 0.   0.   0.  -0.5 -0.5 -0.5]
 [ 0.   0.   0.  -0.5 -0.5  0.5]
 [ 0.   0.   0.  -0.5  0.5 -0.5]
 [ 0.   0.   0.  -0.5  0.5  0.5]
 [ 0.   0.   0.   0.5 -0.5 -0.5]
 [ 0.   0.   0.   0.5 -0.5  0.5]
 [ 0.   0.   0.   0.5  0.5 -0.5]
 [ 0.   0.   0.   0.5  0.5  0.5]]
Slicing  [ 3.  1. -1.]  to  [ 2.5  0.5 -1.5]
Slicing  [ 3.  1. -1.]  to  [ 2.5  0.5 -0.5]
Slicing  [ 3.  1. -1.]  to  [ 2.5  1.5 -1.5]
Slicing  [ 3.  1. -1.]  to  [ 2.5  1.5 -0.5]
Slicing  [ 3.  1. -1.]  to  [ 3.5  0.5 -1.5]
Slicing  [ 3.  1. -1.]  to  [ 3.5  0.5 -0.5]
Slicing  [ 3.  1. -1.]  to  [ 3.5  1.5 -1.5]
Slicing  [ 3.  1. -1.]  to  [ 3.5  1.5 -0.5]
Processing BZ [ 3  1 -1], path segments from L to W

48 symmetrically equivalent path segments
[[-0.5 -0.5 -0.5 -1.  -0.5  0. ]
 [-0.5 -0.5 -0.5 -1.   0.  -0.5]
 [-0.5 -0.5 -0.5 -0.5 -1.   0. ]
 [-0.5 -0.5 -0.5 -0.5  0.  -1. ]
 [-0.5 -0.5 -0.5  0.  -1.  -0.5]
 [-0.5 -0.5 -0.5  0.  -0.5 -1. ]
 [-0.5 -0.5  0.5 -1.  -0.5  0. ]
 [-0.5 -0.5  0.5 -1.   0.   0.5]
 [-0.5 -0.5  0.5 -0.5 -1.   0. ]
 [-0.5 -0.5  0.5 -0.5  0.   1. ]
 [-0.5 -0.5  0.5  0.  -1.   0.5]
 [-0.5 -0.5  0.5  0.  -0.5  1. ]
 [-0.5  0.5 -0.5 -1.   0.  -0.5]
 [-0.5  0.5 -0.5 -1.   0.5  0. ]
 [-0.5  0.5 -0.5 -0.5  0.  -1. ]
 [-0.5  0.5 -0.5 -0.5  1.   0. ]
 [-0.5  0.5 -0.5  0.   0.5 -1. ]
 [-0.5  0.5 -0.5  0.   1.  -0.5]
 [-0.5  0.5  0.5 -1.   0.   0.5]
 [-0.5  0.5  0.5 -1.   0.5  0. ]
 [-0.5  0.5  0.5 -0.5  0.   1. ]
 [-0.5  0.5  0.5 -0.5  1.   0. ]
 [-0.5  0.5  0.5  0.   0.5  1. ]
 [-0.5  0.5  0.5  0.   1.   0.5]
 [ 0.5 -0.5 -0.5  0.  -1.  -0.5]
 [ 0.5 -0.5 -0.5  0.  -0.5 -1. ]
 [ 0.5 -0.5 -0.5  0.5 -1.   0. ]
 [ 0.5 -0.5 -0.5  0.5  0.  -1. ]
 [ 0.5 -0.5 -0.5  1.  -0.5  0. ]
 [ 0.5 -0.5 -0.5  1.   0.  -0.5]
 [ 0.5 -0.5  0.5  0.  -1.   0.5]
 [ 0.5 -0.5  0.5  0.  -0.5  1. ]
 [ 0.5 -0.5  0.5  0.5 -1.   0. ]
 [ 0.5 -0.5  0.5  0.5  0.   1. ]
 [ 0.5 -0.5  0.5  1.  -0.5  0. ]
 [ 0.5 -0.5  0.5  1.   0.   0.5]
 [ 0.5  0.5 -0.5  0.   0.5 -1. ]
 [ 0.5  0.5 -0.5  0.   1.  -0.5]
 [ 0.5  0.5 -0.5  0.5  0.  -1. ]
 [ 0.5  0.5 -0.5  0.5  1.   0. ]
 [ 0.5  0.5 -0.5  1.   0.  -0.5]
 [ 0.5  0.5 -0.5  1.   0.5  0. ]
 [ 0.5  0.5  0.5  0.   0.5  1. ]
 [ 0.5  0.5  0.5  0.   1.   0.5]
 [ 0.5  0.5  0.5  0.5  0.   1. ]
 [ 0.5  0.5  0.5  0.5  1.   0. ]
 [ 0.5  0.5  0.5  1.   0.   0.5]
 [ 0.5  0.5  0.5  1.   0.5  0. ]]
Slicing  [ 2.5  0.5 -1.5]  to  [ 2.   0.5 -1. ]
Slicing  [ 2.5  0.5 -1.5]  to  [ 2.   1.  -1.5]
Slicing  [ 2.5  0.5 -1.5]  to  [ 2.5  0.  -1. ]
Slicing  [ 2.5  0.5 -1.5]  to  [ 2.5  1.  -2. ]
Slicing  [ 2.5  0.5 -1.5]  to  [ 3.   0.  -1.5]
Slicing  [ 2.5  0.5 -1.5]  to  [ 3.   0.5 -2. ]
Slicing  [ 2.5  0.5 -0.5]  to  [ 2.   0.5 -1. ]
Slicing  [ 2.5  0.5 -0.5]  to  [ 2.   1.  -0.5]
Slicing  [ 2.5  0.5 -0.5]  to  [ 2.5  0.  -1. ]
Slicing  [ 2.5  0.5 -0.5]  to  [2.5 1.  0. ]
Slicing  [ 2.5  0.5 -0.5]  to  [ 3.   0.  -0.5]
Slicing  [ 2.5  0.5 -0.5]  to  [3.  0.5 0. ]
Slicing  [ 2.5  1.5 -1.5]  to  [ 2.   1.  -1.5]
Slicing  [ 2.5  1.5 -1.5]  to  [ 2.   1.5 -1. ]
Slicing  [ 2.5  1.5 -1.5]  to  [ 2.5  1.  -2. ]
Slicing  [ 2.5  1.5 -1.5]  to  [ 2.5  2.  -1. ]
Slicing  [ 2.5  1.5 -1.5]  to  [ 3.   1.5 -2. ]
Slicing  [ 2.5  1.5 -1.5]  to  [ 3.   2.  -1.5]
Slicing  [ 2.5  1.5 -0.5]  to  [ 2.   1.  -0.5]
Slicing  [ 2.5  1.5 -0.5]  to  [ 2.   1.5 -1. ]
Slicing  [ 2.5  1.5 -0.5]  to  [2.5 1.  0. ]
Slicing  [ 2.5  1.5 -0.5]  to  [ 2.5  2.  -1. ]
Slicing  [ 2.5  1.5 -0.5]  to  [3.  1.5 0. ]
Slicing  [ 2.5  1.5 -0.5]  to  [ 3.   2.  -0.5]
Slicing  [ 3.5  0.5 -1.5]  to  [ 3.   0.  -1.5]
Slicing  [ 3.5  0.5 -1.5]  to  [ 3.   0.5 -2. ]
Slicing  [ 3.5  0.5 -1.5]  to  [ 3.5  0.  -1. ]
Slicing  [ 3.5  0.5 -1.5]  to  [ 3.5  1.  -2. ]
Slicing  [ 3.5  0.5 -1.5]  to  [ 4.   0.5 -1. ]
Slicing  [ 3.5  0.5 -1.5]  to  [ 4.   1.  -1.5]
Slicing  [ 3.5  0.5 -0.5]  to  [ 3.   0.  -0.5]


Processed: 1179/2562 (46.02%) | Elapsed: 02:56:10 | BZ Folding estimated remaining time: 03:26:40


Slicing  [ 3.5  0.5 -0.5]  to  [3.  0.5 0. ]
Slicing  [ 3.5  0.5 -0.5]  to  [ 3.5  0.  -1. ]
Slicing  [ 3.5  0.5 -0.5]  to  [3.5 1.  0. ]
Slicing  [ 3.5  0.5 -0.5]  to  [ 4.   0.5 -1. ]
Slicing  [ 3.5  0.5 -0.5]  to  [ 4.   1.  -0.5]
Slicing  [ 3.5  1.5 -1.5]  to  [ 3.   1.5 -2. ]
Slicing  [ 3.5  1.5 -1.5]  to  [ 3.   2.  -1.5]
Slicing  [ 3.5  1.5 -1.5]  to  [ 3.5  1.  -2. ]
Slicing  [ 3.5  1.5 -1.5]  to  [ 3.5  2.  -1. ]
Slicing  [ 3.5  1.5 -1.5]  to  [ 4.   1.  -1.5]
Slicing  [ 3.5  1.5 -1.5]  to  [ 4.   1.5 -1. ]
Slicing  [ 3.5  1.5 -0.5]  to  [3.  1.5 0. ]
Slicing  [ 3.5  1.5 -0.5]  to  [ 3.   2.  -0.5]
Slicing  [ 3.5  1.5 -0.5]  to  [3.5 1.  0. ]
Slicing  [ 3.5  1.5 -0.5]  to  [ 3.5  2.  -1. ]
Slicing  [ 3.5  1.5 -0.5]  to  [ 4.   1.  -0.5]
Slicing  [ 3.5  1.5 -0.5]  to  [ 4.   1.5 -1. ]
Processing BZ [ 3  1 -1], path segments from W to X

24 symmetrically equivalent path segments
[[-1.  -0.5  0.  -1.   0.   0. ]
 [-1.   0.  -0.5 -1.   0.   0. ]
 [-1.   0.   0.5 -1.   0.   0. ]
 [-1.   0.5  0.  -1.   0.   0. ]
 [-0.5 -1.   0.   0.  -1.   0. ]
 [-0.5  0.  -1.   0.   0.  -1. ]
 [-0.5  0.   1.   0.   0.   1. ]
 [-0.5  1.   0.   0.   1.   0. ]
 [ 0.  -1.  -0.5  0.  -1.   0. ]
 [ 0.  -1.   0.5  0.  -1.   0. ]
 [ 0.  -0.5 -1.   0.   0.  -1. ]
 [ 0.  -0.5  1.   0.   0.   1. ]
 [ 0.   0.5 -1.   0.   0.  -1. ]
 [ 0.   0.5  1.   0.   0.   1. ]
 [ 0.   1.  -0.5  0.   1.   0. ]
 [ 0.   1.   0.5  0.   1.   0. ]
 [ 0.5 -1.   0.   0.  -1.   0. ]
 [ 0.5  0.  -1.   0.   0.  -1. ]
 [ 0.5  0.   1.   0.   0.   1. ]
 [ 0.5  1.   0.   0.   1.   0. ]
 [ 1.  -0.5  0.   1.   0.   0. ]
 [ 1.   0.  -0.5  1.   0.   0. ]
 [ 1.   0.   0.5  1.   0.   0. ]
 [ 1.   0.5  0.   1.   0.   0. ]]
Slicing  [ 2.   0.5 -1. ]  to  [ 2.  1. -1.]
Slicing  [ 2.   1.  -1.5]  to  [ 2.  1. -1.]
Slicing  [ 2.   1.  -0.5]  to  [ 2.  1. -1.]
Slicing  [ 2.   1.5 -1. ]  to  [ 2.  1. -1.]
Slicing  [ 2.5  0.  -1. ]  to  [ 3.  0. -1.]
Slicing  [ 2.5  1.  -2. ]  to  [ 3.  1. -2.]
Slicing  [2.5 1.  0. ]  to  [3. 1. 0.]
Slicing  [ 2.5  2.  -1. ]  to  [ 3.  2. -1.]
Slicing  [ 3.   0.  -1.5]  to  [ 3.  0. -1.]
Slicing  [ 3.   0.  -0.5]  to  [ 3.  0. -1.]
Slicing  [ 3.   0.5 -2. ]  to  [ 3.  1. -2.]
Slicing  [3.  0.5 0. ]  to  [3. 1. 0.]
Slicing  [ 3.   1.5 -2. ]  to  [ 3.  1. -2.]
Slicing  [3.  1.5 0. ]  to  [3. 1. 0.]
Slicing  [ 3.   2.  -1.5]  to  [ 3.  2. -1.]
Slicing  [ 3.   2.  -0.5]  to  [ 3.  2. -1.]
Slicing  [ 3.5  0.  -1. ]  to  [ 3.  0. -1.]
Slicing  [ 3.5  1.  -2. ]  to  [ 3.  1. -2.]
Slicing  [3.5 1.  0. ]  to  [3. 1. 0.]
Slicing  [ 3.5  2.  -1. ]  to  [ 3.  2. -1.]
Slicing  [ 4.   0.5 -1. ]  to  [ 4.  1. -1.]
Slicing  [ 4.   1.  -1.5]  to  [ 4.  1. -1.]
Slicing  [ 4.   1.  -0.5]  to  [ 4.  1. -1.]
Slicing  [ 4.   1.5 -1. ]  to  [ 4.  1. -1.]

Generating Report for BZ [ 3  1 -1]

Combining all 9 BZ

BZ [ 3  1 -1] done. Total time elapsed 03:04:39
Processing BZ [3 1 1], path segments from Gamma to X

6 symmetrically equivalent path segments
[[ 0.  0.  0. -1.  0.  0.]
 [ 0.  0.  0.  0. -1.  0.]
 [ 0.  0.  0.  0.  0. -1.]
 [ 0.  0.  0.  0.  0.  1.]
 [ 0.  0.  0.  0.  1.  0.]
 [ 0.  0.  0.  1.  0.  0.]]
Slicing  [3. 1. 1.]  to  [2. 1. 1.]
Slicing  [3. 1. 1.]  to  [3. 0. 1.]
Slicing  [3. 1. 1.]  to  [3. 1. 0.]
Slicing  [3. 1. 1.]  to  [3. 1. 2.]
Slicing  [3. 1. 1.]  to  [3. 2. 1.]
Slicing  [3. 1. 1.]  to  [4. 1. 1.]
Processing BZ [3 1 1], path segments from X to U

24 symmetrically equivalent path segments
[[-1.    0.    0.   -1.   -0.25 -0.25]
 [-1.    0.    0.   -1.   -0.25  0.25]
 [-1.    0.    0.   -1.    0.25 -0.25]
 [-1.    0.    0.   -1.    0.25  0.25]
 [ 0.   -1.    0.   -0.25 -1.   -0.25]
 [ 0.   -1.    0.   -0.25 -1.    0.25]
 [ 0.   -1.    0.    0.25 -1.   -0.25]
 [ 0.   -1.    0.    0.25 -1.    0.25]
 [ 0.    0.   -1.   -0.25 -0.25 -1.  ]
 [ 0.    0.   -1.   -0.25  0.25 -1.  ]
 [ 0.    0.   -1.    0.25 -0.25 -1.  ]
 [ 0.    0.   -1.    0.25  0.25 -1.  ]
 [ 0.    0.    1.   -0.25 -0.25  1.  ]
 [ 0.    0.    1.   -0.25  0.25  1.  ]
 [ 0.    0.    1.    0.25 -0.25  1.  ]
 [ 0.    0.    1.    0.25  0.25  1.  ]
 [ 0.    1.    0.   -0.25  1.   -0.25]
 [ 0.    1.    0.   -0.25  1.    0.25]
 [ 0.    1.    0.    0.25  1.   -0.25]
 [ 0.    1.    0.    0.25  1.    0.25]
 [ 1.    0.    0.    1.   -0.25 -0.25]
 [ 1.    0.    0.    1.   -0.25  0.25]
 [ 1.    0.    0.    1.    0.25 -0.25]
 [ 1.    0.    0.    1.    0.25  0.25]]
Slicing  [2. 1. 1.]  to  [2.   0.75 0.75]
Slicing  [2. 1. 1.]  to  [2.   0.75 1.25]
Slicing  [2. 1. 1.]  to  [2.   1.25 0.75]
Slicing  [2. 1. 1.]  to  [2.   1.25 1.25]


Processed: 1230/2562 (48.01%) | Elapsed: 03:05:18 | BZ Folding estimated remaining time: 03:20:41


Slicing  [3. 0. 1.]  to  [2.75 0.   0.75]
Slicing  [3. 0. 1.]  to  [2.75 0.   1.25]
Slicing  [3. 0. 1.]  to  [3.25 0.   0.75]
Slicing  [3. 0. 1.]  to  [3.25 0.   1.25]
Slicing  [3. 1. 0.]  to  [2.75 0.75 0.  ]
Slicing  [3. 1. 0.]  to  [2.75 1.25 0.  ]
Slicing  [3. 1. 0.]  to  [3.25 0.75 0.  ]
Slicing  [3. 1. 0.]  to  [3.25 1.25 0.  ]
Slicing  [3. 1. 2.]  to  [2.75 0.75 2.  ]
Slicing  [3. 1. 2.]  to  [2.75 1.25 2.  ]
Slicing  [3. 1. 2.]  to  [3.25 0.75 2.  ]
Slicing  [3. 1. 2.]  to  [3.25 1.25 2.  ]
Slicing  [3. 2. 1.]  to  [2.75 2.   0.75]
Slicing  [3. 2. 1.]  to  [2.75 2.   1.25]
Slicing  [3. 2. 1.]  to  [3.25 2.   0.75]
Slicing  [3. 2. 1.]  to  [3.25 2.   1.25]
Slicing  [4. 1. 1.]  to  [4.   0.75 0.75]
Slicing  [4. 1. 1.]  to  [4.   0.75 1.25]
Slicing  [4. 1. 1.]  to  [4.   1.25 0.75]
Slicing  [4. 1. 1.]  to  [4.   1.25 1.25]
Processing BZ [3 1 1], path segments from K to Gamma

12 symmetrically equivalent path segments
[[-0.75 -0.75  0.    0.    0.    0.  ]
 [-0.75  0.   -0.75  0.    0.    0.  ]
 [-0.75  0.    0.75  0.    0.    0.  ]
 [-0.75  0.75  0.    0.    0.    0.  ]
 [ 0.   -0.75 -0.75  0.    0.    0.  ]
 [ 0.   -0.75  0.75  0.    0.    0.  ]
 [ 0.    0.75 -0.75  0.    0.    0.  ]
 [ 0.    0.75  0.75  0.    0.    0.  ]
 [ 0.75 -0.75  0.    0.    0.    0.  ]
 [ 0.75  0.   -0.75  0.    0.    0.  ]
 [ 0.75  0.    0.75  0.    0.    0.  ]
 [ 0.75  0.75  0.    0.    0.    0.  ]]
Slicing  [2.25 0.25 1.  ]  to  [3. 1. 1.]
Slicing  [2.25 1.   0.25]  to  [3. 1. 1.]
Slicing  [2.25 1.   1.75]  to  [3. 1. 1.]
Slicing  [2.25 1.75 1.  ]  to  [3. 1. 1.]
Slicing  [3.   0.25 0.25]  to  [3. 1. 1.]
Slicing  [3.   0.25 1.75]  to  [3. 1. 1.]
Slicing  [3.   1.75 0.25]  to  [3. 1. 1.]
Slicing  [3.   1.75 1.75]  to  [3. 1. 1.]
Slicing  [3.75 0.25 1.  ]  to  [3. 1. 1.]
Slicing  [3.75 1.   0.25]  to  [3. 1. 1.]
Slicing  [3.75 1.   1.75]  to  [3. 1. 1.]
Slicing  [3.75 1.75 1.  ]  to  [3. 1. 1.]
Processing BZ [3 1 1], path segments from Gamma to L

8 symmetrically equivalent path segments
[[ 0.   0.   0.  -0.5 -0.5 -0.5]
 [ 0.   0.   0.  -0.5 -0.5  0.5]
 [ 0.   0.   0.  -0.5  0.5 -0.5]
 [ 0.   0.   0.  -0.5  0.5  0.5]
 [ 0.   0.   0.   0.5 -0.5 -0.5]
 [ 0.   0.   0.   0.5 -0.5  0.5]
 [ 0.   0.   0.   0.5  0.5 -0.5]
 [ 0.   0.   0.   0.5  0.5  0.5]]
Slicing  [3. 1. 1.]  to  [2.5 0.5 0.5]
Slicing  [3. 1. 1.]  to  [2.5 0.5 1.5]
Slicing  [3. 1. 1.]  to  [2.5 1.5 0.5]
Slicing  [3. 1. 1.]  to  [2.5 1.5 1.5]
Slicing  [3. 1. 1.]  to  [3.5 0.5 0.5]
Slicing  [3. 1. 1.]  to  [3.5 0.5 1.5]
Slicing  [3. 1. 1.]  to  [3.5 1.5 0.5]
Slicing  [3. 1. 1.]  to  [3.5 1.5 1.5]
Processing BZ [3 1 1], path segments from L to W

48 symmetrically equivalent path segments
[[-0.5 -0.5 -0.5 -1.  -0.5  0. ]
 [-0.5 -0.5 -0.5 -1.   0.  -0.5]
 [-0.5 -0.5 -0.5 -0.5 -1.   0. ]
 [-0.5 -0.5 -0.5 -0.5  0.  -1. ]
 [-0.5 -0.5 -0.5  0.  -1.  -0.5]
 [-0.5 -0.5 -0.5  0.  -0.5 -1. ]
 [-0.5 -0.5  0.5 -1.  -0.5  0. ]
 [-0.5 -0.5  0.5 -1.   0.   0.5]
 [-0.5 -0.5  0.5 -0.5 -1.   0. ]
 [-0.5 -0.5  0.5 -0.5  0.   1. ]
 [-0.5 -0.5  0.5  0.  -1.   0.5]
 [-0.5 -0.5  0.5  0.  -0.5  1. ]
 [-0.5  0.5 -0.5 -1.   0.  -0.5]
 [-0.5  0.5 -0.5 -1.   0.5  0. ]
 [-0.5  0.5 -0.5 -0.5  0.  -1. ]
 [-0.5  0.5 -0.5 -0.5  1.   0. ]
 [-0.5  0.5 -0.5  0.   0.5 -1. ]
 [-0.5  0.5 -0.5  0.   1.  -0.5]
 [-0.5  0.5  0.5 -1.   0.   0.5]
 [-0.5  0.5  0.5 -1.   0.5  0. ]
 [-0.5  0.5  0.5 -0.5  0.   1. ]
 [-0.5  0.5  0.5 -0.5  1.   0. ]
 [-0.5  0.5  0.5  0.   0.5  1. ]
 [-0.5  0.5  0.5  0.   1.   0.5]
 [ 0.5 -0.5 -0.5  0.  -1.  -0.5]
 [ 0.5 -0.5 -0.5  0.  -0.5 -1. ]
 [ 0.5 -0.5 -0.5  0.5 -1.   0. ]
 [ 0.5 -0.5 -0.5  0.5  0.  -1. ]
 [ 0.5 -0.5 -0.5  1.  -0.5  0. ]
 [ 0.5 -0.5 -0.5  1.   0.  -0.5]
 [ 0.5 -0.5  0.5  0.  -1.   0.5]
 [ 0.5 -0.5  0.5  0.  -0.5  1. ]
 [ 0.5 -0.5  0.5  0.5 -1.   0. ]
 [ 0.5 -0.5  0.5  0.5  0.   1. ]
 [ 0.5 -0.5  0.5  1.  -0.5  0. ]
 [ 0.5 -0.5  0.5  1.   0.   0.5]
 [ 0.5  0.5 -0.5  0.   0.5 -1. ]
 [ 0.5  0.5 -0.5  0.   1.  -0.5]
 [ 0.5  0.5 -0.5  0.5  0.  -1. ]
 [ 0.5  0.5 -0.5  0.5  1.   0. ]
 [ 0.5  0.5 -0.5  1.   0.  -0.5]
 [ 0.5  0.5 -0.5  1.   0.5  0. ]
 [ 0.5  0.5  0.5  0.   0.5  1. ]
 [ 0.5  0.5  0.5  0.   1.   0.5]
 [ 0.5  0.5  0.5  0.5  0.   1. ]
 [ 0.5  0.5  0.5  0.5  1.   0. ]
 [ 0.5  0.5  0.5  1.   0.   0.5]
 [ 0.5  0.5  0.5  1.   0.5  0. ]]
Slicing  [2.5 0.5 0.5]  to  [2.  0.5 1. ]
Slicing  [2.5 0.5 0.5]  to  [2.  1.  0.5]
Slicing  [2.5 0.5 0.5]  to  [2.5 0.  1. ]
Slicing  [2.5 0.5 0.5]  to  [2.5 1.  0. ]
Slicing  [2.5 0.5 0.5]  to  [3.  0.  0.5]
Slicing  [2.5 0.5 0.5]  to  [3.  0.5 0. ]
Slicing  [2.5 0.5 1.5]  to  [2.  0.5 1. ]
Slicing  [2.5 0.5 1.5]  to  [2.  1.  1.5]
Slicing  [2.5 0.5 1.5]  to  [2.5 0.  1. ]
Slicing  [2.5 0.5 1.5]  to  [2.5 1.  2. ]
Slicing  [2.5 0.5 1.5]  to  [3.  0.  1.5]


Processed: 1281/2562 (50.00%) | Elapsed: 03:12:48 | BZ Folding estimated remaining time: 03:12:48


Slicing  [2.5 0.5 1.5]  to  [3.  0.5 2. ]
Slicing  [2.5 1.5 0.5]  to  [2.  1.  0.5]
Slicing  [2.5 1.5 0.5]  to  [2.  1.5 1. ]
Slicing  [2.5 1.5 0.5]  to  [2.5 1.  0. ]
Slicing  [2.5 1.5 0.5]  to  [2.5 2.  1. ]
Slicing  [2.5 1.5 0.5]  to  [3.  1.5 0. ]
Slicing  [2.5 1.5 0.5]  to  [3.  2.  0.5]
Slicing  [2.5 1.5 1.5]  to  [2.  1.  1.5]
Slicing  [2.5 1.5 1.5]  to  [2.  1.5 1. ]
Slicing  [2.5 1.5 1.5]  to  [2.5 1.  2. ]
Slicing  [2.5 1.5 1.5]  to  [2.5 2.  1. ]
Slicing  [2.5 1.5 1.5]  to  [3.  1.5 2. ]
Slicing  [2.5 1.5 1.5]  to  [3.  2.  1.5]
Slicing  [3.5 0.5 0.5]  to  [3.  0.  0.5]
Slicing  [3.5 0.5 0.5]  to  [3.  0.5 0. ]
Slicing  [3.5 0.5 0.5]  to  [3.5 0.  1. ]
Slicing  [3.5 0.5 0.5]  to  [3.5 1.  0. ]
Slicing  [3.5 0.5 0.5]  to  [4.  0.5 1. ]
Slicing  [3.5 0.5 0.5]  to  [4.  1.  0.5]
Slicing  [3.5 0.5 1.5]  to  [3.  0.  1.5]
Slicing  [3.5 0.5 1.5]  to  [3.  0.5 2. ]
Slicing  [3.5 0.5 1.5]  to  [3.5 0.  1. ]
Slicing  [3.5 0.5 1.5]  to  [3.5 1.  2. ]
Slicing  [3.5 0.5 1.5]  to  [4.  0.5 1. ]
Slicing  [3.5 0.5 1.5]  to  [4.  1.  1.5]
Slicing  [3.5 1.5 0.5]  to  [3.  1.5 0. ]
Slicing  [3.5 1.5 0.5]  to  [3.  2.  0.5]
Slicing  [3.5 1.5 0.5]  to  [3.5 1.  0. ]
Slicing  [3.5 1.5 0.5]  to  [3.5 2.  1. ]
Slicing  [3.5 1.5 0.5]  to  [4.  1.  0.5]
Slicing  [3.5 1.5 0.5]  to  [4.  1.5 1. ]
Slicing  [3.5 1.5 1.5]  to  [3.  1.5 2. ]
Slicing  [3.5 1.5 1.5]  to  [3.  2.  1.5]
Slicing  [3.5 1.5 1.5]  to  [3.5 1.  2. ]
Slicing  [3.5 1.5 1.5]  to  [3.5 2.  1. ]
Slicing  [3.5 1.5 1.5]  to  [4.  1.  1.5]
Slicing  [3.5 1.5 1.5]  to  [4.  1.5 1. ]
Processing BZ [3 1 1], path segments from W to X

24 symmetrically equivalent path segments
[[-1.  -0.5  0.  -1.   0.   0. ]
 [-1.   0.  -0.5 -1.   0.   0. ]
 [-1.   0.   0.5 -1.   0.   0. ]
 [-1.   0.5  0.  -1.   0.   0. ]
 [-0.5 -1.   0.   0.  -1.   0. ]
 [-0.5  0.  -1.   0.   0.  -1. ]
 [-0.5  0.   1.   0.   0.   1. ]
 [-0.5  1.   0.   0.   1.   0. ]
 [ 0.  -1.  -0.5  0.  -1.   0. ]
 [ 0.  -1.   0.5  0.  -1.   0. ]
 [ 0.  -0.5 -1.   0.   0.  -1. ]
 [ 0.  -0.5  1.   0.   0.   1. ]
 [ 0.   0.5 -1.   0.   0.  -1. ]
 [ 0.   0.5  1.   0.   0.   1. ]
 [ 0.   1.  -0.5  0.   1.   0. ]
 [ 0.   1.   0.5  0.   1.   0. ]
 [ 0.5 -1.   0.   0.  -1.   0. ]
 [ 0.5  0.  -1.   0.   0.  -1. ]
 [ 0.5  0.   1.   0.   0.   1. ]
 [ 0.5  1.   0.   0.   1.   0. ]
 [ 1.  -0.5  0.   1.   0.   0. ]
 [ 1.   0.  -0.5  1.   0.   0. ]
 [ 1.   0.   0.5  1.   0.   0. ]
 [ 1.   0.5  0.   1.   0.   0. ]]
Slicing  [2.  0.5 1. ]  to  [2. 1. 1.]
Slicing  [2.  1.  0.5]  to  [2. 1. 1.]
Slicing  [2.  1.  1.5]  to  [2. 1. 1.]
Slicing  [2.  1.5 1. ]  to  [2. 1. 1.]
Slicing  [2.5 0.  1. ]  to  [3. 0. 1.]
Slicing  [2.5 1.  0. ]  to  [3. 1. 0.]
Slicing  [2.5 1.  2. ]  to  [3. 1. 2.]
Slicing  [2.5 2.  1. ]  to  [3. 2. 1.]
Slicing  [3.  0.  0.5]  to  [3. 0. 1.]
Slicing  [3.  0.  1.5]  to  [3. 0. 1.]
Slicing  [3.  0.5 0. ]  to  [3. 1. 0.]
Slicing  [3.  0.5 2. ]  to  [3. 1. 2.]
Slicing  [3.  1.5 0. ]  to  [3. 1. 0.]
Slicing  [3.  1.5 2. ]  to  [3. 1. 2.]
Slicing  [3.  2.  0.5]  to  [3. 2. 1.]


Processed: 1333/2562 (52.03%) | Elapsed: 03:20:21 | BZ Folding estimated remaining time: 03:04:43


Slicing  [3.  2.  1.5]  to  [3. 2. 1.]
Slicing  [3.5 0.  1. ]  to  [3. 0. 1.]
Slicing  [3.5 1.  0. ]  to  [3. 1. 0.]
Slicing  [3.5 1.  2. ]  to  [3. 1. 2.]
Slicing  [3.5 2.  1. ]  to  [3. 2. 1.]
Slicing  [4.  0.5 1. ]  to  [4. 1. 1.]
Slicing  [4.  1.  0.5]  to  [4. 1. 1.]
Slicing  [4.  1.  1.5]  to  [4. 1. 1.]
Slicing  [4.  1.5 1. ]  to  [4. 1. 1.]

Generating Report for BZ [3 1 1]

Combining all 10 BZ

BZ [3 1 1] done. Total time elapsed 03:23:38
Processing BZ [ 5 -1 -1], path segments from Gamma to X

6 symmetrically equivalent path segments
[[ 0.  0.  0. -1.  0.  0.]
 [ 0.  0.  0.  0. -1.  0.]
 [ 0.  0.  0.  0.  0. -1.]
 [ 0.  0.  0.  0.  0.  1.]
 [ 0.  0.  0.  0.  1.  0.]
 [ 0.  0.  0.  1.  0.  0.]]
Slicing  [ 5. -1. -1.]  to  [ 4. -1. -1.]
Slicing  [ 5. -1. -1.]  to  [ 5. -2. -1.]
Slicing  [ 5. -1. -1.]  to  [ 5. -1. -2.]
Slicing  [ 5. -1. -1.]  to  [ 5. -1.  0.]
Slicing  [ 5. -1. -1.]  to  [ 5.  0. -1.]
Slicing  [ 5. -1. -1.]  to  [ 6. -1. -1.]
Processing BZ [ 5 -1 -1], path segments from X to U

24 symmetrically equivalent path segments
[[-1.    0.    0.   -1.   -0.25 -0.25]
 [-1.    0.    0.   -1.   -0.25  0.25]
 [-1.    0.    0.   -1.    0.25 -0.25]
 [-1.    0.    0.   -1.    0.25  0.25]
 [ 0.   -1.    0.   -0.25 -1.   -0.25]
 [ 0.   -1.    0.   -0.25 -1.    0.25]
 [ 0.   -1.    0.    0.25 -1.   -0.25]
 [ 0.   -1.    0.    0.25 -1.    0.25]
 [ 0.    0.   -1.   -0.25 -0.25 -1.  ]
 [ 0.    0.   -1.   -0.25  0.25 -1.  ]
 [ 0.    0.   -1.    0.25 -0.25 -1.  ]
 [ 0.    0.   -1.    0.25  0.25 -1.  ]
 [ 0.    0.    1.   -0.25 -0.25  1.  ]
 [ 0.    0.    1.   -0.25  0.25  1.  ]
 [ 0.    0.    1.    0.25 -0.25  1.  ]
 [ 0.    0.    1.    0.25  0.25  1.  ]
 [ 0.    1.    0.   -0.25  1.   -0.25]
 [ 0.    1.    0.   -0.25  1.    0.25]
 [ 0.    1.    0.    0.25  1.   -0.25]
 [ 0.    1.    0.    0.25  1.    0.25]
 [ 1.    0.    0.    1.   -0.25 -0.25]
 [ 1.    0.    0.    1.   -0.25  0.25]
 [ 1.    0.    0.    1.    0.25 -0.25]
 [ 1.    0.    0.    1.    0.25  0.25]]
Slicing  [ 4. -1. -1.]  to  [ 4.   -1.25 -1.25]
Slicing  [ 4. -1. -1.]  to  [ 4.   -1.25 -0.75]
Slicing  [ 4. -1. -1.]  to  [ 4.   -0.75 -1.25]
Slicing  [ 4. -1. -1.]  to  [ 4.   -0.75 -0.75]
Slicing  [ 5. -2. -1.]  to  [ 4.75 -2.   -1.25]
Slicing  [ 5. -2. -1.]  to  [ 4.75 -2.   -0.75]
Slicing  [ 5. -2. -1.]  to  [ 5.25 -2.   -1.25]
Slicing  [ 5. -2. -1.]  to  [ 5.25 -2.   -0.75]
Slicing  [ 5. -1. -2.]  to  [ 4.75 -1.25 -2.  ]
Slicing  [ 5. -1. -2.]  to  [ 4.75 -0.75 -2.  ]
Slicing  [ 5. -1. -2.]  to  [ 5.25 -1.25 -2.  ]
Slicing  [ 5. -1. -2.]  to  [ 5.25 -0.75 -2.  ]
Slicing  [ 5. -1.  0.]  to  [ 4.75 -1.25  0.  ]
Slicing  [ 5. -1.  0.]  to  [ 4.75 -0.75  0.  ]
Slicing  [ 5. -1.  0.]  to  [ 5.25 -1.25  0.  ]
Slicing  [ 5. -1.  0.]  to  [ 5.25 -0.75  0.  ]
Slicing  [ 5.  0. -1.]  to  [ 4.75  0.   -1.25]
Slicing  [ 5.  0. -1.]  to  [ 4.75  0.   -0.75]
Slicing  [ 5.  0. -1.]  to  [ 5.25  0.   -1.25]
Slicing  [ 5.  0. -1.]  to  [ 5.25  0.   -0.75]
Slicing  [ 6. -1. -1.]  to  [ 6.   -1.25 -1.25]
Slicing  [ 6. -1. -1.]  to  [ 6.   -1.25 -0.75]
Slicing  [ 6. -1. -1.]  to  [ 6.   -0.75 -1.25]
Slicing  [ 6. -1. -1.]  to  [ 6.   -0.75 -0.75]
Processing BZ [ 5 -1 -1], path segments from K to Gamma

12 symmetrically equivalent path segments
[[-0.75 -0.75  0.    0.    0.    0.  ]
 [-0.75  0.   -0.75  0.    0.    0.  ]
 [-0.75  0.    0.75  0.    0.    0.  ]
 [-0.75  0.75  0.    0.    0.    0.  ]
 [ 0.   -0.75 -0.75  0.    0.    0.  ]
 [ 0.   -0.75  0.75  0.    0.    0.  ]
 [ 0.    0.75 -0.75  0.    0.    0.  ]
 [ 0.    0.75  0.75  0.    0.    0.  ]
 [ 0.75 -0.75  0.    0.    0.    0.  ]
 [ 0.75  0.   -0.75  0.    0.    0.  ]
 [ 0.75  0.    0.75  0.    0.    0.  ]
 [ 0.75  0.75  0.    0.    0.    0.  ]]
Slicing  [ 4.25 -1.75 -1.  ]  to  [ 5. -1. -1.]
Slicing  [ 4.25 -1.   -1.75]  to  [ 5. -1. -1.]
Slicing  [ 4.25 -1.   -0.25]  to  [ 5. -1. -1.]
Slicing  [ 4.25 -0.25 -1.  ]  to  [ 5. -1. -1.]
Slicing  [ 5.   -1.75 -1.75]  to  [ 5. -1. -1.]
Slicing  [ 5.   -1.75 -0.25]  to  [ 5. -1. -1.]
Slicing  [ 5.   -0.25 -1.75]  to  [ 5. -1. -1.]
Slicing  [ 5.   -0.25 -0.25]  to  [ 5. -1. -1.]
Slicing  [ 5.75 -1.75 -1.  ]  to  [ 5. -1. -1.]
Slicing  [ 5.75 -1.   -1.75]  to  [ 5. -1. -1.]
Slicing  [ 5.75 -1.   -0.25]  to  [ 5. -1. -1.]
Slicing  [ 5.75 -0.25 -1.  ]  to  [ 5. -1. -1.]


Processed: 1384/2562 (54.02%) | Elapsed: 03:28:12 | BZ Folding estimated remaining time: 02:57:13


Processing BZ [ 5 -1 -1], path segments from Gamma to L

8 symmetrically equivalent path segments
[[ 0.   0.   0.  -0.5 -0.5 -0.5]
 [ 0.   0.   0.  -0.5 -0.5  0.5]
 [ 0.   0.   0.  -0.5  0.5 -0.5]
 [ 0.   0.   0.  -0.5  0.5  0.5]
 [ 0.   0.   0.   0.5 -0.5 -0.5]
 [ 0.   0.   0.   0.5 -0.5  0.5]
 [ 0.   0.   0.   0.5  0.5 -0.5]
 [ 0.   0.   0.   0.5  0.5  0.5]]
Slicing  [ 5. -1. -1.]  to  [ 4.5 -1.5 -1.5]
Slicing  [ 5. -1. -1.]  to  [ 4.5 -1.5 -0.5]
Slicing  [ 5. -1. -1.]  to  [ 4.5 -0.5 -1.5]
Slicing  [ 5. -1. -1.]  to  [ 4.5 -0.5 -0.5]
Slicing  [ 5. -1. -1.]  to  [ 5.5 -1.5 -1.5]
Slicing  [ 5. -1. -1.]  to  [ 5.5 -1.5 -0.5]
Slicing  [ 5. -1. -1.]  to  [ 5.5 -0.5 -1.5]
Slicing  [ 5. -1. -1.]  to  [ 5.5 -0.5 -0.5]
Processing BZ [ 5 -1 -1], path segments from L to W

48 symmetrically equivalent path segments
[[-0.5 -0.5 -0.5 -1.  -0.5  0. ]
 [-0.5 -0.5 -0.5 -1.   0.  -0.5]
 [-0.5 -0.5 -0.5 -0.5 -1.   0. ]
 [-0.5 -0.5 -0.5 -0.5  0.  -1. ]
 [-0.5 -0.5 -0.5  0.  -1.  -0.5]
 [-0.5 -0.5 -0.5  0.  -0.5 -1. ]
 [-0.5 -0.5  0.5 -1.  -0.5  0. ]
 [-0.5 -0.5  0.5 -1.   0.   0.5]
 [-0.5 -0.5  0.5 -0.5 -1.   0. ]
 [-0.5 -0.5  0.5 -0.5  0.   1. ]
 [-0.5 -0.5  0.5  0.  -1.   0.5]
 [-0.5 -0.5  0.5  0.  -0.5  1. ]
 [-0.5  0.5 -0.5 -1.   0.  -0.5]
 [-0.5  0.5 -0.5 -1.   0.5  0. ]
 [-0.5  0.5 -0.5 -0.5  0.  -1. ]
 [-0.5  0.5 -0.5 -0.5  1.   0. ]
 [-0.5  0.5 -0.5  0.   0.5 -1. ]
 [-0.5  0.5 -0.5  0.   1.  -0.5]
 [-0.5  0.5  0.5 -1.   0.   0.5]
 [-0.5  0.5  0.5 -1.   0.5  0. ]
 [-0.5  0.5  0.5 -0.5  0.   1. ]
 [-0.5  0.5  0.5 -0.5  1.   0. ]
 [-0.5  0.5  0.5  0.   0.5  1. ]
 [-0.5  0.5  0.5  0.   1.   0.5]
 [ 0.5 -0.5 -0.5  0.  -1.  -0.5]
 [ 0.5 -0.5 -0.5  0.  -0.5 -1. ]
 [ 0.5 -0.5 -0.5  0.5 -1.   0. ]
 [ 0.5 -0.5 -0.5  0.5  0.  -1. ]
 [ 0.5 -0.5 -0.5  1.  -0.5  0. ]
 [ 0.5 -0.5 -0.5  1.   0.  -0.5]
 [ 0.5 -0.5  0.5  0.  -1.   0.5]
 [ 0.5 -0.5  0.5  0.  -0.5  1. ]
 [ 0.5 -0.5  0.5  0.5 -1.   0. ]
 [ 0.5 -0.5  0.5  0.5  0.   1. ]
 [ 0.5 -0.5  0.5  1.  -0.5  0. ]
 [ 0.5 -0.5  0.5  1.   0.   0.5]
 [ 0.5  0.5 -0.5  0.   0.5 -1. ]
 [ 0.5  0.5 -0.5  0.   1.  -0.5]
 [ 0.5  0.5 -0.5  0.5  0.  -1. ]
 [ 0.5  0.5 -0.5  0.5  1.   0. ]
 [ 0.5  0.5 -0.5  1.   0.  -0.5]
 [ 0.5  0.5 -0.5  1.   0.5  0. ]
 [ 0.5  0.5  0.5  0.   0.5  1. ]
 [ 0.5  0.5  0.5  0.   1.   0.5]
 [ 0.5  0.5  0.5  0.5  0.   1. ]
 [ 0.5  0.5  0.5  0.5  1.   0. ]
 [ 0.5  0.5  0.5  1.   0.   0.5]
 [ 0.5  0.5  0.5  1.   0.5  0. ]]
Slicing  [ 4.5 -1.5 -1.5]  to  [ 4.  -1.5 -1. ]
Slicing  [ 4.5 -1.5 -1.5]  to  [ 4.  -1.  -1.5]
Slicing  [ 4.5 -1.5 -1.5]  to  [ 4.5 -2.  -1. ]
Slicing  [ 4.5 -1.5 -1.5]  to  [ 4.5 -1.  -2. ]
Slicing  [ 4.5 -1.5 -1.5]  to  [ 5.  -2.  -1.5]
Slicing  [ 4.5 -1.5 -1.5]  to  [ 5.  -1.5 -2. ]
Slicing  [ 4.5 -1.5 -0.5]  to  [ 4.  -1.5 -1. ]
Slicing  [ 4.5 -1.5 -0.5]  to  [ 4.  -1.  -0.5]
Slicing  [ 4.5 -1.5 -0.5]  to  [ 4.5 -2.  -1. ]
Slicing  [ 4.5 -1.5 -0.5]  to  [ 4.5 -1.   0. ]
Slicing  [ 4.5 -1.5 -0.5]  to  [ 5.  -2.  -0.5]
Slicing  [ 4.5 -1.5 -0.5]  to  [ 5.  -1.5  0. ]
Slicing  [ 4.5 -0.5 -1.5]  to  [ 4.  -1.  -1.5]
Slicing  [ 4.5 -0.5 -1.5]  to  [ 4.  -0.5 -1. ]
Slicing  [ 4.5 -0.5 -1.5]  to  [ 4.5 -1.  -2. ]
Slicing  [ 4.5 -0.5 -1.5]  to  [ 4.5  0.  -1. ]
Slicing  [ 4.5 -0.5 -1.5]  to  [ 5.  -0.5 -2. ]
Slicing  [ 4.5 -0.5 -1.5]  to  [ 5.   0.  -1.5]
Slicing  [ 4.5 -0.5 -0.5]  to  [ 4.  -1.  -0.5]
Slicing  [ 4.5 -0.5 -0.5]  to  [ 4.  -0.5 -1. ]
Slicing  [ 4.5 -0.5 -0.5]  to  [ 4.5 -1.   0. ]
Slicing  [ 4.5 -0.5 -0.5]  to  [ 4.5  0.  -1. ]
Slicing  [ 4.5 -0.5 -0.5]  to  [ 5.  -0.5  0. ]
Slicing  [ 4.5 -0.5 -0.5]  to  [ 5.   0.  -0.5]
Slicing  [ 5.5 -1.5 -1.5]  to  [ 5.  -2.  -1.5]
Slicing  [ 5.5 -1.5 -1.5]  to  [ 5.  -1.5 -2. ]
Slicing  [ 5.5 -1.5 -1.5]  to  [ 5.5 -2.  -1. ]
Slicing  [ 5.5 -1.5 -1.5]  to  [ 5.5 -1.  -2. ]
Slicing  [ 5.5 -1.5 -1.5]  to  [ 6.  -1.5 -1. ]
Slicing  [ 5.5 -1.5 -1.5]  to  [ 6.  -1.  -1.5]
Slicing  [ 5.5 -1.5 -0.5]  to  [ 5.  -2.  -0.5]
Slicing  [ 5.5 -1.5 -0.5]  to  [ 5.  -1.5  0. ]
Slicing  [ 5.5 -1.5 -0.5]  to  [ 5.5 -2.  -1. ]
Slicing  [ 5.5 -1.5 -0.5]  to  [ 5.5 -1.   0. ]
Slicing  [ 5.5 -1.5 -0.5]  to  [ 6.  -1.5 -1. ]
Slicing  [ 5.5 -1.5 -0.5]  to  [ 6.  -1.  -0.5]
Slicing  [ 5.5 -0.5 -1.5]  to  [ 5.  -0.5 -2. ]
Slicing  [ 5.5 -0.5 -1.5]  to  [ 5.   0.  -1.5]
Slicing  [ 5.5 -0.5 -1.5]  to  [ 5.5 -1.  -2. ]
Slicing  [ 5.5 -0.5 -1.5]  to  [ 5.5  0.  -1. ]
Slicing  [ 5.5 -0.5 -1.5]  to  [ 6.  -1.  -1.5]
Slicing  [ 5.5 -0.5 -1.5]  to  [ 6.  -0.5 -1. ]
Slicing  [ 5.5 -0.5 -0.5]  to  [ 5.  -0.5  0. ]


Processed: 1435/2562 (56.01%) | Elapsed: 03:35:36 | BZ Folding estimated remaining time: 02:49:20


Slicing  [ 5.5 -0.5 -0.5]  to  [ 5.   0.  -0.5]
Slicing  [ 5.5 -0.5 -0.5]  to  [ 5.5 -1.   0. ]
Slicing  [ 5.5 -0.5 -0.5]  to  [ 5.5  0.  -1. ]
Slicing  [ 5.5 -0.5 -0.5]  to  [ 6.  -1.  -0.5]
Slicing  [ 5.5 -0.5 -0.5]  to  [ 6.  -0.5 -1. ]
Processing BZ [ 5 -1 -1], path segments from W to X

24 symmetrically equivalent path segments
[[-1.  -0.5  0.  -1.   0.   0. ]
 [-1.   0.  -0.5 -1.   0.   0. ]
 [-1.   0.   0.5 -1.   0.   0. ]
 [-1.   0.5  0.  -1.   0.   0. ]
 [-0.5 -1.   0.   0.  -1.   0. ]
 [-0.5  0.  -1.   0.   0.  -1. ]
 [-0.5  0.   1.   0.   0.   1. ]
 [-0.5  1.   0.   0.   1.   0. ]
 [ 0.  -1.  -0.5  0.  -1.   0. ]
 [ 0.  -1.   0.5  0.  -1.   0. ]
 [ 0.  -0.5 -1.   0.   0.  -1. ]
 [ 0.  -0.5  1.   0.   0.   1. ]
 [ 0.   0.5 -1.   0.   0.  -1. ]
 [ 0.   0.5  1.   0.   0.   1. ]
 [ 0.   1.  -0.5  0.   1.   0. ]
 [ 0.   1.   0.5  0.   1.   0. ]
 [ 0.5 -1.   0.   0.  -1.   0. ]
 [ 0.5  0.  -1.   0.   0.  -1. ]
 [ 0.5  0.   1.   0.   0.   1. ]
 [ 0.5  1.   0.   0.   1.   0. ]
 [ 1.  -0.5  0.   1.   0.   0. ]
 [ 1.   0.  -0.5  1.   0.   0. ]
 [ 1.   0.   0.5  1.   0.   0. ]
 [ 1.   0.5  0.   1.   0.   0. ]]
Slicing  [ 4.  -1.5 -1. ]  to  [ 4. -1. -1.]
Slicing  [ 4.  -1.  -1.5]  to  [ 4. -1. -1.]
Slicing  [ 4.  -1.  -0.5]  to  [ 4. -1. -1.]
Slicing  [ 4.  -0.5 -1. ]  to  [ 4. -1. -1.]
Slicing  [ 4.5 -2.  -1. ]  to  [ 5. -2. -1.]
Slicing  [ 4.5 -1.  -2. ]  to  [ 5. -1. -2.]
Slicing  [ 4.5 -1.   0. ]  to  [ 5. -1.  0.]
Slicing  [ 4.5  0.  -1. ]  to  [ 5.  0. -1.]
Slicing  [ 5.  -2.  -1.5]  to  [ 5. -2. -1.]
Slicing  [ 5.  -2.  -0.5]  to  [ 5. -2. -1.]
Slicing  [ 5.  -1.5 -2. ]  to  [ 5. -1. -2.]
Slicing  [ 5.  -1.5  0. ]  to  [ 5. -1.  0.]
Slicing  [ 5.  -0.5 -2. ]  to  [ 5. -1. -2.]
Slicing  [ 5.  -0.5  0. ]  to  [ 5. -1.  0.]
Slicing  [ 5.   0.  -1.5]  to  [ 5.  0. -1.]
Slicing  [ 5.   0.  -0.5]  to  [ 5.  0. -1.]
Slicing  [ 5.5 -2.  -1. ]  to  [ 5. -2. -1.]
Slicing  [ 5.5 -1.  -2. ]  to  [ 5. -1. -2.]
Slicing  [ 5.5 -1.   0. ]  to  [ 5. -1.  0.]
Slicing  [ 5.5  0.  -1. ]  to  [ 5.  0. -1.]
Slicing  [ 6.  -1.5 -1. ]  to  [ 6. -1. -1.]
Slicing  [ 6.  -1.  -1.5]  to  [ 6. -1. -1.]
Slicing  [ 6.  -1.  -0.5]  to  [ 6. -1. -1.]
Slicing  [ 6.  -0.5 -1. ]  to  [ 6. -1. -1.]

Generating Report for BZ [ 5 -1 -1]

Combining all 11 BZ

BZ [ 5 -1 -1] done. Total time elapsed 03:41:45
Processing BZ [ 5  1 -1], path segments from Gamma to X

6 symmetrically equivalent path segments
[[ 0.  0.  0. -1.  0.  0.]
 [ 0.  0.  0.  0. -1.  0.]
 [ 0.  0.  0.  0.  0. -1.]
 [ 0.  0.  0.  0.  0.  1.]
 [ 0.  0.  0.  0.  1.  0.]
 [ 0.  0.  0.  1.  0.  0.]]
Slicing  [ 5.  1. -1.]  to  [ 4.  1. -1.]
Slicing  [ 5.  1. -1.]  to  [ 5.  0. -1.]
Slicing  [ 5.  1. -1.]  to  [ 5.  1. -2.]
Slicing  [ 5.  1. -1.]  to  [5. 1. 0.]
Slicing  [ 5.  1. -1.]  to  [ 5.  2. -1.]
Slicing  [ 5.  1. -1.]  to  [ 6.  1. -1.]
Processing BZ [ 5  1 -1], path segments from X to U

24 symmetrically equivalent path segments
[[-1.    0.    0.   -1.   -0.25 -0.25]
 [-1.    0.    0.   -1.   -0.25  0.25]
 [-1.    0.    0.   -1.    0.25 -0.25]
 [-1.    0.    0.   -1.    0.25  0.25]
 [ 0.   -1.    0.   -0.25 -1.   -0.25]
 [ 0.   -1.    0.   -0.25 -1.    0.25]
 [ 0.   -1.    0.    0.25 -1.   -0.25]
 [ 0.   -1.    0.    0.25 -1.    0.25]
 [ 0.    0.   -1.   -0.25 -0.25 -1.  ]
 [ 0.    0.   -1.   -0.25  0.25 -1.  ]
 [ 0.    0.   -1.    0.25 -0.25 -1.  ]
 [ 0.    0.   -1.    0.25  0.25 -1.  ]
 [ 0.    0.    1.   -0.25 -0.25  1.  ]
 [ 0.    0.    1.   -0.25  0.25  1.  ]
 [ 0.    0.    1.    0.25 -0.25  1.  ]
 [ 0.    0.    1.    0.25  0.25  1.  ]
 [ 0.    1.    0.   -0.25  1.   -0.25]
 [ 0.    1.    0.   -0.25  1.    0.25]
 [ 0.    1.    0.    0.25  1.   -0.25]
 [ 0.    1.    0.    0.25  1.    0.25]
 [ 1.    0.    0.    1.   -0.25 -0.25]
 [ 1.    0.    0.    1.   -0.25  0.25]
 [ 1.    0.    0.    1.    0.25 -0.25]
 [ 1.    0.    0.    1.    0.25  0.25]]
Slicing  [ 4.  1. -1.]  to  [ 4.    0.75 -1.25]
Slicing  [ 4.  1. -1.]  to  [ 4.    0.75 -0.75]
Slicing  [ 4.  1. -1.]  to  [ 4.    1.25 -1.25]
Slicing  [ 4.  1. -1.]  to  [ 4.    1.25 -0.75]
Slicing  [ 5.  0. -1.]  to  [ 4.75  0.   -1.25]
Slicing  [ 5.  0. -1.]  to  [ 4.75  0.   -0.75]
Slicing  [ 5.  0. -1.]  to  [ 5.25  0.   -1.25]
Slicing  [ 5.  0. -1.]  to  [ 5.25  0.   -0.75]
Slicing  [ 5.  1. -2.]  to  [ 4.75  0.75 -2.  ]
Slicing  [ 5.  1. -2.]  to  [ 4.75  1.25 -2.  ]
Slicing  [ 5.  1. -2.]  to  [ 5.25  0.75 -2.  ]
Slicing  [ 5.  1. -2.]  to  [ 5.25  1.25 -2.  ]
Slicing  [5. 1. 0.]  to  [4.75 0.75 0.  ]
Slicing  [5. 1. 0.]  to  [4.75 1.25 0.  ]
Slicing  [5. 1. 0.]  to  [5.25 0.75 0.  ]
Slicing  [5. 1. 0.]  to  [5.25 1.25 0.  ]


Processed: 1486/2562 (58.00%) | Elapsed: 03:43:24 | BZ Folding estimated remaining time: 02:41:45


Slicing  [ 5.  2. -1.]  to  [ 4.75  2.   -1.25]
Slicing  [ 5.  2. -1.]  to  [ 4.75  2.   -0.75]
Slicing  [ 5.  2. -1.]  to  [ 5.25  2.   -1.25]
Slicing  [ 5.  2. -1.]  to  [ 5.25  2.   -0.75]
Slicing  [ 6.  1. -1.]  to  [ 6.    0.75 -1.25]
Slicing  [ 6.  1. -1.]  to  [ 6.    0.75 -0.75]
Slicing  [ 6.  1. -1.]  to  [ 6.    1.25 -1.25]
Slicing  [ 6.  1. -1.]  to  [ 6.    1.25 -0.75]
Processing BZ [ 5  1 -1], path segments from K to Gamma

12 symmetrically equivalent path segments
[[-0.75 -0.75  0.    0.    0.    0.  ]
 [-0.75  0.   -0.75  0.    0.    0.  ]
 [-0.75  0.    0.75  0.    0.    0.  ]
 [-0.75  0.75  0.    0.    0.    0.  ]
 [ 0.   -0.75 -0.75  0.    0.    0.  ]
 [ 0.   -0.75  0.75  0.    0.    0.  ]
 [ 0.    0.75 -0.75  0.    0.    0.  ]
 [ 0.    0.75  0.75  0.    0.    0.  ]
 [ 0.75 -0.75  0.    0.    0.    0.  ]
 [ 0.75  0.   -0.75  0.    0.    0.  ]
 [ 0.75  0.    0.75  0.    0.    0.  ]
 [ 0.75  0.75  0.    0.    0.    0.  ]]
Slicing  [ 4.25  0.25 -1.  ]  to  [ 5.  1. -1.]
Slicing  [ 4.25  1.   -1.75]  to  [ 5.  1. -1.]
Slicing  [ 4.25  1.   -0.25]  to  [ 5.  1. -1.]
Slicing  [ 4.25  1.75 -1.  ]  to  [ 5.  1. -1.]
Slicing  [ 5.    0.25 -1.75]  to  [ 5.  1. -1.]
Slicing  [ 5.    0.25 -0.25]  to  [ 5.  1. -1.]
Slicing  [ 5.    1.75 -1.75]  to  [ 5.  1. -1.]
Slicing  [ 5.    1.75 -0.25]  to  [ 5.  1. -1.]
Slicing  [ 5.75  0.25 -1.  ]  to  [ 5.  1. -1.]
Slicing  [ 5.75  1.   -1.75]  to  [ 5.  1. -1.]
Slicing  [ 5.75  1.   -0.25]  to  [ 5.  1. -1.]
Slicing  [ 5.75  1.75 -1.  ]  to  [ 5.  1. -1.]
Processing BZ [ 5  1 -1], path segments from Gamma to L

8 symmetrically equivalent path segments
[[ 0.   0.   0.  -0.5 -0.5 -0.5]
 [ 0.   0.   0.  -0.5 -0.5  0.5]
 [ 0.   0.   0.  -0.5  0.5 -0.5]
 [ 0.   0.   0.  -0.5  0.5  0.5]
 [ 0.   0.   0.   0.5 -0.5 -0.5]
 [ 0.   0.   0.   0.5 -0.5  0.5]
 [ 0.   0.   0.   0.5  0.5 -0.5]
 [ 0.   0.   0.   0.5  0.5  0.5]]
Slicing  [ 5.  1. -1.]  to  [ 4.5  0.5 -1.5]
Slicing  [ 5.  1. -1.]  to  [ 4.5  0.5 -0.5]
Slicing  [ 5.  1. -1.]  to  [ 4.5  1.5 -1.5]
Slicing  [ 5.  1. -1.]  to  [ 4.5  1.5 -0.5]
Slicing  [ 5.  1. -1.]  to  [ 5.5  0.5 -1.5]
Slicing  [ 5.  1. -1.]  to  [ 5.5  0.5 -0.5]
Slicing  [ 5.  1. -1.]  to  [ 5.5  1.5 -1.5]
Slicing  [ 5.  1. -1.]  to  [ 5.5  1.5 -0.5]
Processing BZ [ 5  1 -1], path segments from L to W

48 symmetrically equivalent path segments
[[-0.5 -0.5 -0.5 -1.  -0.5  0. ]
 [-0.5 -0.5 -0.5 -1.   0.  -0.5]
 [-0.5 -0.5 -0.5 -0.5 -1.   0. ]
 [-0.5 -0.5 -0.5 -0.5  0.  -1. ]
 [-0.5 -0.5 -0.5  0.  -1.  -0.5]
 [-0.5 -0.5 -0.5  0.  -0.5 -1. ]
 [-0.5 -0.5  0.5 -1.  -0.5  0. ]
 [-0.5 -0.5  0.5 -1.   0.   0.5]
 [-0.5 -0.5  0.5 -0.5 -1.   0. ]
 [-0.5 -0.5  0.5 -0.5  0.   1. ]
 [-0.5 -0.5  0.5  0.  -1.   0.5]
 [-0.5 -0.5  0.5  0.  -0.5  1. ]
 [-0.5  0.5 -0.5 -1.   0.  -0.5]
 [-0.5  0.5 -0.5 -1.   0.5  0. ]
 [-0.5  0.5 -0.5 -0.5  0.  -1. ]
 [-0.5  0.5 -0.5 -0.5  1.   0. ]
 [-0.5  0.5 -0.5  0.   0.5 -1. ]
 [-0.5  0.5 -0.5  0.   1.  -0.5]
 [-0.5  0.5  0.5 -1.   0.   0.5]
 [-0.5  0.5  0.5 -1.   0.5  0. ]
 [-0.5  0.5  0.5 -0.5  0.   1. ]
 [-0.5  0.5  0.5 -0.5  1.   0. ]
 [-0.5  0.5  0.5  0.   0.5  1. ]
 [-0.5  0.5  0.5  0.   1.   0.5]
 [ 0.5 -0.5 -0.5  0.  -1.  -0.5]
 [ 0.5 -0.5 -0.5  0.  -0.5 -1. ]
 [ 0.5 -0.5 -0.5  0.5 -1.   0. ]
 [ 0.5 -0.5 -0.5  0.5  0.  -1. ]
 [ 0.5 -0.5 -0.5  1.  -0.5  0. ]
 [ 0.5 -0.5 -0.5  1.   0.  -0.5]
 [ 0.5 -0.5  0.5  0.  -1.   0.5]
 [ 0.5 -0.5  0.5  0.  -0.5  1. ]
 [ 0.5 -0.5  0.5  0.5 -1.   0. ]
 [ 0.5 -0.5  0.5  0.5  0.   1. ]
 [ 0.5 -0.5  0.5  1.  -0.5  0. ]
 [ 0.5 -0.5  0.5  1.   0.   0.5]
 [ 0.5  0.5 -0.5  0.   0.5 -1. ]
 [ 0.5  0.5 -0.5  0.   1.  -0.5]
 [ 0.5  0.5 -0.5  0.5  0.  -1. ]
 [ 0.5  0.5 -0.5  0.5  1.   0. ]
 [ 0.5  0.5 -0.5  1.   0.  -0.5]
 [ 0.5  0.5 -0.5  1.   0.5  0. ]
 [ 0.5  0.5  0.5  0.   0.5  1. ]
 [ 0.5  0.5  0.5  0.   1.   0.5]
 [ 0.5  0.5  0.5  0.5  0.   1. ]
 [ 0.5  0.5  0.5  0.5  1.   0. ]
 [ 0.5  0.5  0.5  1.   0.   0.5]
 [ 0.5  0.5  0.5  1.   0.5  0. ]]
Slicing  [ 4.5  0.5 -1.5]  to  [ 4.   0.5 -1. ]
Slicing  [ 4.5  0.5 -1.5]  to  [ 4.   1.  -1.5]
Slicing  [ 4.5  0.5 -1.5]  to  [ 4.5  0.  -1. ]
Slicing  [ 4.5  0.5 -1.5]  to  [ 4.5  1.  -2. ]
Slicing  [ 4.5  0.5 -1.5]  to  [ 5.   0.  -1.5]
Slicing  [ 4.5  0.5 -1.5]  to  [ 5.   0.5 -2. ]
Slicing  [ 4.5  0.5 -0.5]  to  [ 4.   0.5 -1. ]
Slicing  [ 4.5  0.5 -0.5]  to  [ 4.   1.  -0.5]
Slicing  [ 4.5  0.5 -0.5]  to  [ 4.5  0.  -1. ]
Slicing  [ 4.5  0.5 -0.5]  to  [4.5 1.  0. ]
Slicing  [ 4.5  0.5 -0.5]  to  [ 5.   0.  -0.5]
Slicing  [ 4.5  0.5 -0.5]  to  [5.  0.5 0. ]
Slicing  [ 4.5  1.5 -1.5]  to  [ 4.   1.  -1.5]
Slicing  [ 4.5  1.5 -1.5]  to  [ 4.   1.5 -1. ]
Slicing  [ 4.5  1.5 -1.5]  to  [ 4.5  1.  -2. ]
Slicing  [ 4.5  1.5 -1.5]  to  [ 4.5  2.  -1. ]
Slicing  [ 4.5  1.5 -1.5]  to  [ 5.   1.5 -2. ]
Slicing  [ 4.5  1.5 -1.5]  to  [ 5.   2.  -1.5]
Slicing  [ 4.5  1.5 -0.5]  to  [ 4.   1.  -0.5]
Slicing  [ 4.5  1.5 -0.5]  to  [ 4.   1.5 -1. ]
Slicing  [ 4.5  1.5 -0.5]  to  [4.5 1.  0. ]
Slicing  [ 4.5  1.5 -0.5]  to  [ 4.5  2.  -1. ]
Slicing  [ 4.5  1.5 -0.5]  to  [5.  1.5 0. ]
Slicing  [ 4.5  1.5 -0.5]  to  [ 5.   2.  -0.5]


Processed: 1538/2562 (60.03%) | Elapsed: 03:51:09 | BZ Folding estimated remaining time: 02:33:54


Slicing  [ 5.5  0.5 -1.5]  to  [ 5.   0.  -1.5]
Slicing  [ 5.5  0.5 -1.5]  to  [ 5.   0.5 -2. ]
Slicing  [ 5.5  0.5 -1.5]  to  [ 5.5  0.  -1. ]
Slicing  [ 5.5  0.5 -1.5]  to  [ 5.5  1.  -2. ]
Slicing  [ 5.5  0.5 -1.5]  to  [ 6.   0.5 -1. ]
Slicing  [ 5.5  0.5 -1.5]  to  [ 6.   1.  -1.5]
Slicing  [ 5.5  0.5 -0.5]  to  [ 5.   0.  -0.5]
Slicing  [ 5.5  0.5 -0.5]  to  [5.  0.5 0. ]
Slicing  [ 5.5  0.5 -0.5]  to  [ 5.5  0.  -1. ]
Slicing  [ 5.5  0.5 -0.5]  to  [5.5 1.  0. ]
Slicing  [ 5.5  0.5 -0.5]  to  [ 6.   0.5 -1. ]
Slicing  [ 5.5  0.5 -0.5]  to  [ 6.   1.  -0.5]
Slicing  [ 5.5  1.5 -1.5]  to  [ 5.   1.5 -2. ]
Slicing  [ 5.5  1.5 -1.5]  to  [ 5.   2.  -1.5]
Slicing  [ 5.5  1.5 -1.5]  to  [ 5.5  1.  -2. ]
Slicing  [ 5.5  1.5 -1.5]  to  [ 5.5  2.  -1. ]
Slicing  [ 5.5  1.5 -1.5]  to  [ 6.   1.  -1.5]
Slicing  [ 5.5  1.5 -1.5]  to  [ 6.   1.5 -1. ]
Slicing  [ 5.5  1.5 -0.5]  to  [5.  1.5 0. ]
Slicing  [ 5.5  1.5 -0.5]  to  [ 5.   2.  -0.5]
Slicing  [ 5.5  1.5 -0.5]  to  [5.5 1.  0. ]
Slicing  [ 5.5  1.5 -0.5]  to  [ 5.5  2.  -1. ]
Slicing  [ 5.5  1.5 -0.5]  to  [ 6.   1.  -0.5]
Slicing  [ 5.5  1.5 -0.5]  to  [ 6.   1.5 -1. ]
Processing BZ [ 5  1 -1], path segments from W to X

24 symmetrically equivalent path segments
[[-1.  -0.5  0.  -1.   0.   0. ]
 [-1.   0.  -0.5 -1.   0.   0. ]
 [-1.   0.   0.5 -1.   0.   0. ]
 [-1.   0.5  0.  -1.   0.   0. ]
 [-0.5 -1.   0.   0.  -1.   0. ]
 [-0.5  0.  -1.   0.   0.  -1. ]
 [-0.5  0.   1.   0.   0.   1. ]
 [-0.5  1.   0.   0.   1.   0. ]
 [ 0.  -1.  -0.5  0.  -1.   0. ]
 [ 0.  -1.   0.5  0.  -1.   0. ]
 [ 0.  -0.5 -1.   0.   0.  -1. ]
 [ 0.  -0.5  1.   0.   0.   1. ]
 [ 0.   0.5 -1.   0.   0.  -1. ]
 [ 0.   0.5  1.   0.   0.   1. ]
 [ 0.   1.  -0.5  0.   1.   0. ]
 [ 0.   1.   0.5  0.   1.   0. ]
 [ 0.5 -1.   0.   0.  -1.   0. ]
 [ 0.5  0.  -1.   0.   0.  -1. ]
 [ 0.5  0.   1.   0.   0.   1. ]
 [ 0.5  1.   0.   0.   1.   0. ]
 [ 1.  -0.5  0.   1.   0.   0. ]
 [ 1.   0.  -0.5  1.   0.   0. ]
 [ 1.   0.   0.5  1.   0.   0. ]
 [ 1.   0.5  0.   1.   0.   0. ]]
Slicing  [ 4.   0.5 -1. ]  to  [ 4.  1. -1.]
Slicing  [ 4.   1.  -1.5]  to  [ 4.  1. -1.]
Slicing  [ 4.   1.  -0.5]  to  [ 4.  1. -1.]
Slicing  [ 4.   1.5 -1. ]  to  [ 4.  1. -1.]
Slicing  [ 4.5  0.  -1. ]  to  [ 5.  0. -1.]
Slicing  [ 4.5  1.  -2. ]  to  [ 5.  1. -2.]
Slicing  [4.5 1.  0. ]  to  [5. 1. 0.]
Slicing  [ 4.5  2.  -1. ]  to  [ 5.  2. -1.]
Slicing  [ 5.   0.  -1.5]  to  [ 5.  0. -1.]
Slicing  [ 5.   0.  -0.5]  to  [ 5.  0. -1.]
Slicing  [ 5.   0.5 -2. ]  to  [ 5.  1. -2.]
Slicing  [5.  0.5 0. ]  to  [5. 1. 0.]
Slicing  [ 5.   1.5 -2. ]  to  [ 5.  1. -2.]
Slicing  [5.  1.5 0. ]  to  [5. 1. 0.]
Slicing  [ 5.   2.  -1.5]  to  [ 5.  2. -1.]
Slicing  [ 5.   2.  -0.5]  to  [ 5.  2. -1.]
Slicing  [ 5.5  0.  -1. ]  to  [ 5.  0. -1.]
Slicing  [ 5.5  1.  -2. ]  to  [ 5.  1. -2.]
Slicing  [5.5 1.  0. ]  to  [5. 1. 0.]
Slicing  [ 5.5  2.  -1. ]  to  [ 5.  2. -1.]
Slicing  [ 6.   0.5 -1. ]  to  [ 6.  1. -1.]
Slicing  [ 6.   1.  -1.5]  to  [ 6.  1. -1.]
Slicing  [ 6.   1.  -0.5]  to  [ 6.  1. -1.]
Slicing  [ 6.   1.5 -1. ]  to  [ 6.  1. -1.]

Generating Report for BZ [ 5  1 -1]

Combining all 12 BZ

BZ [ 5  1 -1] done. Total time elapsed 04:00:21
Processing BZ [ 1  5 -1], path segments from Gamma to X

6 symmetrically equivalent path segments
[[ 0.  0.  0. -1.  0.  0.]
 [ 0.  0.  0.  0. -1.  0.]
 [ 0.  0.  0.  0.  0. -1.]
 [ 0.  0.  0.  0.  0.  1.]
 [ 0.  0.  0.  0.  1.  0.]
 [ 0.  0.  0.  1.  0.  0.]]
Slicing  [ 1.  5. -1.]  to  [ 0.  5. -1.]
Slicing  [ 1.  5. -1.]  to  [ 1.  4. -1.]
Slicing  [ 1.  5. -1.]  to  [ 1.  5. -2.]


Processed: 1589/2562 (62.02%) | Elapsed: 03:59:21 | BZ Folding estimated remaining time: 02:26:33


Slicing  [ 1.  5. -1.]  to  [1. 5. 0.]
Slicing  [ 1.  5. -1.]  to  [ 1.  6. -1.]
Slicing  [ 1.  5. -1.]  to  [ 2.  5. -1.]
Processing BZ [ 1  5 -1], path segments from X to U

24 symmetrically equivalent path segments
[[-1.    0.    0.   -1.   -0.25 -0.25]
 [-1.    0.    0.   -1.   -0.25  0.25]
 [-1.    0.    0.   -1.    0.25 -0.25]
 [-1.    0.    0.   -1.    0.25  0.25]
 [ 0.   -1.    0.   -0.25 -1.   -0.25]
 [ 0.   -1.    0.   -0.25 -1.    0.25]
 [ 0.   -1.    0.    0.25 -1.   -0.25]
 [ 0.   -1.    0.    0.25 -1.    0.25]
 [ 0.    0.   -1.   -0.25 -0.25 -1.  ]
 [ 0.    0.   -1.   -0.25  0.25 -1.  ]
 [ 0.    0.   -1.    0.25 -0.25 -1.  ]
 [ 0.    0.   -1.    0.25  0.25 -1.  ]
 [ 0.    0.    1.   -0.25 -0.25  1.  ]
 [ 0.    0.    1.   -0.25  0.25  1.  ]
 [ 0.    0.    1.    0.25 -0.25  1.  ]
 [ 0.    0.    1.    0.25  0.25  1.  ]
 [ 0.    1.    0.   -0.25  1.   -0.25]
 [ 0.    1.    0.   -0.25  1.    0.25]
 [ 0.    1.    0.    0.25  1.   -0.25]
 [ 0.    1.    0.    0.25  1.    0.25]
 [ 1.    0.    0.    1.   -0.25 -0.25]
 [ 1.    0.    0.    1.   -0.25  0.25]
 [ 1.    0.    0.    1.    0.25 -0.25]
 [ 1.    0.    0.    1.    0.25  0.25]]
Slicing  [ 0.  5. -1.]  to  [ 0.    4.75 -1.25]
Slicing  [ 0.  5. -1.]  to  [ 0.    4.75 -0.75]
Slicing  [ 0.  5. -1.]  to  [ 0.    5.25 -1.25]
Slicing  [ 0.  5. -1.]  to  [ 0.    5.25 -0.75]
Slicing  [ 1.  4. -1.]  to  [ 0.75  4.   -1.25]
Slicing  [ 1.  4. -1.]  to  [ 0.75  4.   -0.75]
Slicing  [ 1.  4. -1.]  to  [ 1.25  4.   -1.25]
Slicing  [ 1.  4. -1.]  to  [ 1.25  4.   -0.75]
Slicing  [ 1.  5. -2.]  to  [ 0.75  4.75 -2.  ]
Slicing  [ 1.  5. -2.]  to  [ 0.75  5.25 -2.  ]
Slicing  [ 1.  5. -2.]  to  [ 1.25  4.75 -2.  ]
Slicing  [ 1.  5. -2.]  to  [ 1.25  5.25 -2.  ]
Slicing  [1. 5. 0.]  to  [0.75 4.75 0.  ]
Slicing  [1. 5. 0.]  to  [0.75 5.25 0.  ]
Slicing  [1. 5. 0.]  to  [1.25 4.75 0.  ]
Slicing  [1. 5. 0.]  to  [1.25 5.25 0.  ]
Slicing  [ 1.  6. -1.]  to  [ 0.75  6.   -1.25]
Slicing  [ 1.  6. -1.]  to  [ 0.75  6.   -0.75]
Slicing  [ 1.  6. -1.]  to  [ 1.25  6.   -1.25]
Slicing  [ 1.  6. -1.]  to  [ 1.25  6.   -0.75]
Slicing  [ 2.  5. -1.]  to  [ 2.    4.75 -1.25]
Slicing  [ 2.  5. -1.]  to  [ 2.    4.75 -0.75]
Slicing  [ 2.  5. -1.]  to  [ 2.    5.25 -1.25]
Slicing  [ 2.  5. -1.]  to  [ 2.    5.25 -0.75]
Processing BZ [ 1  5 -1], path segments from K to Gamma

12 symmetrically equivalent path segments
[[-0.75 -0.75  0.    0.    0.    0.  ]
 [-0.75  0.   -0.75  0.    0.    0.  ]
 [-0.75  0.    0.75  0.    0.    0.  ]
 [-0.75  0.75  0.    0.    0.    0.  ]
 [ 0.   -0.75 -0.75  0.    0.    0.  ]
 [ 0.   -0.75  0.75  0.    0.    0.  ]
 [ 0.    0.75 -0.75  0.    0.    0.  ]
 [ 0.    0.75  0.75  0.    0.    0.  ]
 [ 0.75 -0.75  0.    0.    0.    0.  ]
 [ 0.75  0.   -0.75  0.    0.    0.  ]
 [ 0.75  0.    0.75  0.    0.    0.  ]
 [ 0.75  0.75  0.    0.    0.    0.  ]]
Slicing  [ 0.25  4.25 -1.  ]  to  [ 1.  5. -1.]
Slicing  [ 0.25  5.   -1.75]  to  [ 1.  5. -1.]
Slicing  [ 0.25  5.   -0.25]  to  [ 1.  5. -1.]
Slicing  [ 0.25  5.75 -1.  ]  to  [ 1.  5. -1.]
Slicing  [ 1.    4.25 -1.75]  to  [ 1.  5. -1.]
Slicing  [ 1.    4.25 -0.25]  to  [ 1.  5. -1.]
Slicing  [ 1.    5.75 -1.75]  to  [ 1.  5. -1.]
Slicing  [ 1.    5.75 -0.25]  to  [ 1.  5. -1.]
Slicing  [ 1.75  4.25 -1.  ]  to  [ 1.  5. -1.]
Slicing  [ 1.75  5.   -1.75]  to  [ 1.  5. -1.]
Slicing  [ 1.75  5.   -0.25]  to  [ 1.  5. -1.]
Slicing  [ 1.75  5.75 -1.  ]  to  [ 1.  5. -1.]
Processing BZ [ 1  5 -1], path segments from Gamma to L

8 symmetrically equivalent path segments
[[ 0.   0.   0.  -0.5 -0.5 -0.5]
 [ 0.   0.   0.  -0.5 -0.5  0.5]
 [ 0.   0.   0.  -0.5  0.5 -0.5]
 [ 0.   0.   0.  -0.5  0.5  0.5]
 [ 0.   0.   0.   0.5 -0.5 -0.5]
 [ 0.   0.   0.   0.5 -0.5  0.5]
 [ 0.   0.   0.   0.5  0.5 -0.5]
 [ 0.   0.   0.   0.5  0.5  0.5]]
Slicing  [ 1.  5. -1.]  to  [ 0.5  4.5 -1.5]
Slicing  [ 1.  5. -1.]  to  [ 0.5  4.5 -0.5]
Slicing  [ 1.  5. -1.]  to  [ 0.5  5.5 -1.5]
Slicing  [ 1.  5. -1.]  to  [ 0.5  5.5 -0.5]
Slicing  [ 1.  5. -1.]  to  [ 1.5  4.5 -1.5]
Slicing  [ 1.  5. -1.]  to  [ 1.5  4.5 -0.5]
Slicing  [ 1.  5. -1.]  to  [ 1.5  5.5 -1.5]
Slicing  [ 1.  5. -1.]  to  [ 1.5  5.5 -0.5]
Processing BZ [ 1  5 -1], path segments from L to W

48 symmetrically equivalent path segments
[[-0.5 -0.5 -0.5 -1.  -0.5  0. ]
 [-0.5 -0.5 -0.5 -1.   0.  -0.5]
 [-0.5 -0.5 -0.5 -0.5 -1.   0. ]
 [-0.5 -0.5 -0.5 -0.5  0.  -1. ]
 [-0.5 -0.5 -0.5  0.  -1.  -0.5]
 [-0.5 -0.5 -0.5  0.  -0.5 -1. ]
 [-0.5 -0.5  0.5 -1.  -0.5  0. ]
 [-0.5 -0.5  0.5 -1.   0.   0.5]
 [-0.5 -0.5  0.5 -0.5 -1.   0. ]
 [-0.5 -0.5  0.5 -0.5  0.   1. ]
 [-0.5 -0.5  0.5  0.  -1.   0.5]
 [-0.5 -0.5  0.5  0.  -0.5  1. ]
 [-0.5  0.5 -0.5 -1.   0.  -0.5]
 [-0.5  0.5 -0.5 -1.   0.5  0. ]
 [-0.5  0.5 -0.5 -0.5  0.  -1. ]
 [-0.5  0.5 -0.5 -0.5  1.   0. ]
 [-0.5  0.5 -0.5  0.   0.5 -1. ]
 [-0.5  0.5 -0.5  0.   1.  -0.5]
 [-0.5  0.5  0.5 -1.   0.   0.5]
 [-0.5  0.5  0.5 -1.   0.5  0. ]
 [-0.5  0.5  0.5 -0.5  0.   1. ]
 [-0.5  0.5  0.5 -0.5  1.   0. ]
 [-0.5  0.5  0.5  0.   0.5  1. ]
 [-0.5  0.5  0.5  0.   1.   0.5]
 [ 0.5 -0.5 -0.5  0.  -1.  -0.5]
 [ 0.5 -0.5 -0.5  0.  -0.5 -1. ]
 [ 0.5 -0.5 -0.5  0.5 -1.   0. ]
 [ 0.5 -0.5 -0.5  0.5  0.  -1. ]
 [ 0.5 -0.5 -0.5  1.  -0.5  0. ]
 [ 0.5 -0.5 -0.5  1.   0.  -0.5]
 [ 0.5 -0.5  0.5  0.  -1.   0.5]
 [ 0.5 -0.5  0.5  0.  -0.5  1. ]
 [ 0.5 -0.5  0.5  0.5 -1.   0. ]
 [ 0.5 -0.5  0.5  0.5  0.   1. ]
 [ 0.5 -0.5  0.5  1.  -0.5  0. ]
 [ 0.5 -0.5  0.5  1.   0.   0.5]
 [ 0.5  0.5 -0.5  0.   0.5 -1. ]
 [ 0.5  0.5 -0.5  0.   1.  -0.5]
 [ 0.5  0.5 -0.5  0.5  0.  -1. ]
 [ 0.5  0.5 -0.5  0.5  1.   0. ]
 [ 0.5  0.5 -0.5  1.   0.  -0.5]
 [ 0.5  0.5 -0.5  1.   0.5  0. ]
 [ 0.5  0.5  0.5  0.   0.5  1. ]
 [ 0.5  0.5  0.5  0.   1.   0.5]
 [ 0.5  0.5  0.5  0.5  0.   1. ]
 [ 0.5  0.5  0.5  0.5  1.   0. ]
 [ 0.5  0.5  0.5  1.   0.   0.5]
 [ 0.5  0.5  0.5  1.   0.5  0. ]]
Slicing  [ 0.5  4.5 -1.5]  to  [ 0.   4.5 -1. ]
Slicing  [ 0.5  4.5 -1.5]  to  [ 0.   5.  -1.5]
Slicing  [ 0.5  4.5 -1.5]  to  [ 0.5  4.  -1. ]
Slicing  [ 0.5  4.5 -1.5]  to  [ 0.5  5.  -2. ]


Processed: 1640/2562 (64.01%) | Elapsed: 04:07:00 | BZ Folding estimated remaining time: 02:18:51


Slicing  [ 0.5  4.5 -1.5]  to  [ 1.   4.  -1.5]
Slicing  [ 0.5  4.5 -1.5]  to  [ 1.   4.5 -2. ]
Slicing  [ 0.5  4.5 -0.5]  to  [ 0.   4.5 -1. ]
Slicing  [ 0.5  4.5 -0.5]  to  [ 0.   5.  -0.5]
Slicing  [ 0.5  4.5 -0.5]  to  [ 0.5  4.  -1. ]
Slicing  [ 0.5  4.5 -0.5]  to  [0.5 5.  0. ]
Slicing  [ 0.5  4.5 -0.5]  to  [ 1.   4.  -0.5]
Slicing  [ 0.5  4.5 -0.5]  to  [1.  4.5 0. ]
Slicing  [ 0.5  5.5 -1.5]  to  [ 0.   5.  -1.5]
Slicing  [ 0.5  5.5 -1.5]  to  [ 0.   5.5 -1. ]
Slicing  [ 0.5  5.5 -1.5]  to  [ 0.5  5.  -2. ]
Slicing  [ 0.5  5.5 -1.5]  to  [ 0.5  6.  -1. ]
Slicing  [ 0.5  5.5 -1.5]  to  [ 1.   5.5 -2. ]
Slicing  [ 0.5  5.5 -1.5]  to  [ 1.   6.  -1.5]
Slicing  [ 0.5  5.5 -0.5]  to  [ 0.   5.  -0.5]
Slicing  [ 0.5  5.5 -0.5]  to  [ 0.   5.5 -1. ]
Slicing  [ 0.5  5.5 -0.5]  to  [0.5 5.  0. ]
Slicing  [ 0.5  5.5 -0.5]  to  [ 0.5  6.  -1. ]
Slicing  [ 0.5  5.5 -0.5]  to  [1.  5.5 0. ]
Slicing  [ 0.5  5.5 -0.5]  to  [ 1.   6.  -0.5]
Slicing  [ 1.5  4.5 -1.5]  to  [ 1.   4.  -1.5]
Slicing  [ 1.5  4.5 -1.5]  to  [ 1.   4.5 -2. ]
Slicing  [ 1.5  4.5 -1.5]  to  [ 1.5  4.  -1. ]
Slicing  [ 1.5  4.5 -1.5]  to  [ 1.5  5.  -2. ]
Slicing  [ 1.5  4.5 -1.5]  to  [ 2.   4.5 -1. ]
Slicing  [ 1.5  4.5 -1.5]  to  [ 2.   5.  -1.5]
Slicing  [ 1.5  4.5 -0.5]  to  [ 1.   4.  -0.5]
Slicing  [ 1.5  4.5 -0.5]  to  [1.  4.5 0. ]
Slicing  [ 1.5  4.5 -0.5]  to  [ 1.5  4.  -1. ]
Slicing  [ 1.5  4.5 -0.5]  to  [1.5 5.  0. ]
Slicing  [ 1.5  4.5 -0.5]  to  [ 2.   4.5 -1. ]
Slicing  [ 1.5  4.5 -0.5]  to  [ 2.   5.  -0.5]
Slicing  [ 1.5  5.5 -1.5]  to  [ 1.   5.5 -2. ]
Slicing  [ 1.5  5.5 -1.5]  to  [ 1.   6.  -1.5]
Slicing  [ 1.5  5.5 -1.5]  to  [ 1.5  5.  -2. ]
Slicing  [ 1.5  5.5 -1.5]  to  [ 1.5  6.  -1. ]
Slicing  [ 1.5  5.5 -1.5]  to  [ 2.   5.  -1.5]
Slicing  [ 1.5  5.5 -1.5]  to  [ 2.   5.5 -1. ]
Slicing  [ 1.5  5.5 -0.5]  to  [1.  5.5 0. ]
Slicing  [ 1.5  5.5 -0.5]  to  [ 1.   6.  -0.5]
Slicing  [ 1.5  5.5 -0.5]  to  [1.5 5.  0. ]
Slicing  [ 1.5  5.5 -0.5]  to  [ 1.5  6.  -1. ]
Slicing  [ 1.5  5.5 -0.5]  to  [ 2.   5.  -0.5]
Slicing  [ 1.5  5.5 -0.5]  to  [ 2.   5.5 -1. ]
Processing BZ [ 1  5 -1], path segments from W to X

24 symmetrically equivalent path segments
[[-1.  -0.5  0.  -1.   0.   0. ]
 [-1.   0.  -0.5 -1.   0.   0. ]
 [-1.   0.   0.5 -1.   0.   0. ]
 [-1.   0.5  0.  -1.   0.   0. ]
 [-0.5 -1.   0.   0.  -1.   0. ]
 [-0.5  0.  -1.   0.   0.  -1. ]
 [-0.5  0.   1.   0.   0.   1. ]
 [-0.5  1.   0.   0.   1.   0. ]
 [ 0.  -1.  -0.5  0.  -1.   0. ]
 [ 0.  -1.   0.5  0.  -1.   0. ]
 [ 0.  -0.5 -1.   0.   0.  -1. ]
 [ 0.  -0.5  1.   0.   0.   1. ]
 [ 0.   0.5 -1.   0.   0.  -1. ]
 [ 0.   0.5  1.   0.   0.   1. ]
 [ 0.   1.  -0.5  0.   1.   0. ]
 [ 0.   1.   0.5  0.   1.   0. ]
 [ 0.5 -1.   0.   0.  -1.   0. ]
 [ 0.5  0.  -1.   0.   0.  -1. ]
 [ 0.5  0.   1.   0.   0.   1. ]
 [ 0.5  1.   0.   0.   1.   0. ]
 [ 1.  -0.5  0.   1.   0.   0. ]
 [ 1.   0.  -0.5  1.   0.   0. ]
 [ 1.   0.   0.5  1.   0.   0. ]
 [ 1.   0.5  0.   1.   0.   0. ]]
Slicing  [ 0.   4.5 -1. ]  to  [ 0.  5. -1.]
Slicing  [ 0.   5.  -1.5]  to  [ 0.  5. -1.]
Slicing  [ 0.   5.  -0.5]  to  [ 0.  5. -1.]
Slicing  [ 0.   5.5 -1. ]  to  [ 0.  5. -1.]
Slicing  [ 0.5  4.  -1. ]  to  [ 1.  4. -1.]
Slicing  [ 0.5  5.  -2. ]  to  [ 1.  5. -2.]
Slicing  [0.5 5.  0. ]  to  [1. 5. 0.]


Processed: 1691/2562 (66.00%) | Elapsed: 04:14:33 | BZ Folding estimated remaining time: 02:11:06


Slicing  [ 0.5  6.  -1. ]  to  [ 1.  6. -1.]
Slicing  [ 1.   4.  -1.5]  to  [ 1.  4. -1.]
Slicing  [ 1.   4.  -0.5]  to  [ 1.  4. -1.]
Slicing  [ 1.   4.5 -2. ]  to  [ 1.  5. -2.]
Slicing  [1.  4.5 0. ]  to  [1. 5. 0.]
Slicing  [ 1.   5.5 -2. ]  to  [ 1.  5. -2.]
Slicing  [1.  5.5 0. ]  to  [1. 5. 0.]
Slicing  [ 1.   6.  -1.5]  to  [ 1.  6. -1.]
Slicing  [ 1.   6.  -0.5]  to  [ 1.  6. -1.]
Slicing  [ 1.5  4.  -1. ]  to  [ 1.  4. -1.]
Slicing  [ 1.5  5.  -2. ]  to  [ 1.  5. -2.]
Slicing  [1.5 5.  0. ]  to  [1. 5. 0.]
Slicing  [ 1.5  6.  -1. ]  to  [ 1.  6. -1.]
Slicing  [ 2.   4.5 -1. ]  to  [ 2.  5. -1.]
Slicing  [ 2.   5.  -1.5]  to  [ 2.  5. -1.]
Slicing  [ 2.   5.  -0.5]  to  [ 2.  5. -1.]
Slicing  [ 2.   5.5 -1. ]  to  [ 2.  5. -1.]

Generating Report for BZ [ 1  5 -1]

Combining all 13 BZ

BZ [ 1  5 -1] done. Total time elapsed 04:19:00
Processing BZ [ 3 -1 -1], path segments from Gamma to X

6 symmetrically equivalent path segments
[[ 0.  0.  0. -1.  0.  0.]
 [ 0.  0.  0.  0. -1.  0.]
 [ 0.  0.  0.  0.  0. -1.]
 [ 0.  0.  0.  0.  0.  1.]
 [ 0.  0.  0.  0.  1.  0.]
 [ 0.  0.  0.  1.  0.  0.]]
Slicing  [ 3. -1. -1.]  to  [ 2. -1. -1.]
Slicing  [ 3. -1. -1.]  to  [ 3. -2. -1.]
Slicing  [ 3. -1. -1.]  to  [ 3. -1. -2.]
Slicing  [ 3. -1. -1.]  to  [ 3. -1.  0.]
Slicing  [ 3. -1. -1.]  to  [ 3.  0. -1.]
Slicing  [ 3. -1. -1.]  to  [ 4. -1. -1.]
Processing BZ [ 3 -1 -1], path segments from X to U

24 symmetrically equivalent path segments
[[-1.    0.    0.   -1.   -0.25 -0.25]
 [-1.    0.    0.   -1.   -0.25  0.25]
 [-1.    0.    0.   -1.    0.25 -0.25]
 [-1.    0.    0.   -1.    0.25  0.25]
 [ 0.   -1.    0.   -0.25 -1.   -0.25]
 [ 0.   -1.    0.   -0.25 -1.    0.25]
 [ 0.   -1.    0.    0.25 -1.   -0.25]
 [ 0.   -1.    0.    0.25 -1.    0.25]
 [ 0.    0.   -1.   -0.25 -0.25 -1.  ]
 [ 0.    0.   -1.   -0.25  0.25 -1.  ]
 [ 0.    0.   -1.    0.25 -0.25 -1.  ]
 [ 0.    0.   -1.    0.25  0.25 -1.  ]
 [ 0.    0.    1.   -0.25 -0.25  1.  ]
 [ 0.    0.    1.   -0.25  0.25  1.  ]
 [ 0.    0.    1.    0.25 -0.25  1.  ]
 [ 0.    0.    1.    0.25  0.25  1.  ]
 [ 0.    1.    0.   -0.25  1.   -0.25]
 [ 0.    1.    0.   -0.25  1.    0.25]
 [ 0.    1.    0.    0.25  1.   -0.25]
 [ 0.    1.    0.    0.25  1.    0.25]
 [ 1.    0.    0.    1.   -0.25 -0.25]
 [ 1.    0.    0.    1.   -0.25  0.25]
 [ 1.    0.    0.    1.    0.25 -0.25]
 [ 1.    0.    0.    1.    0.25  0.25]]
Slicing  [ 2. -1. -1.]  to  [ 2.   -1.25 -1.25]
Slicing  [ 2. -1. -1.]  to  [ 2.   -1.25 -0.75]
Slicing  [ 2. -1. -1.]  to  [ 2.   -0.75 -1.25]
Slicing  [ 2. -1. -1.]  to  [ 2.   -0.75 -0.75]
Slicing  [ 3. -2. -1.]  to  [ 2.75 -2.   -1.25]
Slicing  [ 3. -2. -1.]  to  [ 2.75 -2.   -0.75]
Slicing  [ 3. -2. -1.]  to  [ 3.25 -2.   -1.25]
Slicing  [ 3. -2. -1.]  to  [ 3.25 -2.   -0.75]
Slicing  [ 3. -1. -2.]  to  [ 2.75 -1.25 -2.  ]
Slicing  [ 3. -1. -2.]  to  [ 2.75 -0.75 -2.  ]
Slicing  [ 3. -1. -2.]  to  [ 3.25 -1.25 -2.  ]
Slicing  [ 3. -1. -2.]  to  [ 3.25 -0.75 -2.  ]
Slicing  [ 3. -1.  0.]  to  [ 2.75 -1.25  0.  ]
Slicing  [ 3. -1.  0.]  to  [ 2.75 -0.75  0.  ]
Slicing  [ 3. -1.  0.]  to  [ 3.25 -1.25  0.  ]
Slicing  [ 3. -1.  0.]  to  [ 3.25 -0.75  0.  ]
Slicing  [ 3.  0. -1.]  to  [ 2.75  0.   -1.25]
Slicing  [ 3.  0. -1.]  to  [ 2.75  0.   -0.75]
Slicing  [ 3.  0. -1.]  to  [ 3.25  0.   -1.25]
Slicing  [ 3.  0. -1.]  to  [ 3.25  0.   -0.75]
Slicing  [ 4. -1. -1.]  to  [ 4.   -1.25 -1.25]
Slicing  [ 4. -1. -1.]  to  [ 4.   -1.25 -0.75]
Slicing  [ 4. -1. -1.]  to  [ 4.   -0.75 -1.25]
Slicing  [ 4. -1. -1.]  to  [ 4.   -0.75 -0.75]
Processing BZ [ 3 -1 -1], path segments from K to Gamma

12 symmetrically equivalent path segments
[[-0.75 -0.75  0.    0.    0.    0.  ]
 [-0.75  0.   -0.75  0.    0.    0.  ]
 [-0.75  0.    0.75  0.    0.    0.  ]
 [-0.75  0.75  0.    0.    0.    0.  ]
 [ 0.   -0.75 -0.75  0.    0.    0.  ]
 [ 0.   -0.75  0.75  0.    0.    0.  ]
 [ 0.    0.75 -0.75  0.    0.    0.  ]
 [ 0.    0.75  0.75  0.    0.    0.  ]
 [ 0.75 -0.75  0.    0.    0.    0.  ]
 [ 0.75  0.   -0.75  0.    0.    0.  ]
 [ 0.75  0.    0.75  0.    0.    0.  ]
 [ 0.75  0.75  0.    0.    0.    0.  ]]
Slicing  [ 2.25 -1.75 -1.  ]  to  [ 3. -1. -1.]
Slicing  [ 2.25 -1.   -1.75]  to  [ 3. -1. -1.]
Slicing  [ 2.25 -1.   -0.25]  to  [ 3. -1. -1.]
Slicing  [ 2.25 -0.25 -1.  ]  to  [ 3. -1. -1.]
Slicing  [ 3.   -1.75 -1.75]  to  [ 3. -1. -1.]


Processed: 1743/2562 (68.03%) | Elapsed: 04:22:31 | BZ Folding estimated remaining time: 02:03:21


Slicing  [ 3.   -1.75 -0.25]  to  [ 3. -1. -1.]
Slicing  [ 3.   -0.25 -1.75]  to  [ 3. -1. -1.]
Slicing  [ 3.   -0.25 -0.25]  to  [ 3. -1. -1.]
Slicing  [ 3.75 -1.75 -1.  ]  to  [ 3. -1. -1.]
Slicing  [ 3.75 -1.   -1.75]  to  [ 3. -1. -1.]
Slicing  [ 3.75 -1.   -0.25]  to  [ 3. -1. -1.]
Slicing  [ 3.75 -0.25 -1.  ]  to  [ 3. -1. -1.]
Processing BZ [ 3 -1 -1], path segments from Gamma to L

8 symmetrically equivalent path segments
[[ 0.   0.   0.  -0.5 -0.5 -0.5]
 [ 0.   0.   0.  -0.5 -0.5  0.5]
 [ 0.   0.   0.  -0.5  0.5 -0.5]
 [ 0.   0.   0.  -0.5  0.5  0.5]
 [ 0.   0.   0.   0.5 -0.5 -0.5]
 [ 0.   0.   0.   0.5 -0.5  0.5]
 [ 0.   0.   0.   0.5  0.5 -0.5]
 [ 0.   0.   0.   0.5  0.5  0.5]]
Slicing  [ 3. -1. -1.]  to  [ 2.5 -1.5 -1.5]
Slicing  [ 3. -1. -1.]  to  [ 2.5 -1.5 -0.5]
Slicing  [ 3. -1. -1.]  to  [ 2.5 -0.5 -1.5]
Slicing  [ 3. -1. -1.]  to  [ 2.5 -0.5 -0.5]
Slicing  [ 3. -1. -1.]  to  [ 3.5 -1.5 -1.5]
Slicing  [ 3. -1. -1.]  to  [ 3.5 -1.5 -0.5]
Slicing  [ 3. -1. -1.]  to  [ 3.5 -0.5 -1.5]
Slicing  [ 3. -1. -1.]  to  [ 3.5 -0.5 -0.5]
Processing BZ [ 3 -1 -1], path segments from L to W

48 symmetrically equivalent path segments
[[-0.5 -0.5 -0.5 -1.  -0.5  0. ]
 [-0.5 -0.5 -0.5 -1.   0.  -0.5]
 [-0.5 -0.5 -0.5 -0.5 -1.   0. ]
 [-0.5 -0.5 -0.5 -0.5  0.  -1. ]
 [-0.5 -0.5 -0.5  0.  -1.  -0.5]
 [-0.5 -0.5 -0.5  0.  -0.5 -1. ]
 [-0.5 -0.5  0.5 -1.  -0.5  0. ]
 [-0.5 -0.5  0.5 -1.   0.   0.5]
 [-0.5 -0.5  0.5 -0.5 -1.   0. ]
 [-0.5 -0.5  0.5 -0.5  0.   1. ]
 [-0.5 -0.5  0.5  0.  -1.   0.5]
 [-0.5 -0.5  0.5  0.  -0.5  1. ]
 [-0.5  0.5 -0.5 -1.   0.  -0.5]
 [-0.5  0.5 -0.5 -1.   0.5  0. ]
 [-0.5  0.5 -0.5 -0.5  0.  -1. ]
 [-0.5  0.5 -0.5 -0.5  1.   0. ]
 [-0.5  0.5 -0.5  0.   0.5 -1. ]
 [-0.5  0.5 -0.5  0.   1.  -0.5]
 [-0.5  0.5  0.5 -1.   0.   0.5]
 [-0.5  0.5  0.5 -1.   0.5  0. ]
 [-0.5  0.5  0.5 -0.5  0.   1. ]
 [-0.5  0.5  0.5 -0.5  1.   0. ]
 [-0.5  0.5  0.5  0.   0.5  1. ]
 [-0.5  0.5  0.5  0.   1.   0.5]
 [ 0.5 -0.5 -0.5  0.  -1.  -0.5]
 [ 0.5 -0.5 -0.5  0.  -0.5 -1. ]
 [ 0.5 -0.5 -0.5  0.5 -1.   0. ]
 [ 0.5 -0.5 -0.5  0.5  0.  -1. ]
 [ 0.5 -0.5 -0.5  1.  -0.5  0. ]
 [ 0.5 -0.5 -0.5  1.   0.  -0.5]
 [ 0.5 -0.5  0.5  0.  -1.   0.5]
 [ 0.5 -0.5  0.5  0.  -0.5  1. ]
 [ 0.5 -0.5  0.5  0.5 -1.   0. ]
 [ 0.5 -0.5  0.5  0.5  0.   1. ]
 [ 0.5 -0.5  0.5  1.  -0.5  0. ]
 [ 0.5 -0.5  0.5  1.   0.   0.5]
 [ 0.5  0.5 -0.5  0.   0.5 -1. ]
 [ 0.5  0.5 -0.5  0.   1.  -0.5]
 [ 0.5  0.5 -0.5  0.5  0.  -1. ]
 [ 0.5  0.5 -0.5  0.5  1.   0. ]
 [ 0.5  0.5 -0.5  1.   0.  -0.5]
 [ 0.5  0.5 -0.5  1.   0.5  0. ]
 [ 0.5  0.5  0.5  0.   0.5  1. ]
 [ 0.5  0.5  0.5  0.   1.   0.5]
 [ 0.5  0.5  0.5  0.5  0.   1. ]
 [ 0.5  0.5  0.5  0.5  1.   0. ]
 [ 0.5  0.5  0.5  1.   0.   0.5]
 [ 0.5  0.5  0.5  1.   0.5  0. ]]
Slicing  [ 2.5 -1.5 -1.5]  to  [ 2.  -1.5 -1. ]
Slicing  [ 2.5 -1.5 -1.5]  to  [ 2.  -1.  -1.5]
Slicing  [ 2.5 -1.5 -1.5]  to  [ 2.5 -2.  -1. ]
Slicing  [ 2.5 -1.5 -1.5]  to  [ 2.5 -1.  -2. ]
Slicing  [ 2.5 -1.5 -1.5]  to  [ 3.  -2.  -1.5]
Slicing  [ 2.5 -1.5 -1.5]  to  [ 3.  -1.5 -2. ]
Slicing  [ 2.5 -1.5 -0.5]  to  [ 2.  -1.5 -1. ]
Slicing  [ 2.5 -1.5 -0.5]  to  [ 2.  -1.  -0.5]
Slicing  [ 2.5 -1.5 -0.5]  to  [ 2.5 -2.  -1. ]
Slicing  [ 2.5 -1.5 -0.5]  to  [ 2.5 -1.   0. ]
Slicing  [ 2.5 -1.5 -0.5]  to  [ 3.  -2.  -0.5]
Slicing  [ 2.5 -1.5 -0.5]  to  [ 3.  -1.5  0. ]
Slicing  [ 2.5 -0.5 -1.5]  to  [ 2.  -1.  -1.5]
Slicing  [ 2.5 -0.5 -1.5]  to  [ 2.  -0.5 -1. ]
Slicing  [ 2.5 -0.5 -1.5]  to  [ 2.5 -1.  -2. ]
Slicing  [ 2.5 -0.5 -1.5]  to  [ 2.5  0.  -1. ]
Slicing  [ 2.5 -0.5 -1.5]  to  [ 3.  -0.5 -2. ]
Slicing  [ 2.5 -0.5 -1.5]  to  [ 3.   0.  -1.5]
Slicing  [ 2.5 -0.5 -0.5]  to  [ 2.  -1.  -0.5]
Slicing  [ 2.5 -0.5 -0.5]  to  [ 2.  -0.5 -1. ]
Slicing  [ 2.5 -0.5 -0.5]  to  [ 2.5 -1.   0. ]
Slicing  [ 2.5 -0.5 -0.5]  to  [ 2.5  0.  -1. ]
Slicing  [ 2.5 -0.5 -0.5]  to  [ 3.  -0.5  0. ]
Slicing  [ 2.5 -0.5 -0.5]  to  [ 3.   0.  -0.5]
Slicing  [ 3.5 -1.5 -1.5]  to  [ 3.  -2.  -1.5]
Slicing  [ 3.5 -1.5 -1.5]  to  [ 3.  -1.5 -2. ]
Slicing  [ 3.5 -1.5 -1.5]  to  [ 3.5 -2.  -1. ]
Slicing  [ 3.5 -1.5 -1.5]  to  [ 3.5 -1.  -2. ]
Slicing  [ 3.5 -1.5 -1.5]  to  [ 4.  -1.5 -1. ]
Slicing  [ 3.5 -1.5 -1.5]  to  [ 4.  -1.  -1.5]
Slicing  [ 3.5 -1.5 -0.5]  to  [ 3.  -2.  -0.5]
Slicing  [ 3.5 -1.5 -0.5]  to  [ 3.  -1.5  0. ]
Slicing  [ 3.5 -1.5 -0.5]  to  [ 3.5 -2.  -1. ]
Slicing  [ 3.5 -1.5 -0.5]  to  [ 3.5 -1.   0. ]
Slicing  [ 3.5 -1.5 -0.5]  to  [ 4.  -1.5 -1. ]
Slicing  [ 3.5 -1.5 -0.5]  to  [ 4.  -1.  -0.5]


Processed: 1794/2562 (70.02%) | Elapsed: 04:30:12 | BZ Folding estimated remaining time: 01:55:40


Slicing  [ 3.5 -0.5 -1.5]  to  [ 3.  -0.5 -2. ]
Slicing  [ 3.5 -0.5 -1.5]  to  [ 3.   0.  -1.5]
Slicing  [ 3.5 -0.5 -1.5]  to  [ 3.5 -1.  -2. ]
Slicing  [ 3.5 -0.5 -1.5]  to  [ 3.5  0.  -1. ]
Slicing  [ 3.5 -0.5 -1.5]  to  [ 4.  -1.  -1.5]
Slicing  [ 3.5 -0.5 -1.5]  to  [ 4.  -0.5 -1. ]
Slicing  [ 3.5 -0.5 -0.5]  to  [ 3.  -0.5  0. ]
Slicing  [ 3.5 -0.5 -0.5]  to  [ 3.   0.  -0.5]
Slicing  [ 3.5 -0.5 -0.5]  to  [ 3.5 -1.   0. ]
Slicing  [ 3.5 -0.5 -0.5]  to  [ 3.5  0.  -1. ]
Slicing  [ 3.5 -0.5 -0.5]  to  [ 4.  -1.  -0.5]
Slicing  [ 3.5 -0.5 -0.5]  to  [ 4.  -0.5 -1. ]
Processing BZ [ 3 -1 -1], path segments from W to X

24 symmetrically equivalent path segments
[[-1.  -0.5  0.  -1.   0.   0. ]
 [-1.   0.  -0.5 -1.   0.   0. ]
 [-1.   0.   0.5 -1.   0.   0. ]
 [-1.   0.5  0.  -1.   0.   0. ]
 [-0.5 -1.   0.   0.  -1.   0. ]
 [-0.5  0.  -1.   0.   0.  -1. ]
 [-0.5  0.   1.   0.   0.   1. ]
 [-0.5  1.   0.   0.   1.   0. ]
 [ 0.  -1.  -0.5  0.  -1.   0. ]
 [ 0.  -1.   0.5  0.  -1.   0. ]
 [ 0.  -0.5 -1.   0.   0.  -1. ]
 [ 0.  -0.5  1.   0.   0.   1. ]
 [ 0.   0.5 -1.   0.   0.  -1. ]
 [ 0.   0.5  1.   0.   0.   1. ]
 [ 0.   1.  -0.5  0.   1.   0. ]
 [ 0.   1.   0.5  0.   1.   0. ]
 [ 0.5 -1.   0.   0.  -1.   0. ]
 [ 0.5  0.  -1.   0.   0.  -1. ]
 [ 0.5  0.   1.   0.   0.   1. ]
 [ 0.5  1.   0.   0.   1.   0. ]
 [ 1.  -0.5  0.   1.   0.   0. ]
 [ 1.   0.  -0.5  1.   0.   0. ]
 [ 1.   0.   0.5  1.   0.   0. ]
 [ 1.   0.5  0.   1.   0.   0. ]]
Slicing  [ 2.  -1.5 -1. ]  to  [ 2. -1. -1.]
Slicing  [ 2.  -1.  -1.5]  to  [ 2. -1. -1.]
Slicing  [ 2.  -1.  -0.5]  to  [ 2. -1. -1.]
Slicing  [ 2.  -0.5 -1. ]  to  [ 2. -1. -1.]
Slicing  [ 2.5 -2.  -1. ]  to  [ 3. -2. -1.]
Slicing  [ 2.5 -1.  -2. ]  to  [ 3. -1. -2.]
Slicing  [ 2.5 -1.   0. ]  to  [ 3. -1.  0.]
Slicing  [ 2.5  0.  -1. ]  to  [ 3.  0. -1.]
Slicing  [ 3.  -2.  -1.5]  to  [ 3. -2. -1.]
Slicing  [ 3.  -2.  -0.5]  to  [ 3. -2. -1.]
Slicing  [ 3.  -1.5 -2. ]  to  [ 3. -1. -2.]
Slicing  [ 3.  -1.5  0. ]  to  [ 3. -1.  0.]
Slicing  [ 3.  -0.5 -2. ]  to  [ 3. -1. -2.]
Slicing  [ 3.  -0.5  0. ]  to  [ 3. -1.  0.]
Slicing  [ 3.   0.  -1.5]  to  [ 3.  0. -1.]
Slicing  [ 3.   0.  -0.5]  to  [ 3.  0. -1.]
Slicing  [ 3.5 -2.  -1. ]  to  [ 3. -2. -1.]
Slicing  [ 3.5 -1.  -2. ]  to  [ 3. -1. -2.]
Slicing  [ 3.5 -1.   0. ]  to  [ 3. -1.  0.]
Slicing  [ 3.5  0.  -1. ]  to  [ 3.  0. -1.]
Slicing  [ 4.  -1.5 -1. ]  to  [ 4. -1. -1.]
Slicing  [ 4.  -1.  -1.5]  to  [ 4. -1. -1.]
Slicing  [ 4.  -1.  -0.5]  to  [ 4. -1. -1.]
Slicing  [ 4.  -0.5 -1. ]  to  [ 4. -1. -1.]

Generating Report for BZ [ 3 -1 -1]

Combining all 14 BZ

BZ [ 3 -1 -1] done. Total time elapsed 04:37:31
Processing BZ [ 1  3 -1], path segments from Gamma to X

6 symmetrically equivalent path segments
[[ 0.  0.  0. -1.  0.  0.]
 [ 0.  0.  0.  0. -1.  0.]
 [ 0.  0.  0.  0.  0. -1.]
 [ 0.  0.  0.  0.  0.  1.]
 [ 0.  0.  0.  0.  1.  0.]
 [ 0.  0.  0.  1.  0.  0.]]
Slicing  [ 1.  3. -1.]  to  [ 0.  3. -1.]
Slicing  [ 1.  3. -1.]  to  [ 1.  2. -1.]
Slicing  [ 1.  3. -1.]  to  [ 1.  3. -2.]
Slicing  [ 1.  3. -1.]  to  [1. 3. 0.]
Slicing  [ 1.  3. -1.]  to  [ 1.  4. -1.]
Slicing  [ 1.  3. -1.]  to  [ 2.  3. -1.]
Processing BZ [ 1  3 -1], path segments from X to U

24 symmetrically equivalent path segments
[[-1.    0.    0.   -1.   -0.25 -0.25]
 [-1.    0.    0.   -1.   -0.25  0.25]
 [-1.    0.    0.   -1.    0.25 -0.25]
 [-1.    0.    0.   -1.    0.25  0.25]
 [ 0.   -1.    0.   -0.25 -1.   -0.25]
 [ 0.   -1.    0.   -0.25 -1.    0.25]
 [ 0.   -1.    0.    0.25 -1.   -0.25]
 [ 0.   -1.    0.    0.25 -1.    0.25]
 [ 0.    0.   -1.   -0.25 -0.25 -1.  ]
 [ 0.    0.   -1.   -0.25  0.25 -1.  ]
 [ 0.    0.   -1.    0.25 -0.25 -1.  ]
 [ 0.    0.   -1.    0.25  0.25 -1.  ]
 [ 0.    0.    1.   -0.25 -0.25  1.  ]
 [ 0.    0.    1.   -0.25  0.25  1.  ]
 [ 0.    0.    1.    0.25 -0.25  1.  ]
 [ 0.    0.    1.    0.25  0.25  1.  ]
 [ 0.    1.    0.   -0.25  1.   -0.25]
 [ 0.    1.    0.   -0.25  1.    0.25]
 [ 0.    1.    0.    0.25  1.   -0.25]
 [ 0.    1.    0.    0.25  1.    0.25]
 [ 1.    0.    0.    1.   -0.25 -0.25]
 [ 1.    0.    0.    1.   -0.25  0.25]
 [ 1.    0.    0.    1.    0.25 -0.25]
 [ 1.    0.    0.    1.    0.25  0.25]]
Slicing  [ 0.  3. -1.]  to  [ 0.    2.75 -1.25]
Slicing  [ 0.  3. -1.]  to  [ 0.    2.75 -0.75]
Slicing  [ 0.  3. -1.]  to  [ 0.    3.25 -1.25]
Slicing  [ 0.  3. -1.]  to  [ 0.    3.25 -0.75]
Slicing  [ 1.  2. -1.]  to  [ 0.75  2.   -1.25]
Slicing  [ 1.  2. -1.]  to  [ 0.75  2.   -0.75]
Slicing  [ 1.  2. -1.]  to  [ 1.25  2.   -1.25]
Slicing  [ 1.  2. -1.]  to  [ 1.25  2.   -0.75]
Slicing  [ 1.  3. -2.]  to  [ 0.75  2.75 -2.  ]


Processed: 1845/2562 (72.01%) | Elapsed: 04:38:16 | BZ Folding estimated remaining time: 01:48:08


Slicing  [ 1.  3. -2.]  to  [ 0.75  3.25 -2.  ]
Slicing  [ 1.  3. -2.]  to  [ 1.25  2.75 -2.  ]
Slicing  [ 1.  3. -2.]  to  [ 1.25  3.25 -2.  ]
Slicing  [1. 3. 0.]  to  [0.75 2.75 0.  ]
Slicing  [1. 3. 0.]  to  [0.75 3.25 0.  ]
Slicing  [1. 3. 0.]  to  [1.25 2.75 0.  ]
Slicing  [1. 3. 0.]  to  [1.25 3.25 0.  ]
Slicing  [ 1.  4. -1.]  to  [ 0.75  4.   -1.25]
Slicing  [ 1.  4. -1.]  to  [ 0.75  4.   -0.75]
Slicing  [ 1.  4. -1.]  to  [ 1.25  4.   -1.25]
Slicing  [ 1.  4. -1.]  to  [ 1.25  4.   -0.75]
Slicing  [ 2.  3. -1.]  to  [ 2.    2.75 -1.25]
Slicing  [ 2.  3. -1.]  to  [ 2.    2.75 -0.75]
Slicing  [ 2.  3. -1.]  to  [ 2.    3.25 -1.25]
Slicing  [ 2.  3. -1.]  to  [ 2.    3.25 -0.75]
Processing BZ [ 1  3 -1], path segments from K to Gamma

12 symmetrically equivalent path segments
[[-0.75 -0.75  0.    0.    0.    0.  ]
 [-0.75  0.   -0.75  0.    0.    0.  ]
 [-0.75  0.    0.75  0.    0.    0.  ]
 [-0.75  0.75  0.    0.    0.    0.  ]
 [ 0.   -0.75 -0.75  0.    0.    0.  ]
 [ 0.   -0.75  0.75  0.    0.    0.  ]
 [ 0.    0.75 -0.75  0.    0.    0.  ]
 [ 0.    0.75  0.75  0.    0.    0.  ]
 [ 0.75 -0.75  0.    0.    0.    0.  ]
 [ 0.75  0.   -0.75  0.    0.    0.  ]
 [ 0.75  0.    0.75  0.    0.    0.  ]
 [ 0.75  0.75  0.    0.    0.    0.  ]]
Slicing  [ 0.25  2.25 -1.  ]  to  [ 1.  3. -1.]
Slicing  [ 0.25  3.   -1.75]  to  [ 1.  3. -1.]
Slicing  [ 0.25  3.   -0.25]  to  [ 1.  3. -1.]
Slicing  [ 0.25  3.75 -1.  ]  to  [ 1.  3. -1.]
Slicing  [ 1.    2.25 -1.75]  to  [ 1.  3. -1.]
Slicing  [ 1.    2.25 -0.25]  to  [ 1.  3. -1.]
Slicing  [ 1.    3.75 -1.75]  to  [ 1.  3. -1.]
Slicing  [ 1.    3.75 -0.25]  to  [ 1.  3. -1.]
Slicing  [ 1.75  2.25 -1.  ]  to  [ 1.  3. -1.]
Slicing  [ 1.75  3.   -1.75]  to  [ 1.  3. -1.]
Slicing  [ 1.75  3.   -0.25]  to  [ 1.  3. -1.]
Slicing  [ 1.75  3.75 -1.  ]  to  [ 1.  3. -1.]
Processing BZ [ 1  3 -1], path segments from Gamma to L

8 symmetrically equivalent path segments
[[ 0.   0.   0.  -0.5 -0.5 -0.5]
 [ 0.   0.   0.  -0.5 -0.5  0.5]
 [ 0.   0.   0.  -0.5  0.5 -0.5]
 [ 0.   0.   0.  -0.5  0.5  0.5]
 [ 0.   0.   0.   0.5 -0.5 -0.5]
 [ 0.   0.   0.   0.5 -0.5  0.5]
 [ 0.   0.   0.   0.5  0.5 -0.5]
 [ 0.   0.   0.   0.5  0.5  0.5]]
Slicing  [ 1.  3. -1.]  to  [ 0.5  2.5 -1.5]
Slicing  [ 1.  3. -1.]  to  [ 0.5  2.5 -0.5]
Slicing  [ 1.  3. -1.]  to  [ 0.5  3.5 -1.5]
Slicing  [ 1.  3. -1.]  to  [ 0.5  3.5 -0.5]
Slicing  [ 1.  3. -1.]  to  [ 1.5  2.5 -1.5]
Slicing  [ 1.  3. -1.]  to  [ 1.5  2.5 -0.5]
Slicing  [ 1.  3. -1.]  to  [ 1.5  3.5 -1.5]
Slicing  [ 1.  3. -1.]  to  [ 1.5  3.5 -0.5]
Processing BZ [ 1  3 -1], path segments from L to W

48 symmetrically equivalent path segments
[[-0.5 -0.5 -0.5 -1.  -0.5  0. ]
 [-0.5 -0.5 -0.5 -1.   0.  -0.5]
 [-0.5 -0.5 -0.5 -0.5 -1.   0. ]
 [-0.5 -0.5 -0.5 -0.5  0.  -1. ]
 [-0.5 -0.5 -0.5  0.  -1.  -0.5]
 [-0.5 -0.5 -0.5  0.  -0.5 -1. ]
 [-0.5 -0.5  0.5 -1.  -0.5  0. ]
 [-0.5 -0.5  0.5 -1.   0.   0.5]
 [-0.5 -0.5  0.5 -0.5 -1.   0. ]
 [-0.5 -0.5  0.5 -0.5  0.   1. ]
 [-0.5 -0.5  0.5  0.  -1.   0.5]
 [-0.5 -0.5  0.5  0.  -0.5  1. ]
 [-0.5  0.5 -0.5 -1.   0.  -0.5]
 [-0.5  0.5 -0.5 -1.   0.5  0. ]
 [-0.5  0.5 -0.5 -0.5  0.  -1. ]
 [-0.5  0.5 -0.5 -0.5  1.   0. ]
 [-0.5  0.5 -0.5  0.   0.5 -1. ]
 [-0.5  0.5 -0.5  0.   1.  -0.5]
 [-0.5  0.5  0.5 -1.   0.   0.5]
 [-0.5  0.5  0.5 -1.   0.5  0. ]
 [-0.5  0.5  0.5 -0.5  0.   1. ]
 [-0.5  0.5  0.5 -0.5  1.   0. ]
 [-0.5  0.5  0.5  0.   0.5  1. ]
 [-0.5  0.5  0.5  0.   1.   0.5]
 [ 0.5 -0.5 -0.5  0.  -1.  -0.5]
 [ 0.5 -0.5 -0.5  0.  -0.5 -1. ]
 [ 0.5 -0.5 -0.5  0.5 -1.   0. ]
 [ 0.5 -0.5 -0.5  0.5  0.  -1. ]
 [ 0.5 -0.5 -0.5  1.  -0.5  0. ]
 [ 0.5 -0.5 -0.5  1.   0.  -0.5]
 [ 0.5 -0.5  0.5  0.  -1.   0.5]
 [ 0.5 -0.5  0.5  0.  -0.5  1. ]
 [ 0.5 -0.5  0.5  0.5 -1.   0. ]
 [ 0.5 -0.5  0.5  0.5  0.   1. ]
 [ 0.5 -0.5  0.5  1.  -0.5  0. ]
 [ 0.5 -0.5  0.5  1.   0.   0.5]
 [ 0.5  0.5 -0.5  0.   0.5 -1. ]
 [ 0.5  0.5 -0.5  0.   1.  -0.5]
 [ 0.5  0.5 -0.5  0.5  0.  -1. ]
 [ 0.5  0.5 -0.5  0.5  1.   0. ]
 [ 0.5  0.5 -0.5  1.   0.  -0.5]
 [ 0.5  0.5 -0.5  1.   0.5  0. ]
 [ 0.5  0.5  0.5  0.   0.5  1. ]
 [ 0.5  0.5  0.5  0.   1.   0.5]
 [ 0.5  0.5  0.5  0.5  0.   1. ]
 [ 0.5  0.5  0.5  0.5  1.   0. ]
 [ 0.5  0.5  0.5  1.   0.   0.5]
 [ 0.5  0.5  0.5  1.   0.5  0. ]]
Slicing  [ 0.5  2.5 -1.5]  to  [ 0.   2.5 -1. ]
Slicing  [ 0.5  2.5 -1.5]  to  [ 0.   3.  -1.5]
Slicing  [ 0.5  2.5 -1.5]  to  [ 0.5  2.  -1. ]
Slicing  [ 0.5  2.5 -1.5]  to  [ 0.5  3.  -2. ]
Slicing  [ 0.5  2.5 -1.5]  to  [ 1.   2.  -1.5]
Slicing  [ 0.5  2.5 -1.5]  to  [ 1.   2.5 -2. ]
Slicing  [ 0.5  2.5 -0.5]  to  [ 0.   2.5 -1. ]
Slicing  [ 0.5  2.5 -0.5]  to  [ 0.   3.  -0.5]
Slicing  [ 0.5  2.5 -0.5]  to  [ 0.5  2.  -1. ]
Slicing  [ 0.5  2.5 -0.5]  to  [0.5 3.  0. ]
Slicing  [ 0.5  2.5 -0.5]  to  [ 1.   2.  -0.5]
Slicing  [ 0.5  2.5 -0.5]  to  [1.  2.5 0. ]
Slicing  [ 0.5  3.5 -1.5]  to  [ 0.   3.  -1.5]
Slicing  [ 0.5  3.5 -1.5]  to  [ 0.   3.5 -1. ]
Slicing  [ 0.5  3.5 -1.5]  to  [ 0.5  3.  -2. ]
Slicing  [ 0.5  3.5 -1.5]  to  [ 0.5  4.  -1. ]


Processed: 1896/2562 (74.00%) | Elapsed: 04:46:03 | BZ Folding estimated remaining time: 01:40:28


Slicing  [ 0.5  3.5 -1.5]  to  [ 1.   3.5 -2. ]
Slicing  [ 0.5  3.5 -1.5]  to  [ 1.   4.  -1.5]
Slicing  [ 0.5  3.5 -0.5]  to  [ 0.   3.  -0.5]
Slicing  [ 0.5  3.5 -0.5]  to  [ 0.   3.5 -1. ]
Slicing  [ 0.5  3.5 -0.5]  to  [0.5 3.  0. ]
Slicing  [ 0.5  3.5 -0.5]  to  [ 0.5  4.  -1. ]
Slicing  [ 0.5  3.5 -0.5]  to  [1.  3.5 0. ]
Slicing  [ 0.5  3.5 -0.5]  to  [ 1.   4.  -0.5]
Slicing  [ 1.5  2.5 -1.5]  to  [ 1.   2.  -1.5]
Slicing  [ 1.5  2.5 -1.5]  to  [ 1.   2.5 -2. ]
Slicing  [ 1.5  2.5 -1.5]  to  [ 1.5  2.  -1. ]
Slicing  [ 1.5  2.5 -1.5]  to  [ 1.5  3.  -2. ]
Slicing  [ 1.5  2.5 -1.5]  to  [ 2.   2.5 -1. ]
Slicing  [ 1.5  2.5 -1.5]  to  [ 2.   3.  -1.5]
Slicing  [ 1.5  2.5 -0.5]  to  [ 1.   2.  -0.5]
Slicing  [ 1.5  2.5 -0.5]  to  [1.  2.5 0. ]
Slicing  [ 1.5  2.5 -0.5]  to  [ 1.5  2.  -1. ]
Slicing  [ 1.5  2.5 -0.5]  to  [1.5 3.  0. ]
Slicing  [ 1.5  2.5 -0.5]  to  [ 2.   2.5 -1. ]
Slicing  [ 1.5  2.5 -0.5]  to  [ 2.   3.  -0.5]
Slicing  [ 1.5  3.5 -1.5]  to  [ 1.   3.5 -2. ]
Slicing  [ 1.5  3.5 -1.5]  to  [ 1.   4.  -1.5]
Slicing  [ 1.5  3.5 -1.5]  to  [ 1.5  3.  -2. ]
Slicing  [ 1.5  3.5 -1.5]  to  [ 1.5  4.  -1. ]
Slicing  [ 1.5  3.5 -1.5]  to  [ 2.   3.  -1.5]
Slicing  [ 1.5  3.5 -1.5]  to  [ 2.   3.5 -1. ]
Slicing  [ 1.5  3.5 -0.5]  to  [1.  3.5 0. ]
Slicing  [ 1.5  3.5 -0.5]  to  [ 1.   4.  -0.5]
Slicing  [ 1.5  3.5 -0.5]  to  [1.5 3.  0. ]
Slicing  [ 1.5  3.5 -0.5]  to  [ 1.5  4.  -1. ]
Slicing  [ 1.5  3.5 -0.5]  to  [ 2.   3.  -0.5]
Slicing  [ 1.5  3.5 -0.5]  to  [ 2.   3.5 -1. ]
Processing BZ [ 1  3 -1], path segments from W to X

24 symmetrically equivalent path segments
[[-1.  -0.5  0.  -1.   0.   0. ]
 [-1.   0.  -0.5 -1.   0.   0. ]
 [-1.   0.   0.5 -1.   0.   0. ]
 [-1.   0.5  0.  -1.   0.   0. ]
 [-0.5 -1.   0.   0.  -1.   0. ]
 [-0.5  0.  -1.   0.   0.  -1. ]
 [-0.5  0.   1.   0.   0.   1. ]
 [-0.5  1.   0.   0.   1.   0. ]
 [ 0.  -1.  -0.5  0.  -1.   0. ]
 [ 0.  -1.   0.5  0.  -1.   0. ]
 [ 0.  -0.5 -1.   0.   0.  -1. ]
 [ 0.  -0.5  1.   0.   0.   1. ]
 [ 0.   0.5 -1.   0.   0.  -1. ]
 [ 0.   0.5  1.   0.   0.   1. ]
 [ 0.   1.  -0.5  0.   1.   0. ]
 [ 0.   1.   0.5  0.   1.   0. ]
 [ 0.5 -1.   0.   0.  -1.   0. ]
 [ 0.5  0.  -1.   0.   0.  -1. ]
 [ 0.5  0.   1.   0.   0.   1. ]
 [ 0.5  1.   0.   0.   1.   0. ]
 [ 1.  -0.5  0.   1.   0.   0. ]
 [ 1.   0.  -0.5  1.   0.   0. ]
 [ 1.   0.   0.5  1.   0.   0. ]
 [ 1.   0.5  0.   1.   0.   0. ]]
Slicing  [ 0.   2.5 -1. ]  to  [ 0.  3. -1.]
Slicing  [ 0.   3.  -1.5]  to  [ 0.  3. -1.]
Slicing  [ 0.   3.  -0.5]  to  [ 0.  3. -1.]
Slicing  [ 0.   3.5 -1. ]  to  [ 0.  3. -1.]
Slicing  [ 0.5  2.  -1. ]  to  [ 1.  2. -1.]
Slicing  [ 0.5  3.  -2. ]  to  [ 1.  3. -2.]
Slicing  [0.5 3.  0. ]  to  [1. 3. 0.]
Slicing  [ 0.5  4.  -1. ]  to  [ 1.  4. -1.]
Slicing  [ 1.   2.  -1.5]  to  [ 1.  2. -1.]
Slicing  [ 1.   2.  -0.5]  to  [ 1.  2. -1.]
Slicing  [ 1.   2.5 -2. ]  to  [ 1.  3. -2.]
Slicing  [1.  2.5 0. ]  to  [1. 3. 0.]
Slicing  [ 1.   3.5 -2. ]  to  [ 1.  3. -2.]
Slicing  [1.  3.5 0. ]  to  [1. 3. 0.]
Slicing  [ 1.   4.  -1.5]  to  [ 1.  4. -1.]
Slicing  [ 1.   4.  -0.5]  to  [ 1.  4. -1.]
Slicing  [ 1.5  2.  -1. ]  to  [ 1.  2. -1.]
Slicing  [ 1.5  3.  -2. ]  to  [ 1.  3. -2.]
Slicing  [1.5 3.  0. ]  to  [1. 3. 0.]
Slicing  [ 1.5  4.  -1. ]  to  [ 1.  4. -1.]


Processed: 1948/2562 (76.03%) | Elapsed: 04:53:50 | BZ Folding estimated remaining time: 01:32:37


Slicing  [ 2.   2.5 -1. ]  to  [ 2.  3. -1.]
Slicing  [ 2.   3.  -1.5]  to  [ 2.  3. -1.]
Slicing  [ 2.   3.  -0.5]  to  [ 2.  3. -1.]
Slicing  [ 2.   3.5 -1. ]  to  [ 2.  3. -1.]

Generating Report for BZ [ 1  3 -1]

Combining all 15 BZ

BZ [ 1  3 -1] done. Total time elapsed 04:56:24
Processing BZ [1 3 1], path segments from Gamma to X

6 symmetrically equivalent path segments
[[ 0.  0.  0. -1.  0.  0.]
 [ 0.  0.  0.  0. -1.  0.]
 [ 0.  0.  0.  0.  0. -1.]
 [ 0.  0.  0.  0.  0.  1.]
 [ 0.  0.  0.  0.  1.  0.]
 [ 0.  0.  0.  1.  0.  0.]]
Slicing  [1. 3. 1.]  to  [0. 3. 1.]
Slicing  [1. 3. 1.]  to  [1. 2. 1.]
Slicing  [1. 3. 1.]  to  [1. 3. 0.]
Slicing  [1. 3. 1.]  to  [1. 3. 2.]
Slicing  [1. 3. 1.]  to  [1. 4. 1.]
Slicing  [1. 3. 1.]  to  [2. 3. 1.]
Processing BZ [1 3 1], path segments from X to U

24 symmetrically equivalent path segments
[[-1.    0.    0.   -1.   -0.25 -0.25]
 [-1.    0.    0.   -1.   -0.25  0.25]
 [-1.    0.    0.   -1.    0.25 -0.25]
 [-1.    0.    0.   -1.    0.25  0.25]
 [ 0.   -1.    0.   -0.25 -1.   -0.25]
 [ 0.   -1.    0.   -0.25 -1.    0.25]
 [ 0.   -1.    0.    0.25 -1.   -0.25]
 [ 0.   -1.    0.    0.25 -1.    0.25]
 [ 0.    0.   -1.   -0.25 -0.25 -1.  ]
 [ 0.    0.   -1.   -0.25  0.25 -1.  ]
 [ 0.    0.   -1.    0.25 -0.25 -1.  ]
 [ 0.    0.   -1.    0.25  0.25 -1.  ]
 [ 0.    0.    1.   -0.25 -0.25  1.  ]
 [ 0.    0.    1.   -0.25  0.25  1.  ]
 [ 0.    0.    1.    0.25 -0.25  1.  ]
 [ 0.    0.    1.    0.25  0.25  1.  ]
 [ 0.    1.    0.   -0.25  1.   -0.25]
 [ 0.    1.    0.   -0.25  1.    0.25]
 [ 0.    1.    0.    0.25  1.   -0.25]
 [ 0.    1.    0.    0.25  1.    0.25]
 [ 1.    0.    0.    1.   -0.25 -0.25]
 [ 1.    0.    0.    1.   -0.25  0.25]
 [ 1.    0.    0.    1.    0.25 -0.25]
 [ 1.    0.    0.    1.    0.25  0.25]]
Slicing  [0. 3. 1.]  to  [0.   2.75 0.75]
Slicing  [0. 3. 1.]  to  [0.   2.75 1.25]
Slicing  [0. 3. 1.]  to  [0.   3.25 0.75]
Slicing  [0. 3. 1.]  to  [0.   3.25 1.25]
Slicing  [1. 2. 1.]  to  [0.75 2.   0.75]
Slicing  [1. 2. 1.]  to  [0.75 2.   1.25]
Slicing  [1. 2. 1.]  to  [1.25 2.   0.75]
Slicing  [1. 2. 1.]  to  [1.25 2.   1.25]
Slicing  [1. 3. 0.]  to  [0.75 2.75 0.  ]
Slicing  [1. 3. 0.]  to  [0.75 3.25 0.  ]
Slicing  [1. 3. 0.]  to  [1.25 2.75 0.  ]
Slicing  [1. 3. 0.]  to  [1.25 3.25 0.  ]
Slicing  [1. 3. 2.]  to  [0.75 2.75 2.  ]
Slicing  [1. 3. 2.]  to  [0.75 3.25 2.  ]
Slicing  [1. 3. 2.]  to  [1.25 2.75 2.  ]
Slicing  [1. 3. 2.]  to  [1.25 3.25 2.  ]
Slicing  [1. 4. 1.]  to  [0.75 4.   0.75]
Slicing  [1. 4. 1.]  to  [0.75 4.   1.25]
Slicing  [1. 4. 1.]  to  [1.25 4.   0.75]
Slicing  [1. 4. 1.]  to  [1.25 4.   1.25]
Slicing  [2. 3. 1.]  to  [2.   2.75 0.75]
Slicing  [2. 3. 1.]  to  [2.   2.75 1.25]
Slicing  [2. 3. 1.]  to  [2.   3.25 0.75]
Slicing  [2. 3. 1.]  to  [2.   3.25 1.25]
Processing BZ [1 3 1], path segments from K to Gamma

12 symmetrically equivalent path segments
[[-0.75 -0.75  0.    0.    0.    0.  ]
 [-0.75  0.   -0.75  0.    0.    0.  ]
 [-0.75  0.    0.75  0.    0.    0.  ]
 [-0.75  0.75  0.    0.    0.    0.  ]
 [ 0.   -0.75 -0.75  0.    0.    0.  ]
 [ 0.   -0.75  0.75  0.    0.    0.  ]
 [ 0.    0.75 -0.75  0.    0.    0.  ]
 [ 0.    0.75  0.75  0.    0.    0.  ]
 [ 0.75 -0.75  0.    0.    0.    0.  ]
 [ 0.75  0.   -0.75  0.    0.    0.  ]
 [ 0.75  0.    0.75  0.    0.    0.  ]
 [ 0.75  0.75  0.    0.    0.    0.  ]]
Slicing  [0.25 2.25 1.  ]  to  [1. 3. 1.]
Slicing  [0.25 3.   0.25]  to  [1. 3. 1.]
Slicing  [0.25 3.   1.75]  to  [1. 3. 1.]
Slicing  [0.25 3.75 1.  ]  to  [1. 3. 1.]
Slicing  [1.   2.25 0.25]  to  [1. 3. 1.]
Slicing  [1.   2.25 1.75]  to  [1. 3. 1.]
Slicing  [1.   3.75 0.25]  to  [1. 3. 1.]
Slicing  [1.   3.75 1.75]  to  [1. 3. 1.]
Slicing  [1.75 2.25 1.  ]  to  [1. 3. 1.]
Slicing  [1.75 3.   0.25]  to  [1. 3. 1.]
Slicing  [1.75 3.   1.75]  to  [1. 3. 1.]
Slicing  [1.75 3.75 1.  ]  to  [1. 3. 1.]
Processing BZ [1 3 1], path segments from Gamma to L

8 symmetrically equivalent path segments
[[ 0.   0.   0.  -0.5 -0.5 -0.5]
 [ 0.   0.   0.  -0.5 -0.5  0.5]
 [ 0.   0.   0.  -0.5  0.5 -0.5]
 [ 0.   0.   0.  -0.5  0.5  0.5]
 [ 0.   0.   0.   0.5 -0.5 -0.5]
 [ 0.   0.   0.   0.5 -0.5  0.5]
 [ 0.   0.   0.   0.5  0.5 -0.5]
 [ 0.   0.   0.   0.5  0.5  0.5]]
Slicing  [1. 3. 1.]  to  [0.5 2.5 0.5]
Slicing  [1. 3. 1.]  to  [0.5 2.5 1.5]
Slicing  [1. 3. 1.]  to  [0.5 3.5 0.5]
Slicing  [1. 3. 1.]  to  [0.5 3.5 1.5]
Slicing  [1. 3. 1.]  to  [1.5 2.5 0.5]


Processed: 1999/2562 (78.02%) | Elapsed: 05:01:54 | BZ Folding estimated remaining time: 01:25:01


Slicing  [1. 3. 1.]  to  [1.5 2.5 1.5]
Slicing  [1. 3. 1.]  to  [1.5 3.5 0.5]
Slicing  [1. 3. 1.]  to  [1.5 3.5 1.5]
Processing BZ [1 3 1], path segments from L to W

48 symmetrically equivalent path segments
[[-0.5 -0.5 -0.5 -1.  -0.5  0. ]
 [-0.5 -0.5 -0.5 -1.   0.  -0.5]
 [-0.5 -0.5 -0.5 -0.5 -1.   0. ]
 [-0.5 -0.5 -0.5 -0.5  0.  -1. ]
 [-0.5 -0.5 -0.5  0.  -1.  -0.5]
 [-0.5 -0.5 -0.5  0.  -0.5 -1. ]
 [-0.5 -0.5  0.5 -1.  -0.5  0. ]
 [-0.5 -0.5  0.5 -1.   0.   0.5]
 [-0.5 -0.5  0.5 -0.5 -1.   0. ]
 [-0.5 -0.5  0.5 -0.5  0.   1. ]
 [-0.5 -0.5  0.5  0.  -1.   0.5]
 [-0.5 -0.5  0.5  0.  -0.5  1. ]
 [-0.5  0.5 -0.5 -1.   0.  -0.5]
 [-0.5  0.5 -0.5 -1.   0.5  0. ]
 [-0.5  0.5 -0.5 -0.5  0.  -1. ]
 [-0.5  0.5 -0.5 -0.5  1.   0. ]
 [-0.5  0.5 -0.5  0.   0.5 -1. ]
 [-0.5  0.5 -0.5  0.   1.  -0.5]
 [-0.5  0.5  0.5 -1.   0.   0.5]
 [-0.5  0.5  0.5 -1.   0.5  0. ]
 [-0.5  0.5  0.5 -0.5  0.   1. ]
 [-0.5  0.5  0.5 -0.5  1.   0. ]
 [-0.5  0.5  0.5  0.   0.5  1. ]
 [-0.5  0.5  0.5  0.   1.   0.5]
 [ 0.5 -0.5 -0.5  0.  -1.  -0.5]
 [ 0.5 -0.5 -0.5  0.  -0.5 -1. ]
 [ 0.5 -0.5 -0.5  0.5 -1.   0. ]
 [ 0.5 -0.5 -0.5  0.5  0.  -1. ]
 [ 0.5 -0.5 -0.5  1.  -0.5  0. ]
 [ 0.5 -0.5 -0.5  1.   0.  -0.5]
 [ 0.5 -0.5  0.5  0.  -1.   0.5]
 [ 0.5 -0.5  0.5  0.  -0.5  1. ]
 [ 0.5 -0.5  0.5  0.5 -1.   0. ]
 [ 0.5 -0.5  0.5  0.5  0.   1. ]
 [ 0.5 -0.5  0.5  1.  -0.5  0. ]
 [ 0.5 -0.5  0.5  1.   0.   0.5]
 [ 0.5  0.5 -0.5  0.   0.5 -1. ]
 [ 0.5  0.5 -0.5  0.   1.  -0.5]
 [ 0.5  0.5 -0.5  0.5  0.  -1. ]
 [ 0.5  0.5 -0.5  0.5  1.   0. ]
 [ 0.5  0.5 -0.5  1.   0.  -0.5]
 [ 0.5  0.5 -0.5  1.   0.5  0. ]
 [ 0.5  0.5  0.5  0.   0.5  1. ]
 [ 0.5  0.5  0.5  0.   1.   0.5]
 [ 0.5  0.5  0.5  0.5  0.   1. ]
 [ 0.5  0.5  0.5  0.5  1.   0. ]
 [ 0.5  0.5  0.5  1.   0.   0.5]
 [ 0.5  0.5  0.5  1.   0.5  0. ]]
Slicing  [0.5 2.5 0.5]  to  [0.  2.5 1. ]
Slicing  [0.5 2.5 0.5]  to  [0.  3.  0.5]
Slicing  [0.5 2.5 0.5]  to  [0.5 2.  1. ]
Slicing  [0.5 2.5 0.5]  to  [0.5 3.  0. ]
Slicing  [0.5 2.5 0.5]  to  [1.  2.  0.5]
Slicing  [0.5 2.5 0.5]  to  [1.  2.5 0. ]
Slicing  [0.5 2.5 1.5]  to  [0.  2.5 1. ]
Slicing  [0.5 2.5 1.5]  to  [0.  3.  1.5]
Slicing  [0.5 2.5 1.5]  to  [0.5 2.  1. ]
Slicing  [0.5 2.5 1.5]  to  [0.5 3.  2. ]
Slicing  [0.5 2.5 1.5]  to  [1.  2.  1.5]
Slicing  [0.5 2.5 1.5]  to  [1.  2.5 2. ]
Slicing  [0.5 3.5 0.5]  to  [0.  3.  0.5]
Slicing  [0.5 3.5 0.5]  to  [0.  3.5 1. ]
Slicing  [0.5 3.5 0.5]  to  [0.5 3.  0. ]
Slicing  [0.5 3.5 0.5]  to  [0.5 4.  1. ]
Slicing  [0.5 3.5 0.5]  to  [1.  3.5 0. ]
Slicing  [0.5 3.5 0.5]  to  [1.  4.  0.5]
Slicing  [0.5 3.5 1.5]  to  [0.  3.  1.5]
Slicing  [0.5 3.5 1.5]  to  [0.  3.5 1. ]
Slicing  [0.5 3.5 1.5]  to  [0.5 3.  2. ]
Slicing  [0.5 3.5 1.5]  to  [0.5 4.  1. ]
Slicing  [0.5 3.5 1.5]  to  [1.  3.5 2. ]
Slicing  [0.5 3.5 1.5]  to  [1.  4.  1.5]
Slicing  [1.5 2.5 0.5]  to  [1.  2.  0.5]
Slicing  [1.5 2.5 0.5]  to  [1.  2.5 0. ]
Slicing  [1.5 2.5 0.5]  to  [1.5 2.  1. ]
Slicing  [1.5 2.5 0.5]  to  [1.5 3.  0. ]
Slicing  [1.5 2.5 0.5]  to  [2.  2.5 1. ]
Slicing  [1.5 2.5 0.5]  to  [2.  3.  0.5]
Slicing  [1.5 2.5 1.5]  to  [1.  2.  1.5]
Slicing  [1.5 2.5 1.5]  to  [1.  2.5 2. ]
Slicing  [1.5 2.5 1.5]  to  [1.5 2.  1. ]
Slicing  [1.5 2.5 1.5]  to  [1.5 3.  2. ]
Slicing  [1.5 2.5 1.5]  to  [2.  2.5 1. ]
Slicing  [1.5 2.5 1.5]  to  [2.  3.  1.5]
Slicing  [1.5 3.5 0.5]  to  [1.  3.5 0. ]
Slicing  [1.5 3.5 0.5]  to  [1.  4.  0.5]
Slicing  [1.5 3.5 0.5]  to  [1.5 3.  0. ]
Slicing  [1.5 3.5 0.5]  to  [1.5 4.  1. ]
Slicing  [1.5 3.5 0.5]  to  [2.  3.  0.5]
Slicing  [1.5 3.5 0.5]  to  [2.  3.5 1. ]
Slicing  [1.5 3.5 1.5]  to  [1.  3.5 2. ]
Slicing  [1.5 3.5 1.5]  to  [1.  4.  1.5]
Slicing  [1.5 3.5 1.5]  to  [1.5 3.  2. ]
Slicing  [1.5 3.5 1.5]  to  [1.5 4.  1. ]
Slicing  [1.5 3.5 1.5]  to  [2.  3.  1.5]
Slicing  [1.5 3.5 1.5]  to  [2.  3.5 1. ]


Processed: 2050/2562 (80.02%) | Elapsed: 05:09:32 | BZ Folding estimated remaining time: 01:17:18


Processing BZ [1 3 1], path segments from W to X

24 symmetrically equivalent path segments
[[-1.  -0.5  0.  -1.   0.   0. ]
 [-1.   0.  -0.5 -1.   0.   0. ]
 [-1.   0.   0.5 -1.   0.   0. ]
 [-1.   0.5  0.  -1.   0.   0. ]
 [-0.5 -1.   0.   0.  -1.   0. ]
 [-0.5  0.  -1.   0.   0.  -1. ]
 [-0.5  0.   1.   0.   0.   1. ]
 [-0.5  1.   0.   0.   1.   0. ]
 [ 0.  -1.  -0.5  0.  -1.   0. ]
 [ 0.  -1.   0.5  0.  -1.   0. ]
 [ 0.  -0.5 -1.   0.   0.  -1. ]
 [ 0.  -0.5  1.   0.   0.   1. ]
 [ 0.   0.5 -1.   0.   0.  -1. ]
 [ 0.   0.5  1.   0.   0.   1. ]
 [ 0.   1.  -0.5  0.   1.   0. ]
 [ 0.   1.   0.5  0.   1.   0. ]
 [ 0.5 -1.   0.   0.  -1.   0. ]
 [ 0.5  0.  -1.   0.   0.  -1. ]
 [ 0.5  0.   1.   0.   0.   1. ]
 [ 0.5  1.   0.   0.   1.   0. ]
 [ 1.  -0.5  0.   1.   0.   0. ]
 [ 1.   0.  -0.5  1.   0.   0. ]
 [ 1.   0.   0.5  1.   0.   0. ]
 [ 1.   0.5  0.   1.   0.   0. ]]
Slicing  [0.  2.5 1. ]  to  [0. 3. 1.]
Slicing  [0.  3.  0.5]  to  [0. 3. 1.]
Slicing  [0.  3.  1.5]  to  [0. 3. 1.]
Slicing  [0.  3.5 1. ]  to  [0. 3. 1.]
Slicing  [0.5 2.  1. ]  to  [1. 2. 1.]
Slicing  [0.5 3.  0. ]  to  [1. 3. 0.]
Slicing  [0.5 3.  2. ]  to  [1. 3. 2.]
Slicing  [0.5 4.  1. ]  to  [1. 4. 1.]
Slicing  [1.  2.  0.5]  to  [1. 2. 1.]
Slicing  [1.  2.  1.5]  to  [1. 2. 1.]
Slicing  [1.  2.5 0. ]  to  [1. 3. 0.]
Slicing  [1.  2.5 2. ]  to  [1. 3. 2.]
Slicing  [1.  3.5 0. ]  to  [1. 3. 0.]
Slicing  [1.  3.5 2. ]  to  [1. 3. 2.]
Slicing  [1.  4.  0.5]  to  [1. 4. 1.]
Slicing  [1.  4.  1.5]  to  [1. 4. 1.]
Slicing  [1.5 2.  1. ]  to  [1. 2. 1.]
Slicing  [1.5 3.  0. ]  to  [1. 3. 0.]
Slicing  [1.5 3.  2. ]  to  [1. 3. 2.]
Slicing  [1.5 4.  1. ]  to  [1. 4. 1.]
Slicing  [2.  2.5 1. ]  to  [2. 3. 1.]
Slicing  [2.  3.  0.5]  to  [2. 3. 1.]
Slicing  [2.  3.  1.5]  to  [2. 3. 1.]
Slicing  [2.  3.5 1. ]  to  [2. 3. 1.]

Generating Report for BZ [1 3 1]

Combining all 16 BZ

BZ [1 3 1] done. Total time elapsed 05:15:21
Processing BZ [0 2 0], path segments from Gamma to X

6 symmetrically equivalent path segments
[[ 0.  0.  0. -1.  0.  0.]
 [ 0.  0.  0.  0. -1.  0.]
 [ 0.  0.  0.  0.  0. -1.]
 [ 0.  0.  0.  0.  0.  1.]
 [ 0.  0.  0.  0.  1.  0.]
 [ 0.  0.  0.  1.  0.  0.]]
Slicing  [0. 2. 0.]  to  [-1.  2.  0.]
Slicing  [0. 2. 0.]  to  [0. 1. 0.]
Slicing  [0. 2. 0.]  to  [ 0.  2. -1.]
Slicing  [0. 2. 0.]  to  [0. 2. 1.]
Slicing  [0. 2. 0.]  to  [0. 3. 0.]
Slicing  [0. 2. 0.]  to  [1. 2. 0.]
Processing BZ [0 2 0], path segments from X to U

24 symmetrically equivalent path segments
[[-1.    0.    0.   -1.   -0.25 -0.25]
 [-1.    0.    0.   -1.   -0.25  0.25]
 [-1.    0.    0.   -1.    0.25 -0.25]
 [-1.    0.    0.   -1.    0.25  0.25]
 [ 0.   -1.    0.   -0.25 -1.   -0.25]
 [ 0.   -1.    0.   -0.25 -1.    0.25]
 [ 0.   -1.    0.    0.25 -1.   -0.25]
 [ 0.   -1.    0.    0.25 -1.    0.25]
 [ 0.    0.   -1.   -0.25 -0.25 -1.  ]
 [ 0.    0.   -1.   -0.25  0.25 -1.  ]
 [ 0.    0.   -1.    0.25 -0.25 -1.  ]
 [ 0.    0.   -1.    0.25  0.25 -1.  ]
 [ 0.    0.    1.   -0.25 -0.25  1.  ]
 [ 0.    0.    1.   -0.25  0.25  1.  ]
 [ 0.    0.    1.    0.25 -0.25  1.  ]
 [ 0.    0.    1.    0.25  0.25  1.  ]
 [ 0.    1.    0.   -0.25  1.   -0.25]
 [ 0.    1.    0.   -0.25  1.    0.25]
 [ 0.    1.    0.    0.25  1.   -0.25]
 [ 0.    1.    0.    0.25  1.    0.25]
 [ 1.    0.    0.    1.   -0.25 -0.25]
 [ 1.    0.    0.    1.   -0.25  0.25]
 [ 1.    0.    0.    1.    0.25 -0.25]
 [ 1.    0.    0.    1.    0.25  0.25]]
Slicing  [-1.  2.  0.]  to  [-1.    1.75 -0.25]
Slicing  [-1.  2.  0.]  to  [-1.    1.75  0.25]
Slicing  [-1.  2.  0.]  to  [-1.    2.25 -0.25]
Slicing  [-1.  2.  0.]  to  [-1.    2.25  0.25]
Slicing  [0. 1. 0.]  to  [-0.25  1.   -0.25]
Slicing  [0. 1. 0.]  to  [-0.25  1.    0.25]
Slicing  [0. 1. 0.]  to  [ 0.25  1.   -0.25]
Slicing  [0. 1. 0.]  to  [0.25 1.   0.25]
Slicing  [ 0.  2. -1.]  to  [-0.25  1.75 -1.  ]
Slicing  [ 0.  2. -1.]  to  [-0.25  2.25 -1.  ]
Slicing  [ 0.  2. -1.]  to  [ 0.25  1.75 -1.  ]
Slicing  [ 0.  2. -1.]  to  [ 0.25  2.25 -1.  ]
Slicing  [0. 2. 1.]  to  [-0.25  1.75  1.  ]
Slicing  [0. 2. 1.]  to  [-0.25  2.25  1.  ]
Slicing  [0. 2. 1.]  to  [0.25 1.75 1.  ]
Slicing  [0. 2. 1.]  to  [0.25 2.25 1.  ]
Slicing  [0. 3. 0.]  to  [-0.25  3.   -0.25]
Slicing  [0. 3. 0.]  to  [-0.25  3.    0.25]
Slicing  [0. 3. 0.]  to  [ 0.25  3.   -0.25]
Slicing  [0. 3. 0.]  to  [0.25 3.   0.25]
Slicing  [1. 2. 0.]  to  [ 1.    1.75 -0.25]


Processed: 2101/2562 (82.01%) | Elapsed: 05:17:39 | BZ Folding estimated remaining time: 01:09:42


Slicing  [1. 2. 0.]  to  [1.   1.75 0.25]
Slicing  [1. 2. 0.]  to  [ 1.    2.25 -0.25]
Slicing  [1. 2. 0.]  to  [1.   2.25 0.25]
Processing BZ [0 2 0], path segments from K to Gamma

12 symmetrically equivalent path segments
[[-0.75 -0.75  0.    0.    0.    0.  ]
 [-0.75  0.   -0.75  0.    0.    0.  ]
 [-0.75  0.    0.75  0.    0.    0.  ]
 [-0.75  0.75  0.    0.    0.    0.  ]
 [ 0.   -0.75 -0.75  0.    0.    0.  ]
 [ 0.   -0.75  0.75  0.    0.    0.  ]
 [ 0.    0.75 -0.75  0.    0.    0.  ]
 [ 0.    0.75  0.75  0.    0.    0.  ]
 [ 0.75 -0.75  0.    0.    0.    0.  ]
 [ 0.75  0.   -0.75  0.    0.    0.  ]
 [ 0.75  0.    0.75  0.    0.    0.  ]
 [ 0.75  0.75  0.    0.    0.    0.  ]]
Slicing  [-0.75  1.25  0.  ]  to  [0. 2. 0.]
Slicing  [-0.75  2.   -0.75]  to  [0. 2. 0.]
Slicing  [-0.75  2.    0.75]  to  [0. 2. 0.]
Slicing  [-0.75  2.75  0.  ]  to  [0. 2. 0.]
Slicing  [ 0.    1.25 -0.75]  to  [0. 2. 0.]
Slicing  [0.   1.25 0.75]  to  [0. 2. 0.]
Slicing  [ 0.    2.75 -0.75]  to  [0. 2. 0.]
Slicing  [0.   2.75 0.75]  to  [0. 2. 0.]
Slicing  [0.75 1.25 0.  ]  to  [0. 2. 0.]
Slicing  [ 0.75  2.   -0.75]  to  [0. 2. 0.]
Slicing  [0.75 2.   0.75]  to  [0. 2. 0.]
Slicing  [0.75 2.75 0.  ]  to  [0. 2. 0.]
Processing BZ [0 2 0], path segments from Gamma to L

8 symmetrically equivalent path segments
[[ 0.   0.   0.  -0.5 -0.5 -0.5]
 [ 0.   0.   0.  -0.5 -0.5  0.5]
 [ 0.   0.   0.  -0.5  0.5 -0.5]
 [ 0.   0.   0.  -0.5  0.5  0.5]
 [ 0.   0.   0.   0.5 -0.5 -0.5]
 [ 0.   0.   0.   0.5 -0.5  0.5]
 [ 0.   0.   0.   0.5  0.5 -0.5]
 [ 0.   0.   0.   0.5  0.5  0.5]]
Slicing  [0. 2. 0.]  to  [-0.5  1.5 -0.5]
Slicing  [0. 2. 0.]  to  [-0.5  1.5  0.5]
Slicing  [0. 2. 0.]  to  [-0.5  2.5 -0.5]
Slicing  [0. 2. 0.]  to  [-0.5  2.5  0.5]
Slicing  [0. 2. 0.]  to  [ 0.5  1.5 -0.5]
Slicing  [0. 2. 0.]  to  [0.5 1.5 0.5]
Slicing  [0. 2. 0.]  to  [ 0.5  2.5 -0.5]
Slicing  [0. 2. 0.]  to  [0.5 2.5 0.5]
Processing BZ [0 2 0], path segments from L to W

48 symmetrically equivalent path segments
[[-0.5 -0.5 -0.5 -1.  -0.5  0. ]
 [-0.5 -0.5 -0.5 -1.   0.  -0.5]
 [-0.5 -0.5 -0.5 -0.5 -1.   0. ]
 [-0.5 -0.5 -0.5 -0.5  0.  -1. ]
 [-0.5 -0.5 -0.5  0.  -1.  -0.5]
 [-0.5 -0.5 -0.5  0.  -0.5 -1. ]
 [-0.5 -0.5  0.5 -1.  -0.5  0. ]
 [-0.5 -0.5  0.5 -1.   0.   0.5]
 [-0.5 -0.5  0.5 -0.5 -1.   0. ]
 [-0.5 -0.5  0.5 -0.5  0.   1. ]
 [-0.5 -0.5  0.5  0.  -1.   0.5]
 [-0.5 -0.5  0.5  0.  -0.5  1. ]
 [-0.5  0.5 -0.5 -1.   0.  -0.5]
 [-0.5  0.5 -0.5 -1.   0.5  0. ]
 [-0.5  0.5 -0.5 -0.5  0.  -1. ]
 [-0.5  0.5 -0.5 -0.5  1.   0. ]
 [-0.5  0.5 -0.5  0.   0.5 -1. ]
 [-0.5  0.5 -0.5  0.   1.  -0.5]
 [-0.5  0.5  0.5 -1.   0.   0.5]
 [-0.5  0.5  0.5 -1.   0.5  0. ]
 [-0.5  0.5  0.5 -0.5  0.   1. ]
 [-0.5  0.5  0.5 -0.5  1.   0. ]
 [-0.5  0.5  0.5  0.   0.5  1. ]
 [-0.5  0.5  0.5  0.   1.   0.5]
 [ 0.5 -0.5 -0.5  0.  -1.  -0.5]
 [ 0.5 -0.5 -0.5  0.  -0.5 -1. ]
 [ 0.5 -0.5 -0.5  0.5 -1.   0. ]
 [ 0.5 -0.5 -0.5  0.5  0.  -1. ]
 [ 0.5 -0.5 -0.5  1.  -0.5  0. ]
 [ 0.5 -0.5 -0.5  1.   0.  -0.5]
 [ 0.5 -0.5  0.5  0.  -1.   0.5]
 [ 0.5 -0.5  0.5  0.  -0.5  1. ]
 [ 0.5 -0.5  0.5  0.5 -1.   0. ]
 [ 0.5 -0.5  0.5  0.5  0.   1. ]
 [ 0.5 -0.5  0.5  1.  -0.5  0. ]
 [ 0.5 -0.5  0.5  1.   0.   0.5]
 [ 0.5  0.5 -0.5  0.   0.5 -1. ]
 [ 0.5  0.5 -0.5  0.   1.  -0.5]
 [ 0.5  0.5 -0.5  0.5  0.  -1. ]
 [ 0.5  0.5 -0.5  0.5  1.   0. ]
 [ 0.5  0.5 -0.5  1.   0.  -0.5]
 [ 0.5  0.5 -0.5  1.   0.5  0. ]
 [ 0.5  0.5  0.5  0.   0.5  1. ]
 [ 0.5  0.5  0.5  0.   1.   0.5]
 [ 0.5  0.5  0.5  0.5  0.   1. ]
 [ 0.5  0.5  0.5  0.5  1.   0. ]
 [ 0.5  0.5  0.5  1.   0.   0.5]
 [ 0.5  0.5  0.5  1.   0.5  0. ]]
Slicing  [-0.5  1.5 -0.5]  to  [-1.   1.5  0. ]
Slicing  [-0.5  1.5 -0.5]  to  [-1.   2.  -0.5]
Slicing  [-0.5  1.5 -0.5]  to  [-0.5  1.   0. ]
Slicing  [-0.5  1.5 -0.5]  to  [-0.5  2.  -1. ]
Slicing  [-0.5  1.5 -0.5]  to  [ 0.   1.  -0.5]
Slicing  [-0.5  1.5 -0.5]  to  [ 0.   1.5 -1. ]
Slicing  [-0.5  1.5  0.5]  to  [-1.   1.5  0. ]
Slicing  [-0.5  1.5  0.5]  to  [-1.   2.   0.5]
Slicing  [-0.5  1.5  0.5]  to  [-0.5  1.   0. ]
Slicing  [-0.5  1.5  0.5]  to  [-0.5  2.   1. ]
Slicing  [-0.5  1.5  0.5]  to  [0.  1.  0.5]
Slicing  [-0.5  1.5  0.5]  to  [0.  1.5 1. ]
Slicing  [-0.5  2.5 -0.5]  to  [-1.   2.  -0.5]
Slicing  [-0.5  2.5 -0.5]  to  [-1.   2.5  0. ]
Slicing  [-0.5  2.5 -0.5]  to  [-0.5  2.  -1. ]
Slicing  [-0.5  2.5 -0.5]  to  [-0.5  3.   0. ]
Slicing  [-0.5  2.5 -0.5]  to  [ 0.   2.5 -1. ]
Slicing  [-0.5  2.5 -0.5]  to  [ 0.   3.  -0.5]
Slicing  [-0.5  2.5  0.5]  to  [-1.   2.   0.5]
Slicing  [-0.5  2.5  0.5]  to  [-1.   2.5  0. ]
Slicing  [-0.5  2.5  0.5]  to  [-0.5  2.   1. ]
Slicing  [-0.5  2.5  0.5]  to  [-0.5  3.   0. ]
Slicing  [-0.5  2.5  0.5]  to  [0.  2.5 1. ]
Slicing  [-0.5  2.5  0.5]  to  [0.  3.  0.5]
Slicing  [ 0.5  1.5 -0.5]  to  [ 0.   1.  -0.5]
Slicing  [ 0.5  1.5 -0.5]  to  [ 0.   1.5 -1. ]
Slicing  [ 0.5  1.5 -0.5]  to  [0.5 1.  0. ]
Slicing  [ 0.5  1.5 -0.5]  to  [ 0.5  2.  -1. ]
Slicing  [ 0.5  1.5 -0.5]  to  [1.  1.5 0. ]


Processed: 2153/2562 (84.04%) | Elapsed: 05:25:47 | BZ Folding estimated remaining time: 01:01:53


Slicing  [ 0.5  1.5 -0.5]  to  [ 1.   2.  -0.5]
Slicing  [0.5 1.5 0.5]  to  [0.  1.  0.5]
Slicing  [0.5 1.5 0.5]  to  [0.  1.5 1. ]
Slicing  [0.5 1.5 0.5]  to  [0.5 1.  0. ]
Slicing  [0.5 1.5 0.5]  to  [0.5 2.  1. ]
Slicing  [0.5 1.5 0.5]  to  [1.  1.5 0. ]
Slicing  [0.5 1.5 0.5]  to  [1.  2.  0.5]
Slicing  [ 0.5  2.5 -0.5]  to  [ 0.   2.5 -1. ]
Slicing  [ 0.5  2.5 -0.5]  to  [ 0.   3.  -0.5]
Slicing  [ 0.5  2.5 -0.5]  to  [ 0.5  2.  -1. ]
Slicing  [ 0.5  2.5 -0.5]  to  [0.5 3.  0. ]
Slicing  [ 0.5  2.5 -0.5]  to  [ 1.   2.  -0.5]
Slicing  [ 0.5  2.5 -0.5]  to  [1.  2.5 0. ]
Slicing  [0.5 2.5 0.5]  to  [0.  2.5 1. ]
Slicing  [0.5 2.5 0.5]  to  [0.  3.  0.5]
Slicing  [0.5 2.5 0.5]  to  [0.5 2.  1. ]
Slicing  [0.5 2.5 0.5]  to  [0.5 3.  0. ]
Slicing  [0.5 2.5 0.5]  to  [1.  2.  0.5]
Slicing  [0.5 2.5 0.5]  to  [1.  2.5 0. ]
Processing BZ [0 2 0], path segments from W to X

24 symmetrically equivalent path segments
[[-1.  -0.5  0.  -1.   0.   0. ]
 [-1.   0.  -0.5 -1.   0.   0. ]
 [-1.   0.   0.5 -1.   0.   0. ]
 [-1.   0.5  0.  -1.   0.   0. ]
 [-0.5 -1.   0.   0.  -1.   0. ]
 [-0.5  0.  -1.   0.   0.  -1. ]
 [-0.5  0.   1.   0.   0.   1. ]
 [-0.5  1.   0.   0.   1.   0. ]
 [ 0.  -1.  -0.5  0.  -1.   0. ]
 [ 0.  -1.   0.5  0.  -1.   0. ]
 [ 0.  -0.5 -1.   0.   0.  -1. ]
 [ 0.  -0.5  1.   0.   0.   1. ]
 [ 0.   0.5 -1.   0.   0.  -1. ]
 [ 0.   0.5  1.   0.   0.   1. ]
 [ 0.   1.  -0.5  0.   1.   0. ]
 [ 0.   1.   0.5  0.   1.   0. ]
 [ 0.5 -1.   0.   0.  -1.   0. ]
 [ 0.5  0.  -1.   0.   0.  -1. ]
 [ 0.5  0.   1.   0.   0.   1. ]
 [ 0.5  1.   0.   0.   1.   0. ]
 [ 1.  -0.5  0.   1.   0.   0. ]
 [ 1.   0.  -0.5  1.   0.   0. ]
 [ 1.   0.   0.5  1.   0.   0. ]
 [ 1.   0.5  0.   1.   0.   0. ]]
Slicing  [-1.   1.5  0. ]  to  [-1.  2.  0.]
Slicing  [-1.   2.  -0.5]  to  [-1.  2.  0.]
Slicing  [-1.   2.   0.5]  to  [-1.  2.  0.]
Slicing  [-1.   2.5  0. ]  to  [-1.  2.  0.]
Slicing  [-0.5  1.   0. ]  to  [0. 1. 0.]
Slicing  [-0.5  2.  -1. ]  to  [ 0.  2. -1.]
Slicing  [-0.5  2.   1. ]  to  [0. 2. 1.]
Slicing  [-0.5  3.   0. ]  to  [0. 3. 0.]
Slicing  [ 0.   1.  -0.5]  to  [0. 1. 0.]
Slicing  [0.  1.  0.5]  to  [0. 1. 0.]
Slicing  [ 0.   1.5 -1. ]  to  [ 0.  2. -1.]
Slicing  [0.  1.5 1. ]  to  [0. 2. 1.]
Slicing  [ 0.   2.5 -1. ]  to  [ 0.  2. -1.]
Slicing  [0.  2.5 1. ]  to  [0. 2. 1.]
Slicing  [ 0.   3.  -0.5]  to  [0. 3. 0.]
Slicing  [0.  3.  0.5]  to  [0. 3. 0.]
Slicing  [0.5 1.  0. ]  to  [0. 1. 0.]
Slicing  [ 0.5  2.  -1. ]  to  [ 0.  2. -1.]
Slicing  [0.5 2.  1. ]  to  [0. 2. 1.]
Slicing  [0.5 3.  0. ]  to  [0. 3. 0.]
Slicing  [1.  1.5 0. ]  to  [1. 2. 0.]
Slicing  [ 1.   2.  -0.5]  to  [1. 2. 0.]
Slicing  [1.  2.  0.5]  to  [1. 2. 0.]
Slicing  [1.  2.5 0. ]  to  [1. 2. 0.]

Generating Report for BZ [0 2 0]

Combining all 17 BZ

BZ [0 2 0] done. Total time elapsed 05:34:12
Processing BZ [4 4 0], path segments from Gamma to X

6 symmetrically equivalent path segments
[[ 0.  0.  0. -1.  0.  0.]
 [ 0.  0.  0.  0. -1.  0.]
 [ 0.  0.  0.  0.  0. -1.]
 [ 0.  0.  0.  0.  0.  1.]
 [ 0.  0.  0.  0.  1.  0.]
 [ 0.  0.  0.  1.  0.  0.]]
Slicing  [4. 4. 0.]  to  [3. 4. 0.]
Slicing  [4. 4. 0.]  to  [4. 3. 0.]
Slicing  [4. 4. 0.]  to  [ 4.  4. -1.]
Slicing  [4. 4. 0.]  to  [4. 4. 1.]
Slicing  [4. 4. 0.]  to  [4. 5. 0.]
Slicing  [4. 4. 0.]  to  [5. 4. 0.]
Processing BZ [4 4 0], path segments from X to U

24 symmetrically equivalent path segments
[[-1.    0.    0.   -1.   -0.25 -0.25]
 [-1.    0.    0.   -1.   -0.25  0.25]
 [-1.    0.    0.   -1.    0.25 -0.25]
 [-1.    0.    0.   -1.    0.25  0.25]
 [ 0.   -1.    0.   -0.25 -1.   -0.25]
 [ 0.   -1.    0.   -0.25 -1.    0.25]
 [ 0.   -1.    0.    0.25 -1.   -0.25]
 [ 0.   -1.    0.    0.25 -1.    0.25]
 [ 0.    0.   -1.   -0.25 -0.25 -1.  ]
 [ 0.    0.   -1.   -0.25  0.25 -1.  ]
 [ 0.    0.   -1.    0.25 -0.25 -1.  ]
 [ 0.    0.   -1.    0.25  0.25 -1.  ]
 [ 0.    0.    1.   -0.25 -0.25  1.  ]
 [ 0.    0.    1.   -0.25  0.25  1.  ]
 [ 0.    0.    1.    0.25 -0.25  1.  ]
 [ 0.    0.    1.    0.25  0.25  1.  ]
 [ 0.    1.    0.   -0.25  1.   -0.25]
 [ 0.    1.    0.   -0.25  1.    0.25]
 [ 0.    1.    0.    0.25  1.   -0.25]
 [ 0.    1.    0.    0.25  1.    0.25]
 [ 1.    0.    0.    1.   -0.25 -0.25]
 [ 1.    0.    0.    1.   -0.25  0.25]
 [ 1.    0.    0.    1.    0.25 -0.25]
 [ 1.    0.    0.    1.    0.25  0.25]]
Slicing  [3. 4. 0.]  to  [ 3.    3.75 -0.25]
Slicing  [3. 4. 0.]  to  [3.   3.75 0.25]


Processed: 2204/2562 (86.03%) | Elapsed: 05:33:59 | BZ Folding estimated remaining time: 00:54:15


Slicing  [3. 4. 0.]  to  [ 3.    4.25 -0.25]
Slicing  [3. 4. 0.]  to  [3.   4.25 0.25]
Slicing  [4. 3. 0.]  to  [ 3.75  3.   -0.25]
Slicing  [4. 3. 0.]  to  [3.75 3.   0.25]
Slicing  [4. 3. 0.]  to  [ 4.25  3.   -0.25]
Slicing  [4. 3. 0.]  to  [4.25 3.   0.25]
Slicing  [ 4.  4. -1.]  to  [ 3.75  3.75 -1.  ]
Slicing  [ 4.  4. -1.]  to  [ 3.75  4.25 -1.  ]
Slicing  [ 4.  4. -1.]  to  [ 4.25  3.75 -1.  ]
Slicing  [ 4.  4. -1.]  to  [ 4.25  4.25 -1.  ]
Slicing  [4. 4. 1.]  to  [3.75 3.75 1.  ]
Slicing  [4. 4. 1.]  to  [3.75 4.25 1.  ]
Slicing  [4. 4. 1.]  to  [4.25 3.75 1.  ]
Slicing  [4. 4. 1.]  to  [4.25 4.25 1.  ]
Slicing  [4. 5. 0.]  to  [ 3.75  5.   -0.25]
Slicing  [4. 5. 0.]  to  [3.75 5.   0.25]
Slicing  [4. 5. 0.]  to  [ 4.25  5.   -0.25]
Slicing  [4. 5. 0.]  to  [4.25 5.   0.25]
Slicing  [5. 4. 0.]  to  [ 5.    3.75 -0.25]
Slicing  [5. 4. 0.]  to  [5.   3.75 0.25]
Slicing  [5. 4. 0.]  to  [ 5.    4.25 -0.25]
Slicing  [5. 4. 0.]  to  [5.   4.25 0.25]
Processing BZ [4 4 0], path segments from K to Gamma

12 symmetrically equivalent path segments
[[-0.75 -0.75  0.    0.    0.    0.  ]
 [-0.75  0.   -0.75  0.    0.    0.  ]
 [-0.75  0.    0.75  0.    0.    0.  ]
 [-0.75  0.75  0.    0.    0.    0.  ]
 [ 0.   -0.75 -0.75  0.    0.    0.  ]
 [ 0.   -0.75  0.75  0.    0.    0.  ]
 [ 0.    0.75 -0.75  0.    0.    0.  ]
 [ 0.    0.75  0.75  0.    0.    0.  ]
 [ 0.75 -0.75  0.    0.    0.    0.  ]
 [ 0.75  0.   -0.75  0.    0.    0.  ]
 [ 0.75  0.    0.75  0.    0.    0.  ]
 [ 0.75  0.75  0.    0.    0.    0.  ]]
Slicing  [3.25 3.25 0.  ]  to  [4. 4. 0.]
Slicing  [ 3.25  4.   -0.75]  to  [4. 4. 0.]
Slicing  [3.25 4.   0.75]  to  [4. 4. 0.]
Slicing  [3.25 4.75 0.  ]  to  [4. 4. 0.]
Slicing  [ 4.    3.25 -0.75]  to  [4. 4. 0.]
Slicing  [4.   3.25 0.75]  to  [4. 4. 0.]
Slicing  [ 4.    4.75 -0.75]  to  [4. 4. 0.]
Slicing  [4.   4.75 0.75]  to  [4. 4. 0.]
Slicing  [4.75 3.25 0.  ]  to  [4. 4. 0.]
Slicing  [ 4.75  4.   -0.75]  to  [4. 4. 0.]
Slicing  [4.75 4.   0.75]  to  [4. 4. 0.]
Slicing  [4.75 4.75 0.  ]  to  [4. 4. 0.]
Processing BZ [4 4 0], path segments from Gamma to L

8 symmetrically equivalent path segments
[[ 0.   0.   0.  -0.5 -0.5 -0.5]
 [ 0.   0.   0.  -0.5 -0.5  0.5]
 [ 0.   0.   0.  -0.5  0.5 -0.5]
 [ 0.   0.   0.  -0.5  0.5  0.5]
 [ 0.   0.   0.   0.5 -0.5 -0.5]
 [ 0.   0.   0.   0.5 -0.5  0.5]
 [ 0.   0.   0.   0.5  0.5 -0.5]
 [ 0.   0.   0.   0.5  0.5  0.5]]
Slicing  [4. 4. 0.]  to  [ 3.5  3.5 -0.5]
Slicing  [4. 4. 0.]  to  [3.5 3.5 0.5]
Slicing  [4. 4. 0.]  to  [ 3.5  4.5 -0.5]
Slicing  [4. 4. 0.]  to  [3.5 4.5 0.5]
Slicing  [4. 4. 0.]  to  [ 4.5  3.5 -0.5]
Slicing  [4. 4. 0.]  to  [4.5 3.5 0.5]
Slicing  [4. 4. 0.]  to  [ 4.5  4.5 -0.5]
Slicing  [4. 4. 0.]  to  [4.5 4.5 0.5]
Processing BZ [4 4 0], path segments from L to W

48 symmetrically equivalent path segments
[[-0.5 -0.5 -0.5 -1.  -0.5  0. ]
 [-0.5 -0.5 -0.5 -1.   0.  -0.5]
 [-0.5 -0.5 -0.5 -0.5 -1.   0. ]
 [-0.5 -0.5 -0.5 -0.5  0.  -1. ]
 [-0.5 -0.5 -0.5  0.  -1.  -0.5]
 [-0.5 -0.5 -0.5  0.  -0.5 -1. ]
 [-0.5 -0.5  0.5 -1.  -0.5  0. ]
 [-0.5 -0.5  0.5 -1.   0.   0.5]
 [-0.5 -0.5  0.5 -0.5 -1.   0. ]
 [-0.5 -0.5  0.5 -0.5  0.   1. ]
 [-0.5 -0.5  0.5  0.  -1.   0.5]
 [-0.5 -0.5  0.5  0.  -0.5  1. ]
 [-0.5  0.5 -0.5 -1.   0.  -0.5]
 [-0.5  0.5 -0.5 -1.   0.5  0. ]
 [-0.5  0.5 -0.5 -0.5  0.  -1. ]
 [-0.5  0.5 -0.5 -0.5  1.   0. ]
 [-0.5  0.5 -0.5  0.   0.5 -1. ]
 [-0.5  0.5 -0.5  0.   1.  -0.5]
 [-0.5  0.5  0.5 -1.   0.   0.5]
 [-0.5  0.5  0.5 -1.   0.5  0. ]
 [-0.5  0.5  0.5 -0.5  0.   1. ]
 [-0.5  0.5  0.5 -0.5  1.   0. ]
 [-0.5  0.5  0.5  0.   0.5  1. ]
 [-0.5  0.5  0.5  0.   1.   0.5]
 [ 0.5 -0.5 -0.5  0.  -1.  -0.5]
 [ 0.5 -0.5 -0.5  0.  -0.5 -1. ]
 [ 0.5 -0.5 -0.5  0.5 -1.   0. ]
 [ 0.5 -0.5 -0.5  0.5  0.  -1. ]
 [ 0.5 -0.5 -0.5  1.  -0.5  0. ]
 [ 0.5 -0.5 -0.5  1.   0.  -0.5]
 [ 0.5 -0.5  0.5  0.  -1.   0.5]
 [ 0.5 -0.5  0.5  0.  -0.5  1. ]
 [ 0.5 -0.5  0.5  0.5 -1.   0. ]
 [ 0.5 -0.5  0.5  0.5  0.   1. ]
 [ 0.5 -0.5  0.5  1.  -0.5  0. ]
 [ 0.5 -0.5  0.5  1.   0.   0.5]
 [ 0.5  0.5 -0.5  0.   0.5 -1. ]
 [ 0.5  0.5 -0.5  0.   1.  -0.5]
 [ 0.5  0.5 -0.5  0.5  0.  -1. ]
 [ 0.5  0.5 -0.5  0.5  1.   0. ]
 [ 0.5  0.5 -0.5  1.   0.  -0.5]
 [ 0.5  0.5 -0.5  1.   0.5  0. ]
 [ 0.5  0.5  0.5  0.   0.5  1. ]
 [ 0.5  0.5  0.5  0.   1.   0.5]
 [ 0.5  0.5  0.5  0.5  0.   1. ]
 [ 0.5  0.5  0.5  0.5  1.   0. ]
 [ 0.5  0.5  0.5  1.   0.   0.5]
 [ 0.5  0.5  0.5  1.   0.5  0. ]]
Slicing  [ 3.5  3.5 -0.5]  to  [3.  3.5 0. ]
Slicing  [ 3.5  3.5 -0.5]  to  [ 3.   4.  -0.5]
Slicing  [ 3.5  3.5 -0.5]  to  [3.5 3.  0. ]
Slicing  [ 3.5  3.5 -0.5]  to  [ 3.5  4.  -1. ]
Slicing  [ 3.5  3.5 -0.5]  to  [ 4.   3.  -0.5]
Slicing  [ 3.5  3.5 -0.5]  to  [ 4.   3.5 -1. ]
Slicing  [3.5 3.5 0.5]  to  [3.  3.5 0. ]
Slicing  [3.5 3.5 0.5]  to  [3.  4.  0.5]
Slicing  [3.5 3.5 0.5]  to  [3.5 3.  0. ]


Processed: 2255/2562 (88.02%) | Elapsed: 05:41:47 | BZ Folding estimated remaining time: 00:46:31


Slicing  [3.5 3.5 0.5]  to  [3.5 4.  1. ]
Slicing  [3.5 3.5 0.5]  to  [4.  3.  0.5]
Slicing  [3.5 3.5 0.5]  to  [4.  3.5 1. ]
Slicing  [ 3.5  4.5 -0.5]  to  [ 3.   4.  -0.5]
Slicing  [ 3.5  4.5 -0.5]  to  [3.  4.5 0. ]
Slicing  [ 3.5  4.5 -0.5]  to  [ 3.5  4.  -1. ]
Slicing  [ 3.5  4.5 -0.5]  to  [3.5 5.  0. ]
Slicing  [ 3.5  4.5 -0.5]  to  [ 4.   4.5 -1. ]
Slicing  [ 3.5  4.5 -0.5]  to  [ 4.   5.  -0.5]
Slicing  [3.5 4.5 0.5]  to  [3.  4.  0.5]
Slicing  [3.5 4.5 0.5]  to  [3.  4.5 0. ]
Slicing  [3.5 4.5 0.5]  to  [3.5 4.  1. ]
Slicing  [3.5 4.5 0.5]  to  [3.5 5.  0. ]
Slicing  [3.5 4.5 0.5]  to  [4.  4.5 1. ]
Slicing  [3.5 4.5 0.5]  to  [4.  5.  0.5]
Slicing  [ 4.5  3.5 -0.5]  to  [ 4.   3.  -0.5]
Slicing  [ 4.5  3.5 -0.5]  to  [ 4.   3.5 -1. ]
Slicing  [ 4.5  3.5 -0.5]  to  [4.5 3.  0. ]
Slicing  [ 4.5  3.5 -0.5]  to  [ 4.5  4.  -1. ]
Slicing  [ 4.5  3.5 -0.5]  to  [5.  3.5 0. ]
Slicing  [ 4.5  3.5 -0.5]  to  [ 5.   4.  -0.5]
Slicing  [4.5 3.5 0.5]  to  [4.  3.  0.5]
Slicing  [4.5 3.5 0.5]  to  [4.  3.5 1. ]
Slicing  [4.5 3.5 0.5]  to  [4.5 3.  0. ]
Slicing  [4.5 3.5 0.5]  to  [4.5 4.  1. ]
Slicing  [4.5 3.5 0.5]  to  [5.  3.5 0. ]
Slicing  [4.5 3.5 0.5]  to  [5.  4.  0.5]
Slicing  [ 4.5  4.5 -0.5]  to  [ 4.   4.5 -1. ]
Slicing  [ 4.5  4.5 -0.5]  to  [ 4.   5.  -0.5]
Slicing  [ 4.5  4.5 -0.5]  to  [ 4.5  4.  -1. ]
Slicing  [ 4.5  4.5 -0.5]  to  [4.5 5.  0. ]
Slicing  [ 4.5  4.5 -0.5]  to  [ 5.   4.  -0.5]
Slicing  [ 4.5  4.5 -0.5]  to  [5.  4.5 0. ]
Slicing  [4.5 4.5 0.5]  to  [4.  4.5 1. ]
Slicing  [4.5 4.5 0.5]  to  [4.  5.  0.5]
Slicing  [4.5 4.5 0.5]  to  [4.5 4.  1. ]
Slicing  [4.5 4.5 0.5]  to  [4.5 5.  0. ]
Slicing  [4.5 4.5 0.5]  to  [5.  4.  0.5]
Slicing  [4.5 4.5 0.5]  to  [5.  4.5 0. ]
Processing BZ [4 4 0], path segments from W to X

24 symmetrically equivalent path segments
[[-1.  -0.5  0.  -1.   0.   0. ]
 [-1.   0.  -0.5 -1.   0.   0. ]
 [-1.   0.   0.5 -1.   0.   0. ]
 [-1.   0.5  0.  -1.   0.   0. ]
 [-0.5 -1.   0.   0.  -1.   0. ]
 [-0.5  0.  -1.   0.   0.  -1. ]
 [-0.5  0.   1.   0.   0.   1. ]
 [-0.5  1.   0.   0.   1.   0. ]
 [ 0.  -1.  -0.5  0.  -1.   0. ]
 [ 0.  -1.   0.5  0.  -1.   0. ]
 [ 0.  -0.5 -1.   0.   0.  -1. ]
 [ 0.  -0.5  1.   0.   0.   1. ]
 [ 0.   0.5 -1.   0.   0.  -1. ]
 [ 0.   0.5  1.   0.   0.   1. ]
 [ 0.   1.  -0.5  0.   1.   0. ]
 [ 0.   1.   0.5  0.   1.   0. ]
 [ 0.5 -1.   0.   0.  -1.   0. ]
 [ 0.5  0.  -1.   0.   0.  -1. ]
 [ 0.5  0.   1.   0.   0.   1. ]
 [ 0.5  1.   0.   0.   1.   0. ]
 [ 1.  -0.5  0.   1.   0.   0. ]
 [ 1.   0.  -0.5  1.   0.   0. ]
 [ 1.   0.   0.5  1.   0.   0. ]
 [ 1.   0.5  0.   1.   0.   0. ]]
Slicing  [3.  3.5 0. ]  to  [3. 4. 0.]
Slicing  [ 3.   4.  -0.5]  to  [3. 4. 0.]
Slicing  [3.  4.  0.5]  to  [3. 4. 0.]
Slicing  [3.  4.5 0. ]  to  [3. 4. 0.]
Slicing  [3.5 3.  0. ]  to  [4. 3. 0.]
Slicing  [ 3.5  4.  -1. ]  to  [ 4.  4. -1.]
Slicing  [3.5 4.  1. ]  to  [4. 4. 1.]
Slicing  [3.5 5.  0. ]  to  [4. 5. 0.]
Slicing  [ 4.   3.  -0.5]  to  [4. 3. 0.]
Slicing  [4.  3.  0.5]  to  [4. 3. 0.]
Slicing  [ 4.   3.5 -1. ]  to  [ 4.  4. -1.]
Slicing  [4.  3.5 1. ]  to  [4. 4. 1.]


Processed: 2306/2562 (90.01%) | Elapsed: 05:49:29 | BZ Folding estimated remaining time: 00:38:47


Slicing  [ 4.   4.5 -1. ]  to  [ 4.  4. -1.]
Slicing  [4.  4.5 1. ]  to  [4. 4. 1.]
Slicing  [ 4.   5.  -0.5]  to  [4. 5. 0.]
Slicing  [4.  5.  0.5]  to  [4. 5. 0.]
Slicing  [4.5 3.  0. ]  to  [4. 3. 0.]
Slicing  [ 4.5  4.  -1. ]  to  [ 4.  4. -1.]
Slicing  [4.5 4.  1. ]  to  [4. 4. 1.]
Slicing  [4.5 5.  0. ]  to  [4. 5. 0.]
Slicing  [5.  3.5 0. ]  to  [5. 4. 0.]
Slicing  [ 5.   4.  -0.5]  to  [5. 4. 0.]
Slicing  [5.  4.  0.5]  to  [5. 4. 0.]
Slicing  [5.  4.5 0. ]  to  [5. 4. 0.]

Generating Report for BZ [4 4 0]

Combining all 18 BZ

BZ [4 4 0] done. Total time elapsed 05:53:31
Processing BZ [ 5 -1  1], path segments from Gamma to X

6 symmetrically equivalent path segments
[[ 0.  0.  0. -1.  0.  0.]
 [ 0.  0.  0.  0. -1.  0.]
 [ 0.  0.  0.  0.  0. -1.]
 [ 0.  0.  0.  0.  0.  1.]
 [ 0.  0.  0.  0.  1.  0.]
 [ 0.  0.  0.  1.  0.  0.]]
Slicing  [ 5. -1.  1.]  to  [ 4. -1.  1.]
Slicing  [ 5. -1.  1.]  to  [ 5. -2.  1.]
Slicing  [ 5. -1.  1.]  to  [ 5. -1.  0.]
Slicing  [ 5. -1.  1.]  to  [ 5. -1.  2.]
Slicing  [ 5. -1.  1.]  to  [5. 0. 1.]
Slicing  [ 5. -1.  1.]  to  [ 6. -1.  1.]
Processing BZ [ 5 -1  1], path segments from X to U

24 symmetrically equivalent path segments
[[-1.    0.    0.   -1.   -0.25 -0.25]
 [-1.    0.    0.   -1.   -0.25  0.25]
 [-1.    0.    0.   -1.    0.25 -0.25]
 [-1.    0.    0.   -1.    0.25  0.25]
 [ 0.   -1.    0.   -0.25 -1.   -0.25]
 [ 0.   -1.    0.   -0.25 -1.    0.25]
 [ 0.   -1.    0.    0.25 -1.   -0.25]
 [ 0.   -1.    0.    0.25 -1.    0.25]
 [ 0.    0.   -1.   -0.25 -0.25 -1.  ]
 [ 0.    0.   -1.   -0.25  0.25 -1.  ]
 [ 0.    0.   -1.    0.25 -0.25 -1.  ]
 [ 0.    0.   -1.    0.25  0.25 -1.  ]
 [ 0.    0.    1.   -0.25 -0.25  1.  ]
 [ 0.    0.    1.   -0.25  0.25  1.  ]
 [ 0.    0.    1.    0.25 -0.25  1.  ]
 [ 0.    0.    1.    0.25  0.25  1.  ]
 [ 0.    1.    0.   -0.25  1.   -0.25]
 [ 0.    1.    0.   -0.25  1.    0.25]
 [ 0.    1.    0.    0.25  1.   -0.25]
 [ 0.    1.    0.    0.25  1.    0.25]
 [ 1.    0.    0.    1.   -0.25 -0.25]
 [ 1.    0.    0.    1.   -0.25  0.25]
 [ 1.    0.    0.    1.    0.25 -0.25]
 [ 1.    0.    0.    1.    0.25  0.25]]
Slicing  [ 4. -1.  1.]  to  [ 4.   -1.25  0.75]
Slicing  [ 4. -1.  1.]  to  [ 4.   -1.25  1.25]
Slicing  [ 4. -1.  1.]  to  [ 4.   -0.75  0.75]
Slicing  [ 4. -1.  1.]  to  [ 4.   -0.75  1.25]
Slicing  [ 5. -2.  1.]  to  [ 4.75 -2.    0.75]
Slicing  [ 5. -2.  1.]  to  [ 4.75 -2.    1.25]
Slicing  [ 5. -2.  1.]  to  [ 5.25 -2.    0.75]
Slicing  [ 5. -2.  1.]  to  [ 5.25 -2.    1.25]
Slicing  [ 5. -1.  0.]  to  [ 4.75 -1.25  0.  ]
Slicing  [ 5. -1.  0.]  to  [ 4.75 -0.75  0.  ]
Slicing  [ 5. -1.  0.]  to  [ 5.25 -1.25  0.  ]
Slicing  [ 5. -1.  0.]  to  [ 5.25 -0.75  0.  ]
Slicing  [ 5. -1.  2.]  to  [ 4.75 -1.25  2.  ]
Slicing  [ 5. -1.  2.]  to  [ 4.75 -0.75  2.  ]
Slicing  [ 5. -1.  2.]  to  [ 5.25 -1.25  2.  ]
Slicing  [ 5. -1.  2.]  to  [ 5.25 -0.75  2.  ]
Slicing  [5. 0. 1.]  to  [4.75 0.   0.75]
Slicing  [5. 0. 1.]  to  [4.75 0.   1.25]
Slicing  [5. 0. 1.]  to  [5.25 0.   0.75]
Slicing  [5. 0. 1.]  to  [5.25 0.   1.25]
Slicing  [ 6. -1.  1.]  to  [ 6.   -1.25  0.75]
Slicing  [ 6. -1.  1.]  to  [ 6.   -1.25  1.25]
Slicing  [ 6. -1.  1.]  to  [ 6.   -0.75  0.75]
Slicing  [ 6. -1.  1.]  to  [ 6.   -0.75  1.25]
Processing BZ [ 5 -1  1], path segments from K to Gamma

12 symmetrically equivalent path segments
[[-0.75 -0.75  0.    0.    0.    0.  ]
 [-0.75  0.   -0.75  0.    0.    0.  ]
 [-0.75  0.    0.75  0.    0.    0.  ]
 [-0.75  0.75  0.    0.    0.    0.  ]
 [ 0.   -0.75 -0.75  0.    0.    0.  ]
 [ 0.   -0.75  0.75  0.    0.    0.  ]
 [ 0.    0.75 -0.75  0.    0.    0.  ]
 [ 0.    0.75  0.75  0.    0.    0.  ]
 [ 0.75 -0.75  0.    0.    0.    0.  ]
 [ 0.75  0.   -0.75  0.    0.    0.  ]
 [ 0.75  0.    0.75  0.    0.    0.  ]
 [ 0.75  0.75  0.    0.    0.    0.  ]]
Slicing  [ 4.25 -1.75  1.  ]  to  [ 5. -1.  1.]
Slicing  [ 4.25 -1.    0.25]  to  [ 5. -1.  1.]
Slicing  [ 4.25 -1.    1.75]  to  [ 5. -1.  1.]
Slicing  [ 4.25 -0.25  1.  ]  to  [ 5. -1.  1.]
Slicing  [ 5.   -1.75  0.25]  to  [ 5. -1.  1.]
Slicing  [ 5.   -1.75  1.75]  to  [ 5. -1.  1.]
Slicing  [ 5.   -0.25  0.25]  to  [ 5. -1.  1.]
Slicing  [ 5.   -0.25  1.75]  to  [ 5. -1.  1.]
Slicing  [ 5.75 -1.75  1.  ]  to  [ 5. -1.  1.]
Slicing  [ 5.75 -1.    0.25]  to  [ 5. -1.  1.]


Processed: 2358/2562 (92.04%) | Elapsed: 05:58:24 | BZ Folding estimated remaining time: 00:31:00


Slicing  [ 5.75 -1.    1.75]  to  [ 5. -1.  1.]
Slicing  [ 5.75 -0.25  1.  ]  to  [ 5. -1.  1.]
Processing BZ [ 5 -1  1], path segments from Gamma to L

8 symmetrically equivalent path segments
[[ 0.   0.   0.  -0.5 -0.5 -0.5]
 [ 0.   0.   0.  -0.5 -0.5  0.5]
 [ 0.   0.   0.  -0.5  0.5 -0.5]
 [ 0.   0.   0.  -0.5  0.5  0.5]
 [ 0.   0.   0.   0.5 -0.5 -0.5]
 [ 0.   0.   0.   0.5 -0.5  0.5]
 [ 0.   0.   0.   0.5  0.5 -0.5]
 [ 0.   0.   0.   0.5  0.5  0.5]]
Slicing  [ 5. -1.  1.]  to  [ 4.5 -1.5  0.5]
Slicing  [ 5. -1.  1.]  to  [ 4.5 -1.5  1.5]
Slicing  [ 5. -1.  1.]  to  [ 4.5 -0.5  0.5]
Slicing  [ 5. -1.  1.]  to  [ 4.5 -0.5  1.5]
Slicing  [ 5. -1.  1.]  to  [ 5.5 -1.5  0.5]
Slicing  [ 5. -1.  1.]  to  [ 5.5 -1.5  1.5]
Slicing  [ 5. -1.  1.]  to  [ 5.5 -0.5  0.5]
Slicing  [ 5. -1.  1.]  to  [ 5.5 -0.5  1.5]
Processing BZ [ 5 -1  1], path segments from L to W

48 symmetrically equivalent path segments
[[-0.5 -0.5 -0.5 -1.  -0.5  0. ]
 [-0.5 -0.5 -0.5 -1.   0.  -0.5]
 [-0.5 -0.5 -0.5 -0.5 -1.   0. ]
 [-0.5 -0.5 -0.5 -0.5  0.  -1. ]
 [-0.5 -0.5 -0.5  0.  -1.  -0.5]
 [-0.5 -0.5 -0.5  0.  -0.5 -1. ]
 [-0.5 -0.5  0.5 -1.  -0.5  0. ]
 [-0.5 -0.5  0.5 -1.   0.   0.5]
 [-0.5 -0.5  0.5 -0.5 -1.   0. ]
 [-0.5 -0.5  0.5 -0.5  0.   1. ]
 [-0.5 -0.5  0.5  0.  -1.   0.5]
 [-0.5 -0.5  0.5  0.  -0.5  1. ]
 [-0.5  0.5 -0.5 -1.   0.  -0.5]
 [-0.5  0.5 -0.5 -1.   0.5  0. ]
 [-0.5  0.5 -0.5 -0.5  0.  -1. ]
 [-0.5  0.5 -0.5 -0.5  1.   0. ]
 [-0.5  0.5 -0.5  0.   0.5 -1. ]
 [-0.5  0.5 -0.5  0.   1.  -0.5]
 [-0.5  0.5  0.5 -1.   0.   0.5]
 [-0.5  0.5  0.5 -1.   0.5  0. ]
 [-0.5  0.5  0.5 -0.5  0.   1. ]
 [-0.5  0.5  0.5 -0.5  1.   0. ]
 [-0.5  0.5  0.5  0.   0.5  1. ]
 [-0.5  0.5  0.5  0.   1.   0.5]
 [ 0.5 -0.5 -0.5  0.  -1.  -0.5]
 [ 0.5 -0.5 -0.5  0.  -0.5 -1. ]
 [ 0.5 -0.5 -0.5  0.5 -1.   0. ]
 [ 0.5 -0.5 -0.5  0.5  0.  -1. ]
 [ 0.5 -0.5 -0.5  1.  -0.5  0. ]
 [ 0.5 -0.5 -0.5  1.   0.  -0.5]
 [ 0.5 -0.5  0.5  0.  -1.   0.5]
 [ 0.5 -0.5  0.5  0.  -0.5  1. ]
 [ 0.5 -0.5  0.5  0.5 -1.   0. ]
 [ 0.5 -0.5  0.5  0.5  0.   1. ]
 [ 0.5 -0.5  0.5  1.  -0.5  0. ]
 [ 0.5 -0.5  0.5  1.   0.   0.5]
 [ 0.5  0.5 -0.5  0.   0.5 -1. ]
 [ 0.5  0.5 -0.5  0.   1.  -0.5]
 [ 0.5  0.5 -0.5  0.5  0.  -1. ]
 [ 0.5  0.5 -0.5  0.5  1.   0. ]
 [ 0.5  0.5 -0.5  1.   0.  -0.5]
 [ 0.5  0.5 -0.5  1.   0.5  0. ]
 [ 0.5  0.5  0.5  0.   0.5  1. ]
 [ 0.5  0.5  0.5  0.   1.   0.5]
 [ 0.5  0.5  0.5  0.5  0.   1. ]
 [ 0.5  0.5  0.5  0.5  1.   0. ]
 [ 0.5  0.5  0.5  1.   0.   0.5]
 [ 0.5  0.5  0.5  1.   0.5  0. ]]
Slicing  [ 4.5 -1.5  0.5]  to  [ 4.  -1.5  1. ]
Slicing  [ 4.5 -1.5  0.5]  to  [ 4.  -1.   0.5]
Slicing  [ 4.5 -1.5  0.5]  to  [ 4.5 -2.   1. ]
Slicing  [ 4.5 -1.5  0.5]  to  [ 4.5 -1.   0. ]
Slicing  [ 4.5 -1.5  0.5]  to  [ 5.  -2.   0.5]
Slicing  [ 4.5 -1.5  0.5]  to  [ 5.  -1.5  0. ]
Slicing  [ 4.5 -1.5  1.5]  to  [ 4.  -1.5  1. ]
Slicing  [ 4.5 -1.5  1.5]  to  [ 4.  -1.   1.5]
Slicing  [ 4.5 -1.5  1.5]  to  [ 4.5 -2.   1. ]
Slicing  [ 4.5 -1.5  1.5]  to  [ 4.5 -1.   2. ]
Slicing  [ 4.5 -1.5  1.5]  to  [ 5.  -2.   1.5]
Slicing  [ 4.5 -1.5  1.5]  to  [ 5.  -1.5  2. ]
Slicing  [ 4.5 -0.5  0.5]  to  [ 4.  -1.   0.5]
Slicing  [ 4.5 -0.5  0.5]  to  [ 4.  -0.5  1. ]
Slicing  [ 4.5 -0.5  0.5]  to  [ 4.5 -1.   0. ]
Slicing  [ 4.5 -0.5  0.5]  to  [4.5 0.  1. ]
Slicing  [ 4.5 -0.5  0.5]  to  [ 5.  -0.5  0. ]
Slicing  [ 4.5 -0.5  0.5]  to  [5.  0.  0.5]
Slicing  [ 4.5 -0.5  1.5]  to  [ 4.  -1.   1.5]
Slicing  [ 4.5 -0.5  1.5]  to  [ 4.  -0.5  1. ]
Slicing  [ 4.5 -0.5  1.5]  to  [ 4.5 -1.   2. ]
Slicing  [ 4.5 -0.5  1.5]  to  [4.5 0.  1. ]
Slicing  [ 4.5 -0.5  1.5]  to  [ 5.  -0.5  2. ]
Slicing  [ 4.5 -0.5  1.5]  to  [5.  0.  1.5]
Slicing  [ 5.5 -1.5  0.5]  to  [ 5.  -2.   0.5]
Slicing  [ 5.5 -1.5  0.5]  to  [ 5.  -1.5  0. ]
Slicing  [ 5.5 -1.5  0.5]  to  [ 5.5 -2.   1. ]
Slicing  [ 5.5 -1.5  0.5]  to  [ 5.5 -1.   0. ]
Slicing  [ 5.5 -1.5  0.5]  to  [ 6.  -1.5  1. ]
Slicing  [ 5.5 -1.5  0.5]  to  [ 6.  -1.   0.5]
Slicing  [ 5.5 -1.5  1.5]  to  [ 5.  -2.   1.5]
Slicing  [ 5.5 -1.5  1.5]  to  [ 5.  -1.5  2. ]
Slicing  [ 5.5 -1.5  1.5]  to  [ 5.5 -2.   1. ]
Slicing  [ 5.5 -1.5  1.5]  to  [ 5.5 -1.   2. ]
Slicing  [ 5.5 -1.5  1.5]  to  [ 6.  -1.5  1. ]
Slicing  [ 5.5 -1.5  1.5]  to  [ 6.  -1.   1.5]
Slicing  [ 5.5 -0.5  0.5]  to  [ 5.  -0.5  0. ]
Slicing  [ 5.5 -0.5  0.5]  to  [5.  0.  0.5]
Slicing  [ 5.5 -0.5  0.5]  to  [ 5.5 -1.   0. ]
Slicing  [ 5.5 -0.5  0.5]  to  [5.5 0.  1. ]
Slicing  [ 5.5 -0.5  0.5]  to  [ 6.  -1.   0.5]


Processed: 2409/2562 (94.03%) | Elapsed: 06:06:24 | BZ Folding estimated remaining time: 00:23:16


Slicing  [ 5.5 -0.5  0.5]  to  [ 6.  -0.5  1. ]
Slicing  [ 5.5 -0.5  1.5]  to  [ 5.  -0.5  2. ]
Slicing  [ 5.5 -0.5  1.5]  to  [5.  0.  1.5]
Slicing  [ 5.5 -0.5  1.5]  to  [ 5.5 -1.   2. ]
Slicing  [ 5.5 -0.5  1.5]  to  [5.5 0.  1. ]
Slicing  [ 5.5 -0.5  1.5]  to  [ 6.  -1.   1.5]
Slicing  [ 5.5 -0.5  1.5]  to  [ 6.  -0.5  1. ]
Processing BZ [ 5 -1  1], path segments from W to X

24 symmetrically equivalent path segments
[[-1.  -0.5  0.  -1.   0.   0. ]
 [-1.   0.  -0.5 -1.   0.   0. ]
 [-1.   0.   0.5 -1.   0.   0. ]
 [-1.   0.5  0.  -1.   0.   0. ]
 [-0.5 -1.   0.   0.  -1.   0. ]
 [-0.5  0.  -1.   0.   0.  -1. ]
 [-0.5  0.   1.   0.   0.   1. ]
 [-0.5  1.   0.   0.   1.   0. ]
 [ 0.  -1.  -0.5  0.  -1.   0. ]
 [ 0.  -1.   0.5  0.  -1.   0. ]
 [ 0.  -0.5 -1.   0.   0.  -1. ]
 [ 0.  -0.5  1.   0.   0.   1. ]
 [ 0.   0.5 -1.   0.   0.  -1. ]
 [ 0.   0.5  1.   0.   0.   1. ]
 [ 0.   1.  -0.5  0.   1.   0. ]
 [ 0.   1.   0.5  0.   1.   0. ]
 [ 0.5 -1.   0.   0.  -1.   0. ]
 [ 0.5  0.  -1.   0.   0.  -1. ]
 [ 0.5  0.   1.   0.   0.   1. ]
 [ 0.5  1.   0.   0.   1.   0. ]
 [ 1.  -0.5  0.   1.   0.   0. ]
 [ 1.   0.  -0.5  1.   0.   0. ]
 [ 1.   0.   0.5  1.   0.   0. ]
 [ 1.   0.5  0.   1.   0.   0. ]]
Slicing  [ 4.  -1.5  1. ]  to  [ 4. -1.  1.]
Slicing  [ 4.  -1.   0.5]  to  [ 4. -1.  1.]
Slicing  [ 4.  -1.   1.5]  to  [ 4. -1.  1.]
Slicing  [ 4.  -0.5  1. ]  to  [ 4. -1.  1.]
Slicing  [ 4.5 -2.   1. ]  to  [ 5. -2.  1.]
Slicing  [ 4.5 -1.   0. ]  to  [ 5. -1.  0.]
Slicing  [ 4.5 -1.   2. ]  to  [ 5. -1.  2.]
Slicing  [4.5 0.  1. ]  to  [5. 0. 1.]
Slicing  [ 5.  -2.   0.5]  to  [ 5. -2.  1.]
Slicing  [ 5.  -2.   1.5]  to  [ 5. -2.  1.]
Slicing  [ 5.  -1.5  0. ]  to  [ 5. -1.  0.]
Slicing  [ 5.  -1.5  2. ]  to  [ 5. -1.  2.]
Slicing  [ 5.  -0.5  0. ]  to  [ 5. -1.  0.]
Slicing  [ 5.  -0.5  2. ]  to  [ 5. -1.  2.]
Slicing  [5.  0.  0.5]  to  [5. 0. 1.]
Slicing  [5.  0.  1.5]  to  [5. 0. 1.]
Slicing  [ 5.5 -2.   1. ]  to  [ 5. -2.  1.]
Slicing  [ 5.5 -1.   0. ]  to  [ 5. -1.  0.]
Slicing  [ 5.5 -1.   2. ]  to  [ 5. -1.  2.]
Slicing  [5.5 0.  1. ]  to  [5. 0. 1.]
Slicing  [ 6.  -1.5  1. ]  to  [ 6. -1.  1.]
Slicing  [ 6.  -1.   0.5]  to  [ 6. -1.  1.]
Slicing  [ 6.  -1.   1.5]  to  [ 6. -1.  1.]
Slicing  [ 6.  -0.5  1. ]  to  [ 6. -1.  1.]

Generating Report for BZ [ 5 -1  1]

Combining all 19 BZ

BZ [ 5 -1  1] done. Total time elapsed 06:13:11
Processing BZ [1 5 1], path segments from Gamma to X

6 symmetrically equivalent path segments
[[ 0.  0.  0. -1.  0.  0.]
 [ 0.  0.  0.  0. -1.  0.]
 [ 0.  0.  0.  0.  0. -1.]
 [ 0.  0.  0.  0.  0.  1.]
 [ 0.  0.  0.  0.  1.  0.]
 [ 0.  0.  0.  1.  0.  0.]]
Slicing  [1. 5. 1.]  to  [0. 5. 1.]
Slicing  [1. 5. 1.]  to  [1. 4. 1.]
Slicing  [1. 5. 1.]  to  [1. 5. 0.]
Slicing  [1. 5. 1.]  to  [1. 5. 2.]
Slicing  [1. 5. 1.]  to  [1. 6. 1.]
Slicing  [1. 5. 1.]  to  [2. 5. 1.]
Processing BZ [1 5 1], path segments from X to U

24 symmetrically equivalent path segments
[[-1.    0.    0.   -1.   -0.25 -0.25]
 [-1.    0.    0.   -1.   -0.25  0.25]
 [-1.    0.    0.   -1.    0.25 -0.25]
 [-1.    0.    0.   -1.    0.25  0.25]
 [ 0.   -1.    0.   -0.25 -1.   -0.25]
 [ 0.   -1.    0.   -0.25 -1.    0.25]
 [ 0.   -1.    0.    0.25 -1.   -0.25]
 [ 0.   -1.    0.    0.25 -1.    0.25]
 [ 0.    0.   -1.   -0.25 -0.25 -1.  ]
 [ 0.    0.   -1.   -0.25  0.25 -1.  ]
 [ 0.    0.   -1.    0.25 -0.25 -1.  ]
 [ 0.    0.   -1.    0.25  0.25 -1.  ]
 [ 0.    0.    1.   -0.25 -0.25  1.  ]
 [ 0.    0.    1.   -0.25  0.25  1.  ]
 [ 0.    0.    1.    0.25 -0.25  1.  ]
 [ 0.    0.    1.    0.25  0.25  1.  ]
 [ 0.    1.    0.   -0.25  1.   -0.25]
 [ 0.    1.    0.   -0.25  1.    0.25]
 [ 0.    1.    0.    0.25  1.   -0.25]
 [ 0.    1.    0.    0.25  1.    0.25]
 [ 1.    0.    0.    1.   -0.25 -0.25]
 [ 1.    0.    0.    1.   -0.25  0.25]
 [ 1.    0.    0.    1.    0.25 -0.25]
 [ 1.    0.    0.    1.    0.25  0.25]]
Slicing  [0. 5. 1.]  to  [0.   4.75 0.75]
Slicing  [0. 5. 1.]  to  [0.   4.75 1.25]
Slicing  [0. 5. 1.]  to  [0.   5.25 0.75]
Slicing  [0. 5. 1.]  to  [0.   5.25 1.25]
Slicing  [1. 4. 1.]  to  [0.75 4.   0.75]
Slicing  [1. 4. 1.]  to  [0.75 4.   1.25]
Slicing  [1. 4. 1.]  to  [1.25 4.   0.75]
Slicing  [1. 4. 1.]  to  [1.25 4.   1.25]
Slicing  [1. 5. 0.]  to  [0.75 4.75 0.  ]
Slicing  [1. 5. 0.]  to  [0.75 5.25 0.  ]
Slicing  [1. 5. 0.]  to  [1.25 4.75 0.  ]
Slicing  [1. 5. 0.]  to  [1.25 5.25 0.  ]
Slicing  [1. 5. 2.]  to  [0.75 4.75 2.  ]
Slicing  [1. 5. 2.]  to  [0.75 5.25 2.  ]


Processed: 2460/2562 (96.02%) | Elapsed: 06:14:44 | BZ Folding estimated remaining time: 00:15:32


Slicing  [1. 5. 2.]  to  [1.25 4.75 2.  ]
Slicing  [1. 5. 2.]  to  [1.25 5.25 2.  ]
Slicing  [1. 6. 1.]  to  [0.75 6.   0.75]
Slicing  [1. 6. 1.]  to  [0.75 6.   1.25]
Slicing  [1. 6. 1.]  to  [1.25 6.   0.75]
Slicing  [1. 6. 1.]  to  [1.25 6.   1.25]
Slicing  [2. 5. 1.]  to  [2.   4.75 0.75]
Slicing  [2. 5. 1.]  to  [2.   4.75 1.25]
Slicing  [2. 5. 1.]  to  [2.   5.25 0.75]
Slicing  [2. 5. 1.]  to  [2.   5.25 1.25]
Processing BZ [1 5 1], path segments from K to Gamma

12 symmetrically equivalent path segments
[[-0.75 -0.75  0.    0.    0.    0.  ]
 [-0.75  0.   -0.75  0.    0.    0.  ]
 [-0.75  0.    0.75  0.    0.    0.  ]
 [-0.75  0.75  0.    0.    0.    0.  ]
 [ 0.   -0.75 -0.75  0.    0.    0.  ]
 [ 0.   -0.75  0.75  0.    0.    0.  ]
 [ 0.    0.75 -0.75  0.    0.    0.  ]
 [ 0.    0.75  0.75  0.    0.    0.  ]
 [ 0.75 -0.75  0.    0.    0.    0.  ]
 [ 0.75  0.   -0.75  0.    0.    0.  ]
 [ 0.75  0.    0.75  0.    0.    0.  ]
 [ 0.75  0.75  0.    0.    0.    0.  ]]
Slicing  [0.25 4.25 1.  ]  to  [1. 5. 1.]
Slicing  [0.25 5.   0.25]  to  [1. 5. 1.]
Slicing  [0.25 5.   1.75]  to  [1. 5. 1.]
Slicing  [0.25 5.75 1.  ]  to  [1. 5. 1.]
Slicing  [1.   4.25 0.25]  to  [1. 5. 1.]
Slicing  [1.   4.25 1.75]  to  [1. 5. 1.]
Slicing  [1.   5.75 0.25]  to  [1. 5. 1.]
Slicing  [1.   5.75 1.75]  to  [1. 5. 1.]
Slicing  [1.75 4.25 1.  ]  to  [1. 5. 1.]
Slicing  [1.75 5.   0.25]  to  [1. 5. 1.]
Slicing  [1.75 5.   1.75]  to  [1. 5. 1.]
Slicing  [1.75 5.75 1.  ]  to  [1. 5. 1.]
Processing BZ [1 5 1], path segments from Gamma to L

8 symmetrically equivalent path segments
[[ 0.   0.   0.  -0.5 -0.5 -0.5]
 [ 0.   0.   0.  -0.5 -0.5  0.5]
 [ 0.   0.   0.  -0.5  0.5 -0.5]
 [ 0.   0.   0.  -0.5  0.5  0.5]
 [ 0.   0.   0.   0.5 -0.5 -0.5]
 [ 0.   0.   0.   0.5 -0.5  0.5]
 [ 0.   0.   0.   0.5  0.5 -0.5]
 [ 0.   0.   0.   0.5  0.5  0.5]]
Slicing  [1. 5. 1.]  to  [0.5 4.5 0.5]
Slicing  [1. 5. 1.]  to  [0.5 4.5 1.5]
Slicing  [1. 5. 1.]  to  [0.5 5.5 0.5]
Slicing  [1. 5. 1.]  to  [0.5 5.5 1.5]
Slicing  [1. 5. 1.]  to  [1.5 4.5 0.5]
Slicing  [1. 5. 1.]  to  [1.5 4.5 1.5]
Slicing  [1. 5. 1.]  to  [1.5 5.5 0.5]
Slicing  [1. 5. 1.]  to  [1.5 5.5 1.5]
Processing BZ [1 5 1], path segments from L to W

48 symmetrically equivalent path segments
[[-0.5 -0.5 -0.5 -1.  -0.5  0. ]
 [-0.5 -0.5 -0.5 -1.   0.  -0.5]
 [-0.5 -0.5 -0.5 -0.5 -1.   0. ]
 [-0.5 -0.5 -0.5 -0.5  0.  -1. ]
 [-0.5 -0.5 -0.5  0.  -1.  -0.5]
 [-0.5 -0.5 -0.5  0.  -0.5 -1. ]
 [-0.5 -0.5  0.5 -1.  -0.5  0. ]
 [-0.5 -0.5  0.5 -1.   0.   0.5]
 [-0.5 -0.5  0.5 -0.5 -1.   0. ]
 [-0.5 -0.5  0.5 -0.5  0.   1. ]
 [-0.5 -0.5  0.5  0.  -1.   0.5]
 [-0.5 -0.5  0.5  0.  -0.5  1. ]
 [-0.5  0.5 -0.5 -1.   0.  -0.5]
 [-0.5  0.5 -0.5 -1.   0.5  0. ]
 [-0.5  0.5 -0.5 -0.5  0.  -1. ]
 [-0.5  0.5 -0.5 -0.5  1.   0. ]
 [-0.5  0.5 -0.5  0.   0.5 -1. ]
 [-0.5  0.5 -0.5  0.   1.  -0.5]
 [-0.5  0.5  0.5 -1.   0.   0.5]
 [-0.5  0.5  0.5 -1.   0.5  0. ]
 [-0.5  0.5  0.5 -0.5  0.   1. ]
 [-0.5  0.5  0.5 -0.5  1.   0. ]
 [-0.5  0.5  0.5  0.   0.5  1. ]
 [-0.5  0.5  0.5  0.   1.   0.5]
 [ 0.5 -0.5 -0.5  0.  -1.  -0.5]
 [ 0.5 -0.5 -0.5  0.  -0.5 -1. ]
 [ 0.5 -0.5 -0.5  0.5 -1.   0. ]
 [ 0.5 -0.5 -0.5  0.5  0.  -1. ]
 [ 0.5 -0.5 -0.5  1.  -0.5  0. ]
 [ 0.5 -0.5 -0.5  1.   0.  -0.5]
 [ 0.5 -0.5  0.5  0.  -1.   0.5]
 [ 0.5 -0.5  0.5  0.  -0.5  1. ]
 [ 0.5 -0.5  0.5  0.5 -1.   0. ]
 [ 0.5 -0.5  0.5  0.5  0.   1. ]
 [ 0.5 -0.5  0.5  1.  -0.5  0. ]
 [ 0.5 -0.5  0.5  1.   0.   0.5]
 [ 0.5  0.5 -0.5  0.   0.5 -1. ]
 [ 0.5  0.5 -0.5  0.   1.  -0.5]
 [ 0.5  0.5 -0.5  0.5  0.  -1. ]
 [ 0.5  0.5 -0.5  0.5  1.   0. ]
 [ 0.5  0.5 -0.5  1.   0.  -0.5]
 [ 0.5  0.5 -0.5  1.   0.5  0. ]
 [ 0.5  0.5  0.5  0.   0.5  1. ]
 [ 0.5  0.5  0.5  0.   1.   0.5]
 [ 0.5  0.5  0.5  0.5  0.   1. ]
 [ 0.5  0.5  0.5  0.5  1.   0. ]
 [ 0.5  0.5  0.5  1.   0.   0.5]
 [ 0.5  0.5  0.5  1.   0.5  0. ]]
Slicing  [0.5 4.5 0.5]  to  [0.  4.5 1. ]
Slicing  [0.5 4.5 0.5]  to  [0.  5.  0.5]
Slicing  [0.5 4.5 0.5]  to  [0.5 4.  1. ]
Slicing  [0.5 4.5 0.5]  to  [0.5 5.  0. ]
Slicing  [0.5 4.5 0.5]  to  [1.  4.  0.5]
Slicing  [0.5 4.5 0.5]  to  [1.  4.5 0. ]
Slicing  [0.5 4.5 1.5]  to  [0.  4.5 1. ]
Slicing  [0.5 4.5 1.5]  to  [0.  5.  1.5]
Slicing  [0.5 4.5 1.5]  to  [0.5 4.  1. ]
Slicing  [0.5 4.5 1.5]  to  [0.5 5.  2. ]
Slicing  [0.5 4.5 1.5]  to  [1.  4.  1.5]
Slicing  [0.5 4.5 1.5]  to  [1.  4.5 2. ]
Slicing  [0.5 5.5 0.5]  to  [0.  5.  0.5]
Slicing  [0.5 5.5 0.5]  to  [0.  5.5 1. ]
Slicing  [0.5 5.5 0.5]  to  [0.5 5.  0. ]
Slicing  [0.5 5.5 0.5]  to  [0.5 6.  1. ]
Slicing  [0.5 5.5 0.5]  to  [1.  5.5 0. ]
Slicing  [0.5 5.5 0.5]  to  [1.  6.  0.5]
Slicing  [0.5 5.5 1.5]  to  [0.  5.  1.5]
Slicing  [0.5 5.5 1.5]  to  [0.  5.5 1. ]
Slicing  [0.5 5.5 1.5]  to  [0.5 5.  2. ]


Processed: 2511/2562 (98.01%) | Elapsed: 06:22:44 | BZ Folding estimated remaining time: 00:07:46


Slicing  [0.5 5.5 1.5]  to  [0.5 6.  1. ]
Slicing  [0.5 5.5 1.5]  to  [1.  5.5 2. ]
Slicing  [0.5 5.5 1.5]  to  [1.  6.  1.5]
Slicing  [1.5 4.5 0.5]  to  [1.  4.  0.5]
Slicing  [1.5 4.5 0.5]  to  [1.  4.5 0. ]
Slicing  [1.5 4.5 0.5]  to  [1.5 4.  1. ]
Slicing  [1.5 4.5 0.5]  to  [1.5 5.  0. ]
Slicing  [1.5 4.5 0.5]  to  [2.  4.5 1. ]
Slicing  [1.5 4.5 0.5]  to  [2.  5.  0.5]
Slicing  [1.5 4.5 1.5]  to  [1.  4.  1.5]
Slicing  [1.5 4.5 1.5]  to  [1.  4.5 2. ]
Slicing  [1.5 4.5 1.5]  to  [1.5 4.  1. ]
Slicing  [1.5 4.5 1.5]  to  [1.5 5.  2. ]
Slicing  [1.5 4.5 1.5]  to  [2.  4.5 1. ]
Slicing  [1.5 4.5 1.5]  to  [2.  5.  1.5]
Slicing  [1.5 5.5 0.5]  to  [1.  5.5 0. ]
Slicing  [1.5 5.5 0.5]  to  [1.  6.  0.5]
Slicing  [1.5 5.5 0.5]  to  [1.5 5.  0. ]
Slicing  [1.5 5.5 0.5]  to  [1.5 6.  1. ]
Slicing  [1.5 5.5 0.5]  to  [2.  5.  0.5]
Slicing  [1.5 5.5 0.5]  to  [2.  5.5 1. ]
Slicing  [1.5 5.5 1.5]  to  [1.  5.5 2. ]
Slicing  [1.5 5.5 1.5]  to  [1.  6.  1.5]
Slicing  [1.5 5.5 1.5]  to  [1.5 5.  2. ]
Slicing  [1.5 5.5 1.5]  to  [1.5 6.  1. ]
Slicing  [1.5 5.5 1.5]  to  [2.  5.  1.5]
Slicing  [1.5 5.5 1.5]  to  [2.  5.5 1. ]
Processing BZ [1 5 1], path segments from W to X

24 symmetrically equivalent path segments
[[-1.  -0.5  0.  -1.   0.   0. ]
 [-1.   0.  -0.5 -1.   0.   0. ]
 [-1.   0.   0.5 -1.   0.   0. ]
 [-1.   0.5  0.  -1.   0.   0. ]
 [-0.5 -1.   0.   0.  -1.   0. ]
 [-0.5  0.  -1.   0.   0.  -1. ]
 [-0.5  0.   1.   0.   0.   1. ]
 [-0.5  1.   0.   0.   1.   0. ]
 [ 0.  -1.  -0.5  0.  -1.   0. ]
 [ 0.  -1.   0.5  0.  -1.   0. ]
 [ 0.  -0.5 -1.   0.   0.  -1. ]
 [ 0.  -0.5  1.   0.   0.   1. ]
 [ 0.   0.5 -1.   0.   0.  -1. ]
 [ 0.   0.5  1.   0.   0.   1. ]
 [ 0.   1.  -0.5  0.   1.   0. ]
 [ 0.   1.   0.5  0.   1.   0. ]
 [ 0.5 -1.   0.   0.  -1.   0. ]
 [ 0.5  0.  -1.   0.   0.  -1. ]
 [ 0.5  0.   1.   0.   0.   1. ]
 [ 0.5  1.   0.   0.   1.   0. ]
 [ 1.  -0.5  0.   1.   0.   0. ]
 [ 1.   0.  -0.5  1.   0.   0. ]
 [ 1.   0.   0.5  1.   0.   0. ]
 [ 1.   0.5  0.   1.   0.   0. ]]
Slicing  [0.  4.5 1. ]  to  [0. 5. 1.]
Slicing  [0.  5.  0.5]  to  [0. 5. 1.]
Slicing  [0.  5.  1.5]  to  [0. 5. 1.]
Slicing  [0.  5.5 1. ]  to  [0. 5. 1.]
Slicing  [0.5 4.  1. ]  to  [1. 4. 1.]
Slicing  [0.5 5.  0. ]  to  [1. 5. 0.]
Slicing  [0.5 5.  2. ]  to  [1. 5. 2.]
Slicing  [0.5 6.  1. ]  to  [1. 6. 1.]
Slicing  [1.  4.  0.5]  to  [1. 4. 1.]
Slicing  [1.  4.  1.5]  to  [1. 4. 1.]
Slicing  [1.  4.5 0. ]  to  [1. 5. 0.]
Slicing  [1.  4.5 2. ]  to  [1. 5. 2.]
Slicing  [1.  5.5 0. ]  to  [1. 5. 0.]
Slicing  [1.  5.5 2. ]  to  [1. 5. 2.]
Slicing  [1.  6.  0.5]  to  [1. 6. 1.]
Slicing  [1.  6.  1.5]  to  [1. 6. 1.]
Slicing  [1.5 4.  1. ]  to  [1. 4. 1.]
Slicing  [1.5 5.  0. ]  to  [1. 5. 0.]
Slicing  [1.5 5.  2. ]  to  [1. 5. 2.]
Slicing  [1.5 6.  1. ]  to  [1. 6. 1.]
Slicing  [2.  4.5 1. ]  to  [2. 5. 1.]
Slicing  [2.  5.  0.5]  to  [2. 5. 1.]
Slicing  [2.  5.  1.5]  to  [2. 5. 1.]
Slicing  [2.  5.5 1. ]  to  [2. 5. 1.]


Processed: 2562/2562 (100.00%) | Elapsed: 06:30:25 | BZ Folding estimated remaining time: 00:00:00



Generating Report for BZ [1 5 1]

Combining all 20 BZ

BZ [1 5 1] done. Total time elapsed 06:32:24

Folded 21 BZ in 06:32:24
Total expected slices: 384

Point K
Equivalent points in a single BZ:  [[-0.75 -0.75  0.  ]
 [-0.75  0.   -0.75]
 [-0.75  0.    0.75]
 [-0.75  0.75  0.  ]
 [ 0.   -0.75 -0.75]
 [ 0.   -0.75  0.75]
 [ 0.    0.75 -0.75]
 [ 0.    0.75  0.75]
 [ 0.75 -0.75  0.  ]
 [ 0.75  0.   -0.75]
 [ 0.75  0.    0.75]
 [ 0.75  0.75  0.  ]]


Processed: 1/384 (0.26%) | Elapsed: 00:00:06 | 1D Sym Point estimated remaining time: 00:39:52




Processed: 8/384 (2.08%) | Elapsed: 00:00:50 | 1D Sym Point estimated remaining time: 00:39:26




Processed: 16/384 (4.17%) | Elapsed: 00:01:40 | 1D Sym Point estimated remaining time: 00:38:25




Processed: 24/384 (6.25%) | Elapsed: 00:02:30 | 1D Sym Point estimated remaining time: 00:37:42




Processed: 31/384 (8.07%) | Elapsed: 00:03:14 | 1D Sym Point estimated remaining time: 00:36:54




Processed: 39/384 (10.16%) | Elapsed: 00:04:04 | 1D Sym Point estimated remaining time: 00:36:00




Processed: 47/384 (12.24%) | Elapsed: 00:04:53 | 1D Sym Point estimated remaining time: 00:35:04




Processed: 54/384 (14.06%) | Elapsed: 00:05:37 | 1D Sym Point estimated remaining time: 00:34:19




Processed: 62/384 (16.15%) | Elapsed: 00:06:26 | 1D Sym Point estimated remaining time: 00:33:29




Processed: 70/384 (18.23%) | Elapsed: 00:07:17 | 1D Sym Point estimated remaining time: 00:32:41




Processed: 77/384 (20.05%) | Elapsed: 00:08:01 | 1D Sym Point estimated remaining time: 00:31:58




Processed: 85/384 (22.14%) | Elapsed: 00:08:50 | 1D Sym Point estimated remaining time: 00:31:07




Processed: 93/384 (24.22%) | Elapsed: 00:09:42 | 1D Sym Point estimated remaining time: 00:30:22




Processed: 100/384 (26.04%) | Elapsed: 00:10:26 | 1D Sym Point estimated remaining time: 00:29:38




Processed: 108/384 (28.12%) | Elapsed: 00:11:16 | 1D Sym Point estimated remaining time: 00:28:47




Processed: 116/384 (30.21%) | Elapsed: 00:12:06 | 1D Sym Point estimated remaining time: 00:27:57




Processed: 123/384 (32.03%) | Elapsed: 00:12:50 | 1D Sym Point estimated remaining time: 00:27:15




Processed: 131/384 (34.11%) | Elapsed: 00:13:40 | 1D Sym Point estimated remaining time: 00:26:24




Processed: 139/384 (36.20%) | Elapsed: 00:14:30 | 1D Sym Point estimated remaining time: 00:25:34




Processed: 146/384 (38.02%) | Elapsed: 00:15:14 | 1D Sym Point estimated remaining time: 00:24:50




Processed: 154/384 (40.10%) | Elapsed: 00:16:03 | 1D Sym Point estimated remaining time: 00:23:59




Processed: 162/384 (42.19%) | Elapsed: 00:16:53 | 1D Sym Point estimated remaining time: 00:23:09




Processed: 169/384 (44.01%) | Elapsed: 00:17:37 | 1D Sym Point estimated remaining time: 00:22:25




Processed: 177/384 (46.09%) | Elapsed: 00:18:27 | 1D Sym Point estimated remaining time: 00:21:34




Processed: 185/384 (48.18%) | Elapsed: 00:19:16 | 1D Sym Point estimated remaining time: 00:20:44




Processed: 192/384 (50.00%) | Elapsed: 00:20:01 | 1D Sym Point estimated remaining time: 00:20:01




Processed: 200/384 (52.08%) | Elapsed: 00:20:51 | 1D Sym Point estimated remaining time: 00:19:11




Processed: 208/384 (54.17%) | Elapsed: 00:21:41 | 1D Sym Point estimated remaining time: 00:18:20




Processed: 216/384 (56.25%) | Elapsed: 00:22:31 | 1D Sym Point estimated remaining time: 00:17:31




Processed: 223/384 (58.07%) | Elapsed: 00:23:15 | 1D Sym Point estimated remaining time: 00:16:47




Processed: 231/384 (60.16%) | Elapsed: 00:24:04 | 1D Sym Point estimated remaining time: 00:15:56




Processed: 239/384 (62.24%) | Elapsed: 00:24:54 | 1D Sym Point estimated remaining time: 00:15:06




Processed: 246/384 (64.06%) | Elapsed: 00:25:37 | 1D Sym Point estimated remaining time: 00:14:22


Generating Report for K point

Point L
Equivalent points in a single BZ:  [[-0.5 -0.5 -0.5]
 [-0.5 -0.5  0.5]
 [-0.5  0.5 -0.5]
 [-0.5  0.5  0.5]
 [ 0.5 -0.5 -0.5]
 [ 0.5 -0.5  0.5]
 [ 0.5  0.5 -0.5]
 [ 0.5  0.5  0.5]]


Processed: 254/384 (66.15%) | Elapsed: 00:28:00 | 1D Sym Point estimated remaining time: 00:14:19




Processed: 262/384 (68.23%) | Elapsed: 00:29:13 | 1D Sym Point estimated remaining time: 00:13:36




Processed: 269/384 (70.05%) | Elapsed: 00:30:12 | 1D Sym Point estimated remaining time: 00:12:54




Processed: 277/384 (72.14%) | Elapsed: 00:31:21 | 1D Sym Point estimated remaining time: 00:12:06




Processed: 285/384 (74.22%) | Elapsed: 00:32:28 | 1D Sym Point estimated remaining time: 00:11:16




Processed: 292/384 (76.04%) | Elapsed: 00:33:23 | 1D Sym Point estimated remaining time: 00:10:31




Processed: 300/384 (78.12%) | Elapsed: 00:34:26 | 1D Sym Point estimated remaining time: 00:09:38




Processed: 308/384 (80.21%) | Elapsed: 00:35:25 | 1D Sym Point estimated remaining time: 00:08:44




Processed: 315/384 (82.03%) | Elapsed: 00:36:16 | 1D Sym Point estimated remaining time: 00:07:56




Processed: 323/384 (84.11%) | Elapsed: 00:37:12 | 1D Sym Point estimated remaining time: 00:07:01




Processed: 331/384 (86.20%) | Elapsed: 00:38:10 | 1D Sym Point estimated remaining time: 00:06:06




Processed: 338/384 (88.02%) | Elapsed: 00:38:57 | 1D Sym Point estimated remaining time: 00:05:18




Processed: 346/384 (90.10%) | Elapsed: 00:39:55 | 1D Sym Point estimated remaining time: 00:04:23




Processed: 354/384 (92.19%) | Elapsed: 00:40:48 | 1D Sym Point estimated remaining time: 00:03:27




Processed: 361/384 (94.01%) | Elapsed: 00:41:34 | 1D Sym Point estimated remaining time: 00:02:38




Processed: 369/384 (96.09%) | Elapsed: 00:42:29 | 1D Sym Point estimated remaining time: 00:01:43




Processed: 377/384 (98.18%) | Elapsed: 00:43:21 | 1D Sym Point estimated remaining time: 00:00:48




Processed: 384/384 (100.00%) | Elapsed: 00:44:06 | 1D Sym Point estimated remaining time: 00:00:00


Generating Report for L point
