Searching for spacegroup P213
Matching spacegroup found: P 21 3
Space group with Hermann-Mauguin symbol: P 21 3
Point group with:
Lattice system: Cubic
Crystal system: Cubic
Symbol: 23
Processing  1  datasets.
Try loading MDE from /SNS/ARCS/IPTS-21211/shared/Aiden/merged_mde/FeSi_10K_40meV_UBcorrected.nxs
Loading normalization and masking file /SNS/ARCS/IPTS-5307/shared/mantid_reduction/van_mask_Aiden.nxs
BZ cov and thresh in  5.55085825920105
Initial BZ list:  97 [[-2, -2, 0], [-3, -3, 1], [-3, -2, 0], [-2, -3, 0], [-3, -3, 0], [-1, -2, 0], [-2, -3, 1], [-3, -2, 1], [-2, -1, 0], [-3, -3, 2], [-1, -1, 0], [-3, -2, -1], [-2, -3, -1], [-2, -2, -1], [-2, -1, -1], [-1, -2, -1], [-3, -4, 1], [-3, -4, 0], [0, 0, 1], [-3, -3, -1], [-4, -3, 0], [-1, 0, 1], [0, -1, 1], [-4, -3, 1], [-2, -2, 1], [-3, -4, 2], [-2, -4, 0], [-3, -2, 2], [-2, -3, 2], [-1, -1, -1], [-1, 0, 0], [0, -1, 0], [-1, -3, -1], [-1, -3, 0], [-1, -1, 1], [-4, -3, 2], [-2, -1, 1], [-1, -2, 1], [-1, 1, 1], [-4, -2, 1], [-4, -4, 1], [-4, -4, 0], [-4, -3, -1], [-3, -4, -1], [-2, -4, 1], [-4, -2, 0], [0, -2, 0], [-3, -3, 3], [-2, -4, -1], [-3, -1, -1], [-3, -1, 0], [0, -2, -1], [-2, 0, 0], [0, 0, 2], [-4, -2, 2], [0, -1, 2], [0, 1, 1], [-2, -2, 2], [-1, 0, -1], [1, 0, 1], [0, 0, 0], [-3, -4, 3], [-4, -2, -1], [-2, -2, -2], [-2, 0, -1], [-1, 0, 2], [0, -1, -1], [-2, -4, 2], [-1, -1, 2], [-3, -2, -2], [-2, -3, -2], [-2, -1, -2], [1, -1, 1], [-4, -3, 3], [-2, -3, 3], [-4, -4, 2], [-1, -2, -2], [-1, 1, 0], [-3, -5, 0], [-2, -4, 3], [-3, -3, -2], [-1, -3, 1], [-3, -2, 3], [-2, -2, 3], [-3, -1, 1], [-2, -1, 2], [-3, -5, 1], [-4, -4, -1], [-1, -3, -2], [-1, -1, -2], [1, 0, 2], [1, -1, 0], [0, 0, -1], [-5, -3, 0], [-3, -1, -2], [1, -1, 2], [-2, 0, 1]]

Checking for prior progress
0 BZ arrays fully processed and removed:
[]

Data being processed in 97 BZs

BZs: [[-2, -2, 0], [-3, -3, 1], [-3, -2, 0], [-2, -3, 0], [-3, -3, 0], [-1, -2, 0], [-2, -3, 1], [-3, -2, 1], [-2, -1, 0], [-3, -3, 2], [-1, -1, 0], [-3, -2, -1], [-2, -3, -1], [-2, -2, -1], [-2, -1, -1], [-1, -2, -1], [-3, -4, 1], [-3, -4, 0], [0, 0, 1], [-3, -3, -1], [-4, -3, 0], [-1, 0, 1], [0, -1, 1], [-4, -3, 1], [-2, -2, 1], [-3, -4, 2], [-2, -4, 0], [-3, -2, 2], [-2, -3, 2], [-1, -1, -1], [-1, 0, 0], [0, -1, 0], [-1, -3, -1], [-1, -3, 0], [-1, -1, 1], [-4, -3, 2], [-2, -1, 1], [-1, -2, 1], [-1, 1, 1], [-4, -2, 1], [-4, -4, 1], [-4, -4, 0], [-4, -3, -1], [-3, -4, -1], [-2, -4, 1], [-4, -2, 0], [0, -2, 0], [-3, -3, 3], [-2, -4, -1], [-3, -1, -1], [-3, -1, 0], [0, -2, -1], [-2, 0, 0], [0, 0, 2], [-4, -2, 2], [0, -1, 2], [0, 1, 1], [-2, -2, 2], [-1, 0, -1], [1, 0, 1], [0, 0, 0], [-3, -4, 3], [-4, -2, -1], [-2, -2, -2], [-2, 0, -1], [-1, 0, 2], [0, -1, -1], [-2, -4, 2], [-1, -1, 2], [-3, -2, -2], [-2, -3, -2], [-2, -1, -2], [1, -1, 1], [-4, -3, 3], [-2, -3, 3], [-4, -4, 2], [-1, -2, -2], [-1, 1, 0], [-3, -5, 0], [-2, -4, 3], [-3, -3, -2], [-1, -3, 1], [-3, -2, 3], [-2, -2, 3], [-3, -1, 1], [-2, -1, 2], [-3, -5, 1], [-4, -4, -1], [-1, -3, -2], [-1, -1, -2], [1, 0, 2], [1, -1, 0], [0, 0, -1], [-5, -3, 0], [-3, -1, -2], [1, -1, 2], [-2, 0, 1]]
BZ strings for match: set()
No previous simulation data found.
loaded data and norm for sim lens  0 0

6 ('Gamma', 'X') symmetrically equivalent path segments

12 ('X', 'M') symmetrically equivalent path segments

12 ('M', 'Gamma') symmetrically equivalent path segments

4 ('Gamma', 'R') symmetrically equivalent path segments

12 ('R', 'X') symmetrically equivalent path segments


 Total expected slices: 4462


Processing BZ [-2 -2  0], path segments from Gamma to X

6 symmetrically equivalent path segments
[[ 0.   0.   0.  -0.5  0.   0. ]
 [ 0.   0.   0.   0.  -0.5  0. ]
 [ 0.   0.   0.   0.   0.  -0.5]
 [ 0.   0.   0.   0.   0.   0.5]
 [ 0.   0.   0.   0.   0.5  0. ]
 [ 0.   0.   0.   0.5  0.   0. ]]
Slicing  [-2. -2.  0.]  to  [-2.5 -2.   0. ]


Processed: 1/4462 (0.02%) | Elapsed: 00:00:03 | BZ Folding estimated remaining time: 04:36:42


Slicing  [-2. -2.  0.]  to  [-2.  -2.5  0. ]
Slicing  [-2. -2.  0.]  to  [-2.  -2.  -0.5]
Slicing  [-2. -2.  0.]  to  [-2.  -2.   0.5]
Slicing  [-2. -2.  0.]  to  [-2.  -1.5  0. ]
Slicing  [-2. -2.  0.]  to  [-1.5 -2.   0. ]
Processing BZ [-2 -2  0], path segments from X to M

12 symmetrically equivalent path segments
[[-0.5  0.   0.  -0.5  0.  -0.5]
 [-0.5  0.   0.  -0.5  0.   0.5]
 [ 0.  -0.5  0.  -0.5 -0.5  0. ]
 [ 0.  -0.5  0.   0.5 -0.5  0. ]
 [ 0.   0.  -0.5  0.  -0.5 -0.5]
 [ 0.   0.  -0.5  0.   0.5 -0.5]
 [ 0.   0.   0.5  0.  -0.5  0.5]
 [ 0.   0.   0.5  0.   0.5  0.5]
 [ 0.   0.5  0.  -0.5  0.5  0. ]
 [ 0.   0.5  0.   0.5  0.5  0. ]
 [ 0.5  0.   0.   0.5  0.  -0.5]
 [ 0.5  0.   0.   0.5  0.   0.5]]
Slicing  [-2.5 -2.   0. ]  to  [-2.5 -2.  -0.5]
Slicing  [-2.5 -2.   0. ]  to  [-2.5 -2.   0.5]
Slicing  [-2.  -2.5  0. ]  to  [-2.5 -2.5  0. ]
Slicing  [-2.  -2.5  0. ]  to  [-1.5 -2.5  0. ]
Slicing  [-2.  -2.  -0.5]  to  [-2.  -2.5 -0.5]
Slicing  [-2.  -2.  -0.5]  to  [-2.  -1.5 -0.5]
Slicing  [-2.  -2.   0.5]  to  [-2.  -2.5  0.5]
Slicing  [-2.  -2.   0.5]  to  [-2.  -1.5  0.5]
Slicing  [-2.  -1.5  0. ]  to  [-2.5 -1.5  0. ]
Slicing  [-2.  -1.5  0. ]  to  [-1.5 -1.5  0. ]
Slicing  [-1.5 -2.   0. ]  to  [-1.5 -2.  -0.5]
Slicing  [-1.5 -2.   0. ]  to  [-1.5 -2.   0.5]
Processing BZ [-2 -2  0], path segments from M to Gamma

12 symmetrically equivalent path segments
[[-0.5 -0.5  0.   0.   0.   0. ]
 [-0.5  0.  -0.5  0.   0.   0. ]
 [-0.5  0.   0.5  0.   0.   0. ]
 [-0.5  0.5  0.   0.   0.   0. ]
 [ 0.  -0.5 -0.5  0.   0.   0. ]
 [ 0.  -0.5  0.5  0.   0.   0. ]
 [ 0.   0.5 -0.5  0.   0.   0. ]
 [ 0.   0.5  0.5  0.   0.   0. ]
 [ 0.5 -0.5  0.   0.   0.   0. ]
 [ 0.5  0.  -0.5  0.   0.   0. ]
 [ 0.5  0.   0.5  0.   0.   0. ]
 [ 0.5  0.5  0.   0.   0.   0. ]]
Slicing  [-2.5 -2.5  0. ]  to  [-2. -2.  0.]
Slicing  [-2.5 -2.  -0.5]  to  [-2. -2.  0.]
Slicing  [-2.5 -2.   0.5]  to  [-2. -2.  0.]
Slicing  [-2.5 -1.5  0. ]  to  [-2. -2.  0.]
Slicing  [-2.  -2.5 -0.5]  to  [-2. -2.  0.]
Slicing  [-2.  -2.5  0.5]  to  [-2. -2.  0.]
Slicing  [-2.  -1.5 -0.5]  to  [-2. -2.  0.]
Slicing  [-2.  -1.5  0.5]  to  [-2. -2.  0.]
Slicing  [-1.5 -2.5  0. ]  to  [-2. -2.  0.]
Slicing  [-1.5 -2.  -0.5]  to  [-2. -2.  0.]
Slicing  [-1.5 -2.   0.5]  to  [-2. -2.  0.]
Slicing  [-1.5 -1.5  0. ]  to  [-2. -2.  0.]
Processing BZ [-2 -2  0], path segments from Gamma to R

4 symmetrically equivalent path segments
[[ 0.   0.   0.  -0.5 -0.5  0.5]
 [ 0.   0.   0.  -0.5  0.5 -0.5]
 [ 0.   0.   0.   0.5 -0.5 -0.5]
 [ 0.   0.   0.   0.5  0.5  0.5]]
Slicing  [-2. -2.  0.]  to  [-2.5 -2.5  0.5]
Slicing  [-2. -2.  0.]  to  [-2.5 -1.5 -0.5]
Slicing  [-2. -2.  0.]  to  [-1.5 -2.5 -0.5]
Slicing  [-2. -2.  0.]  to  [-1.5 -1.5  0.5]
Processing BZ [-2 -2  0], path segments from R to X

12 symmetrically equivalent path segments
[[-0.5 -0.5  0.5 -0.5  0.   0. ]
 [-0.5 -0.5  0.5  0.  -0.5  0. ]
 [-0.5 -0.5  0.5  0.   0.   0.5]
 [-0.5  0.5 -0.5 -0.5  0.   0. ]
 [-0.5  0.5 -0.5  0.   0.  -0.5]
 [-0.5  0.5 -0.5  0.   0.5  0. ]
 [ 0.5 -0.5 -0.5  0.  -0.5  0. ]
 [ 0.5 -0.5 -0.5  0.   0.  -0.5]
 [ 0.5 -0.5 -0.5  0.5  0.   0. ]
 [ 0.5  0.5  0.5  0.   0.   0.5]
 [ 0.5  0.5  0.5  0.   0.5  0. ]
 [ 0.5  0.5  0.5  0.5  0.   0. ]]
Slicing  [-2.5 -2.5  0.5]  to  [-2.5 -2.   0. ]
Slicing  [-2.5 -2.5  0.5]  to  [-2.  -2.5  0. ]
Slicing  [-2.5 -2.5  0.5]  to  [-2.  -2.   0.5]
Slicing  [-2.5 -1.5 -0.5]  to  [-2.5 -2.   0. ]
Slicing  [-2.5 -1.5 -0.5]  to  [-2.  -2.  -0.5]
Slicing  [-2.5 -1.5 -0.5]  to  [-2.  -1.5  0. ]
Slicing  [-1.5 -2.5 -0.5]  to  [-2.  -2.5  0. ]
Slicing  [-1.5 -2.5 -0.5]  to  [-2.  -2.  -0.5]
Slicing  [-1.5 -2.5 -0.5]  to  [-1.5 -2.   0. ]
Slicing  [-1.5 -1.5  0.5]  to  [-2.  -2.   0.5]
Slicing  [-1.5 -1.5  0.5]  to  [-2.  -1.5  0. ]
Slicing  [-1.5 -1.5  0.5]  to  [-1.5 -2.   0. ]

Generating Report for BZ [-2 -2  0]

Combining all 0 BZ

BZ [-2 -2  0] done. Total time elapsed 00:03:21
Processing BZ [-3 -3  1], path segments from Gamma to X

6 symmetrically equivalent path segments
[[ 0.   0.   0.  -0.5  0.   0. ]
 [ 0.   0.   0.   0.  -0.5  0. ]
 [ 0.   0.   0.   0.   0.  -0.5]
 [ 0.   0.   0.   0.   0.   0.5]
 [ 0.   0.   0.   0.   0.5  0. ]
 [ 0.   0.   0.   0.5  0.   0. ]]
Slicing  [-3. -3.  1.]  to  [-3.5 -3.   1. ]
Slicing  [-3. -3.  1.]  to  [-3.  -3.5  1. ]
Slicing  [-3. -3.  1.]  to  [-3.  -3.   0.5]
Slicing  [-3. -3.  1.]  to  [-3.  -3.   1.5]
Slicing  [-3. -3.  1.]  to  [-3.  -2.5  1. ]
Slicing  [-3. -3.  1.]  to  [-2.5 -3.   1. ]
Processing BZ [-3 -3  1], path segments from X to M

12 symmetrically equivalent path segments
[[-0.5  0.   0.  -0.5  0.  -0.5]
 [-0.5  0.   0.  -0.5  0.   0.5]
 [ 0.  -0.5  0.  -0.5 -0.5  0. ]
 [ 0.  -0.5  0.   0.5 -0.5  0. ]
 [ 0.   0.  -0.5  0.  -0.5 -0.5]
 [ 0.   0.  -0.5  0.   0.5 -0.5]
 [ 0.   0.   0.5  0.  -0.5  0.5]
 [ 0.   0.   0.5  0.   0.5  0.5]
 [ 0.   0.5  0.  -0.5  0.5  0. ]
 [ 0.   0.5  0.   0.5  0.5  0. ]
 [ 0.5  0.   0.   0.5  0.  -0.5]
 [ 0.5  0.   0.   0.5  0.   0.5]]
Slicing  [-3.5 -3.   1. ]  to  [-3.5 -3.   0.5]
Slicing  [-3.5 -3.   1. ]  to  [-3.5 -3.   1.5]
Slicing  [-3.  -3.5  1. ]  to  [-3.5 -3.5  1. ]
Slicing  [-3.  -3.5  1. ]  to  [-2.5 -3.5  1. ]
Slicing  [-3.  -3.   0.5]  to  [-3.  -3.5  0.5]
Slicing  [-3.  -3.   0.5]  to  [-3.  -2.5  0.5]
Slicing  [-3.  -3.   1.5]  to  [-3.  -3.5  1.5]
Slicing  [-3.  -3.   1.5]  to  [-3.  -2.5  1.5]
Slicing  [-3.  -2.5  1. ]  to  [-3.5 -2.5  1. ]
Slicing  [-3.  -2.5  1. ]  to  [-2.5 -2.5  1. ]
Slicing  [-2.5 -3.   1. ]  to  [-2.5 -3.   0.5]
Slicing  [-2.5 -3.   1. ]  to  [-2.5 -3.   1.5]
Processing BZ [-3 -3  1], path segments from M to Gamma

12 symmetrically equivalent path segments
[[-0.5 -0.5  0.   0.   0.   0. ]
 [-0.5  0.  -0.5  0.   0.   0. ]
 [-0.5  0.   0.5  0.   0.   0. ]
 [-0.5  0.5  0.   0.   0.   0. ]
 [ 0.  -0.5 -0.5  0.   0.   0. ]
 [ 0.  -0.5  0.5  0.   0.   0. ]
 [ 0.   0.5 -0.5  0.   0.   0. ]
 [ 0.   0.5  0.5  0.   0.   0. ]
 [ 0.5 -0.5  0.   0.   0.   0. ]
 [ 0.5  0.  -0.5  0.   0.   0. ]
 [ 0.5  0.   0.5  0.   0.   0. ]
 [ 0.5  0.5  0.   0.   0.   0. ]]
Slicing  [-3.5 -3.5  1. ]  to  [-3. -3.  1.]
Slicing  [-3.5 -3.   0.5]  to  [-3. -3.  1.]
Slicing  [-3.5 -3.   1.5]  to  [-3. -3.  1.]
Slicing  [-3.5 -2.5  1. ]  to  [-3. -3.  1.]
Slicing  [-3.  -3.5  0.5]  to  [-3. -3.  1.]
Slicing  [-3.  -3.5  1.5]  to  [-3. -3.  1.]
Slicing  [-3.  -2.5  0.5]  to  [-3. -3.  1.]
Slicing  [-3.  -2.5  1.5]  to  [-3. -3.  1.]
Slicing  [-2.5 -3.5  1. ]  to  [-3. -3.  1.]
Slicing  [-2.5 -3.   0.5]  to  [-3. -3.  1.]
Slicing  [-2.5 -3.   1.5]  to  [-3. -3.  1.]
Slicing  [-2.5 -2.5  1. ]  to  [-3. -3.  1.]
Processing BZ [-3 -3  1], path segments from Gamma to R

4 symmetrically equivalent path segments
[[ 0.   0.   0.  -0.5 -0.5  0.5]
 [ 0.   0.   0.  -0.5  0.5 -0.5]
 [ 0.   0.   0.   0.5 -0.5 -0.5]
 [ 0.   0.   0.   0.5  0.5  0.5]]
Slicing  [-3. -3.  1.]  to  [-3.5 -3.5  1.5]
Slicing  [-3. -3.  1.]  to  [-3.5 -2.5  0.5]
Slicing  [-3. -3.  1.]  to  [-2.5 -3.5  0.5]
Slicing  [-3. -3.  1.]  to  [-2.5 -2.5  1.5]
Processing BZ [-3 -3  1], path segments from R to X

12 symmetrically equivalent path segments
[[-0.5 -0.5  0.5 -0.5  0.   0. ]
 [-0.5 -0.5  0.5  0.  -0.5  0. ]
 [-0.5 -0.5  0.5  0.   0.   0.5]
 [-0.5  0.5 -0.5 -0.5  0.   0. ]
 [-0.5  0.5 -0.5  0.   0.  -0.5]
 [-0.5  0.5 -0.5  0.   0.5  0. ]
 [ 0.5 -0.5 -0.5  0.  -0.5  0. ]
 [ 0.5 -0.5 -0.5  0.   0.  -0.5]
 [ 0.5 -0.5 -0.5  0.5  0.   0. ]
 [ 0.5  0.5  0.5  0.   0.   0.5]
 [ 0.5  0.5  0.5  0.   0.5  0. ]
 [ 0.5  0.5  0.5  0.5  0.   0. ]]
Slicing  [-3.5 -3.5  1.5]  to  [-3.5 -3.   1. ]
Slicing  [-3.5 -3.5  1.5]  to  [-3.  -3.5  1. ]
Slicing  [-3.5 -3.5  1.5]  to  [-3.  -3.   1.5]
Slicing  [-3.5 -2.5  0.5]  to  [-3.5 -3.   1. ]
Slicing  [-3.5 -2.5  0.5]  to  [-3.  -3.   0.5]
Slicing  [-3.5 -2.5  0.5]  to  [-3.  -2.5  1. ]
Slicing  [-2.5 -3.5  0.5]  to  [-3.  -3.5  1. ]
Slicing  [-2.5 -3.5  0.5]  to  [-3.  -3.   0.5]
Slicing  [-2.5 -3.5  0.5]  to  [-2.5 -3.   1. ]
Slicing  [-2.5 -2.5  1.5]  to  [-3.  -3.   1.5]


Processed: 90/4462 (2.02%) | Elapsed: 00:05:35 | BZ Folding estimated remaining time: 04:31:27


Slicing  [-2.5 -2.5  1.5]  to  [-3.  -2.5  1. ]
Slicing  [-2.5 -2.5  1.5]  to  [-2.5 -3.   1. ]

Generating Report for BZ [-3 -3  1]

Combining all 1 BZ

BZ [-3 -3  1] done. Total time elapsed 00:06:19
Processing BZ [-3 -2  0], path segments from Gamma to X

6 symmetrically equivalent path segments
[[ 0.   0.   0.  -0.5  0.   0. ]
 [ 0.   0.   0.   0.  -0.5  0. ]
 [ 0.   0.   0.   0.   0.  -0.5]
 [ 0.   0.   0.   0.   0.   0.5]
 [ 0.   0.   0.   0.   0.5  0. ]
 [ 0.   0.   0.   0.5  0.   0. ]]
Slicing  [-3. -2.  0.]  to  [-3.5 -2.   0. ]
Slicing  [-3. -2.  0.]  to  [-3.  -2.5  0. ]
Slicing  [-3. -2.  0.]  to  [-3.  -2.  -0.5]
Slicing  [-3. -2.  0.]  to  [-3.  -2.   0.5]
Slicing  [-3. -2.  0.]  to  [-3.  -1.5  0. ]
Slicing  [-3. -2.  0.]  to  [-2.5 -2.   0. ]
Processing BZ [-3 -2  0], path segments from X to M

12 symmetrically equivalent path segments
[[-0.5  0.   0.  -0.5  0.  -0.5]
 [-0.5  0.   0.  -0.5  0.   0.5]
 [ 0.  -0.5  0.  -0.5 -0.5  0. ]
 [ 0.  -0.5  0.   0.5 -0.5  0. ]
 [ 0.   0.  -0.5  0.  -0.5 -0.5]
 [ 0.   0.  -0.5  0.   0.5 -0.5]
 [ 0.   0.   0.5  0.  -0.5  0.5]
 [ 0.   0.   0.5  0.   0.5  0.5]
 [ 0.   0.5  0.  -0.5  0.5  0. ]
 [ 0.   0.5  0.   0.5  0.5  0. ]
 [ 0.5  0.   0.   0.5  0.  -0.5]
 [ 0.5  0.   0.   0.5  0.   0.5]]
Slicing  [-3.5 -2.   0. ]  to  [-3.5 -2.  -0.5]
Slicing  [-3.5 -2.   0. ]  to  [-3.5 -2.   0.5]
Slicing  [-3.  -2.5  0. ]  to  [-3.5 -2.5  0. ]
Slicing  [-3.  -2.5  0. ]  to  [-2.5 -2.5  0. ]
Slicing  [-3.  -2.  -0.5]  to  [-3.  -2.5 -0.5]
Slicing  [-3.  -2.  -0.5]  to  [-3.  -1.5 -0.5]
Slicing  [-3.  -2.   0.5]  to  [-3.  -2.5  0.5]
Slicing  [-3.  -2.   0.5]  to  [-3.  -1.5  0.5]
Slicing  [-3.  -1.5  0. ]  to  [-3.5 -1.5  0. ]
Slicing  [-3.  -1.5  0. ]  to  [-2.5 -1.5  0. ]
Slicing  [-2.5 -2.   0. ]  to  [-2.5 -2.  -0.5]
Slicing  [-2.5 -2.   0. ]  to  [-2.5 -2.   0.5]
Processing BZ [-3 -2  0], path segments from M to Gamma

12 symmetrically equivalent path segments
[[-0.5 -0.5  0.   0.   0.   0. ]
 [-0.5  0.  -0.5  0.   0.   0. ]
 [-0.5  0.   0.5  0.   0.   0. ]
 [-0.5  0.5  0.   0.   0.   0. ]
 [ 0.  -0.5 -0.5  0.   0.   0. ]
 [ 0.  -0.5  0.5  0.   0.   0. ]
 [ 0.   0.5 -0.5  0.   0.   0. ]
 [ 0.   0.5  0.5  0.   0.   0. ]
 [ 0.5 -0.5  0.   0.   0.   0. ]
 [ 0.5  0.  -0.5  0.   0.   0. ]
 [ 0.5  0.   0.5  0.   0.   0. ]
 [ 0.5  0.5  0.   0.   0.   0. ]]
Slicing  [-3.5 -2.5  0. ]  to  [-3. -2.  0.]
Slicing  [-3.5 -2.  -0.5]  to  [-3. -2.  0.]
Slicing  [-3.5 -2.   0.5]  to  [-3. -2.  0.]
Slicing  [-3.5 -1.5  0. ]  to  [-3. -2.  0.]
Slicing  [-3.  -2.5 -0.5]  to  [-3. -2.  0.]
Slicing  [-3.  -2.5  0.5]  to  [-3. -2.  0.]
Slicing  [-3.  -1.5 -0.5]  to  [-3. -2.  0.]
Slicing  [-3.  -1.5  0.5]  to  [-3. -2.  0.]
Slicing  [-2.5 -2.5  0. ]  to  [-3. -2.  0.]
Slicing  [-2.5 -2.  -0.5]  to  [-3. -2.  0.]
Slicing  [-2.5 -2.   0.5]  to  [-3. -2.  0.]
Slicing  [-2.5 -1.5  0. ]  to  [-3. -2.  0.]
Processing BZ [-3 -2  0], path segments from Gamma to R

4 symmetrically equivalent path segments
[[ 0.   0.   0.  -0.5 -0.5  0.5]
 [ 0.   0.   0.  -0.5  0.5 -0.5]
 [ 0.   0.   0.   0.5 -0.5 -0.5]
 [ 0.   0.   0.   0.5  0.5  0.5]]
Slicing  [-3. -2.  0.]  to  [-3.5 -2.5  0.5]
Slicing  [-3. -2.  0.]  to  [-3.5 -1.5 -0.5]
Slicing  [-3. -2.  0.]  to  [-2.5 -2.5 -0.5]
Slicing  [-3. -2.  0.]  to  [-2.5 -1.5  0.5]
Processing BZ [-3 -2  0], path segments from R to X

12 symmetrically equivalent path segments
[[-0.5 -0.5  0.5 -0.5  0.   0. ]
 [-0.5 -0.5  0.5  0.  -0.5  0. ]
 [-0.5 -0.5  0.5  0.   0.   0.5]
 [-0.5  0.5 -0.5 -0.5  0.   0. ]
 [-0.5  0.5 -0.5  0.   0.  -0.5]
 [-0.5  0.5 -0.5  0.   0.5  0. ]
 [ 0.5 -0.5 -0.5  0.  -0.5  0. ]
 [ 0.5 -0.5 -0.5  0.   0.  -0.5]
 [ 0.5 -0.5 -0.5  0.5  0.   0. ]
 [ 0.5  0.5  0.5  0.   0.   0.5]
 [ 0.5  0.5  0.5  0.   0.5  0. ]
 [ 0.5  0.5  0.5  0.5  0.   0. ]]
Slicing  [-3.5 -2.5  0.5]  to  [-3.5 -2.   0. ]
Slicing  [-3.5 -2.5  0.5]  to  [-3.  -2.5  0. ]
Slicing  [-3.5 -2.5  0.5]  to  [-3.  -2.   0.5]
Slicing  [-3.5 -1.5 -0.5]  to  [-3.5 -2.   0. ]
Slicing  [-3.5 -1.5 -0.5]  to  [-3.  -2.  -0.5]
Slicing  [-3.5 -1.5 -0.5]  to  [-3.  -1.5  0. ]
Slicing  [-2.5 -2.5 -0.5]  to  [-3.  -2.5  0. ]
Slicing  [-2.5 -2.5 -0.5]  to  [-3.  -2.  -0.5]
Slicing  [-2.5 -2.5 -0.5]  to  [-2.5 -2.   0. ]
Slicing  [-2.5 -1.5  0.5]  to  [-3.  -2.   0.5]
Slicing  [-2.5 -1.5  0.5]  to  [-3.  -1.5  0. ]
Slicing  [-2.5 -1.5  0.5]  to  [-2.5 -2.   0. ]

Generating Report for BZ [-3 -2  0]

Combining all 2 BZ

BZ [-3 -2  0] done. Total time elapsed 00:09:26
Processing BZ [-2 -3  0], path segments from Gamma to X

6 symmetrically equivalent path segments
[[ 0.   0.   0.  -0.5  0.   0. ]
 [ 0.   0.   0.   0.  -0.5  0. ]
 [ 0.   0.   0.   0.   0.  -0.5]
 [ 0.   0.   0.   0.   0.   0.5]
 [ 0.   0.   0.   0.   0.5  0. ]
 [ 0.   0.   0.   0.5  0.   0. ]]
Slicing  [-2. -3.  0.]  to  [-2.5 -3.   0. ]
Slicing  [-2. -3.  0.]  to  [-2.  -3.5  0. ]
Slicing  [-2. -3.  0.]  to  [-2.  -3.  -0.5]
Slicing  [-2. -3.  0.]  to  [-2.  -3.   0.5]
Slicing  [-2. -3.  0.]  to  [-2.  -2.5  0. ]
Slicing  [-2. -3.  0.]  to  [-1.5 -3.   0. ]
Processing BZ [-2 -3  0], path segments from X to M

12 symmetrically equivalent path segments
[[-0.5  0.   0.  -0.5  0.  -0.5]
 [-0.5  0.   0.  -0.5  0.   0.5]
 [ 0.  -0.5  0.  -0.5 -0.5  0. ]
 [ 0.  -0.5  0.   0.5 -0.5  0. ]
 [ 0.   0.  -0.5  0.  -0.5 -0.5]
 [ 0.   0.  -0.5  0.   0.5 -0.5]
 [ 0.   0.   0.5  0.  -0.5  0.5]
 [ 0.   0.   0.5  0.   0.5  0.5]
 [ 0.   0.5  0.  -0.5  0.5  0. ]
 [ 0.   0.5  0.   0.5  0.5  0. ]
 [ 0.5  0.   0.   0.5  0.  -0.5]
 [ 0.5  0.   0.   0.5  0.   0.5]]
Slicing  [-2.5 -3.   0. ]  to  [-2.5 -3.  -0.5]
Slicing  [-2.5 -3.   0. ]  to  [-2.5 -3.   0.5]
Slicing  [-2.  -3.5  0. ]  to  [-2.5 -3.5  0. ]
Slicing  [-2.  -3.5  0. ]  to  [-1.5 -3.5  0. ]
Slicing  [-2.  -3.  -0.5]  to  [-2.  -3.5 -0.5]
Slicing  [-2.  -3.  -0.5]  to  [-2.  -2.5 -0.5]
Slicing  [-2.  -3.   0.5]  to  [-2.  -3.5  0.5]
Slicing  [-2.  -3.   0.5]  to  [-2.  -2.5  0.5]
Slicing  [-2.  -2.5  0. ]  to  [-2.5 -2.5  0. ]
Slicing  [-2.  -2.5  0. ]  to  [-1.5 -2.5  0. ]
Slicing  [-1.5 -3.   0. ]  to  [-1.5 -3.  -0.5]
Slicing  [-1.5 -3.   0. ]  to  [-1.5 -3.   0.5]
Processing BZ [-2 -3  0], path segments from M to Gamma

12 symmetrically equivalent path segments
[[-0.5 -0.5  0.   0.   0.   0. ]
 [-0.5  0.  -0.5  0.   0.   0. ]
 [-0.5  0.   0.5  0.   0.   0. ]
 [-0.5  0.5  0.   0.   0.   0. ]
 [ 0.  -0.5 -0.5  0.   0.   0. ]
 [ 0.  -0.5  0.5  0.   0.   0. ]
 [ 0.   0.5 -0.5  0.   0.   0. ]
 [ 0.   0.5  0.5  0.   0.   0. ]
 [ 0.5 -0.5  0.   0.   0.   0. ]
 [ 0.5  0.  -0.5  0.   0.   0. ]
 [ 0.5  0.   0.5  0.   0.   0. ]
 [ 0.5  0.5  0.   0.   0.   0. ]]
Slicing  [-2.5 -3.5  0. ]  to  [-2. -3.  0.]
Slicing  [-2.5 -3.  -0.5]  to  [-2. -3.  0.]
Slicing  [-2.5 -3.   0.5]  to  [-2. -3.  0.]
Slicing  [-2.5 -2.5  0. ]  to  [-2. -3.  0.]
Slicing  [-2.  -3.5 -0.5]  to  [-2. -3.  0.]
Slicing  [-2.  -3.5  0.5]  to  [-2. -3.  0.]
Slicing  [-2.  -2.5 -0.5]  to  [-2. -3.  0.]
Slicing  [-2.  -2.5  0.5]  to  [-2. -3.  0.]
Slicing  [-1.5 -3.5  0. ]  to  [-2. -3.  0.]
Slicing  [-1.5 -3.  -0.5]  to  [-2. -3.  0.]
Slicing  [-1.5 -3.   0.5]  to  [-2. -3.  0.]
Slicing  [-1.5 -2.5  0. ]  to  [-2. -3.  0.]
Processing BZ [-2 -3  0], path segments from Gamma to R

4 symmetrically equivalent path segments
[[ 0.   0.   0.  -0.5 -0.5  0.5]
 [ 0.   0.   0.  -0.5  0.5 -0.5]
 [ 0.   0.   0.   0.5 -0.5 -0.5]
 [ 0.   0.   0.   0.5  0.5  0.5]]
Slicing  [-2. -3.  0.]  to  [-2.5 -3.5  0.5]
Slicing  [-2. -3.  0.]  to  [-2.5 -2.5 -0.5]
Slicing  [-2. -3.  0.]  to  [-1.5 -3.5 -0.5]
Slicing  [-2. -3.  0.]  to  [-1.5 -2.5  0.5]
Processing BZ [-2 -3  0], path segments from R to X

12 symmetrically equivalent path segments
[[-0.5 -0.5  0.5 -0.5  0.   0. ]
 [-0.5 -0.5  0.5  0.  -0.5  0. ]
 [-0.5 -0.5  0.5  0.   0.   0.5]
 [-0.5  0.5 -0.5 -0.5  0.   0. ]
 [-0.5  0.5 -0.5  0.   0.  -0.5]
 [-0.5  0.5 -0.5  0.   0.5  0. ]
 [ 0.5 -0.5 -0.5  0.  -0.5  0. ]
 [ 0.5 -0.5 -0.5  0.   0.  -0.5]
 [ 0.5 -0.5 -0.5  0.5  0.   0. ]
 [ 0.5  0.5  0.5  0.   0.   0.5]
 [ 0.5  0.5  0.5  0.   0.5  0. ]
 [ 0.5  0.5  0.5  0.5  0.   0. ]]
Slicing  [-2.5 -3.5  0.5]  to  [-2.5 -3.   0. ]
Slicing  [-2.5 -3.5  0.5]  to  [-2.  -3.5  0. ]
Slicing  [-2.5 -3.5  0.5]  to  [-2.  -3.   0.5]
Slicing  [-2.5 -2.5 -0.5]  to  [-2.5 -3.   0. ]
Slicing  [-2.5 -2.5 -0.5]  to  [-2.  -3.  -0.5]
Slicing  [-2.5 -2.5 -0.5]  to  [-2.  -2.5  0. ]
Slicing  [-1.5 -3.5 -0.5]  to  [-2.  -3.5  0. ]


Processed: 179/4462 (4.01%) | Elapsed: 00:11:30 | BZ Folding estimated remaining time: 04:35:18


Slicing  [-1.5 -3.5 -0.5]  to  [-2.  -3.  -0.5]
Slicing  [-1.5 -3.5 -0.5]  to  [-1.5 -3.   0. ]
Slicing  [-1.5 -2.5  0.5]  to  [-2.  -3.   0.5]
Slicing  [-1.5 -2.5  0.5]  to  [-2.  -2.5  0. ]
Slicing  [-1.5 -2.5  0.5]  to  [-1.5 -3.   0. ]

Generating Report for BZ [-2 -3  0]

Combining all 3 BZ

BZ [-2 -3  0] done. Total time elapsed 00:12:25
Processing BZ [-3 -3  0], path segments from Gamma to X

6 symmetrically equivalent path segments
[[ 0.   0.   0.  -0.5  0.   0. ]
 [ 0.   0.   0.   0.  -0.5  0. ]
 [ 0.   0.   0.   0.   0.  -0.5]
 [ 0.   0.   0.   0.   0.   0.5]
 [ 0.   0.   0.   0.   0.5  0. ]
 [ 0.   0.   0.   0.5  0.   0. ]]
Slicing  [-3. -3.  0.]  to  [-3.5 -3.   0. ]
Slicing  [-3. -3.  0.]  to  [-3.  -3.5  0. ]
Slicing  [-3. -3.  0.]  to  [-3.  -3.  -0.5]
Slicing  [-3. -3.  0.]  to  [-3.  -3.   0.5]
Slicing  [-3. -3.  0.]  to  [-3.  -2.5  0. ]
Slicing  [-3. -3.  0.]  to  [-2.5 -3.   0. ]
Processing BZ [-3 -3  0], path segments from X to M

12 symmetrically equivalent path segments
[[-0.5  0.   0.  -0.5  0.  -0.5]
 [-0.5  0.   0.  -0.5  0.   0.5]
 [ 0.  -0.5  0.  -0.5 -0.5  0. ]
 [ 0.  -0.5  0.   0.5 -0.5  0. ]
 [ 0.   0.  -0.5  0.  -0.5 -0.5]
 [ 0.   0.  -0.5  0.   0.5 -0.5]
 [ 0.   0.   0.5  0.  -0.5  0.5]
 [ 0.   0.   0.5  0.   0.5  0.5]
 [ 0.   0.5  0.  -0.5  0.5  0. ]
 [ 0.   0.5  0.   0.5  0.5  0. ]
 [ 0.5  0.   0.   0.5  0.  -0.5]
 [ 0.5  0.   0.   0.5  0.   0.5]]
Slicing  [-3.5 -3.   0. ]  to  [-3.5 -3.  -0.5]
Slicing  [-3.5 -3.   0. ]  to  [-3.5 -3.   0.5]
Slicing  [-3.  -3.5  0. ]  to  [-3.5 -3.5  0. ]
Slicing  [-3.  -3.5  0. ]  to  [-2.5 -3.5  0. ]
Slicing  [-3.  -3.  -0.5]  to  [-3.  -3.5 -0.5]
Slicing  [-3.  -3.  -0.5]  to  [-3.  -2.5 -0.5]
Slicing  [-3.  -3.   0.5]  to  [-3.  -3.5  0.5]
Slicing  [-3.  -3.   0.5]  to  [-3.  -2.5  0.5]
Slicing  [-3.  -2.5  0. ]  to  [-3.5 -2.5  0. ]
Slicing  [-3.  -2.5  0. ]  to  [-2.5 -2.5  0. ]
Slicing  [-2.5 -3.   0. ]  to  [-2.5 -3.  -0.5]
Slicing  [-2.5 -3.   0. ]  to  [-2.5 -3.   0.5]
Processing BZ [-3 -3  0], path segments from M to Gamma

12 symmetrically equivalent path segments
[[-0.5 -0.5  0.   0.   0.   0. ]
 [-0.5  0.  -0.5  0.   0.   0. ]
 [-0.5  0.   0.5  0.   0.   0. ]
 [-0.5  0.5  0.   0.   0.   0. ]
 [ 0.  -0.5 -0.5  0.   0.   0. ]
 [ 0.  -0.5  0.5  0.   0.   0. ]
 [ 0.   0.5 -0.5  0.   0.   0. ]
 [ 0.   0.5  0.5  0.   0.   0. ]
 [ 0.5 -0.5  0.   0.   0.   0. ]
 [ 0.5  0.  -0.5  0.   0.   0. ]
 [ 0.5  0.   0.5  0.   0.   0. ]
 [ 0.5  0.5  0.   0.   0.   0. ]]
Slicing  [-3.5 -3.5  0. ]  to  [-3. -3.  0.]
Slicing  [-3.5 -3.  -0.5]  to  [-3. -3.  0.]
Slicing  [-3.5 -3.   0.5]  to  [-3. -3.  0.]
Slicing  [-3.5 -2.5  0. ]  to  [-3. -3.  0.]
Slicing  [-3.  -3.5 -0.5]  to  [-3. -3.  0.]
Slicing  [-3.  -3.5  0.5]  to  [-3. -3.  0.]
Slicing  [-3.  -2.5 -0.5]  to  [-3. -3.  0.]
Slicing  [-3.  -2.5  0.5]  to  [-3. -3.  0.]
Slicing  [-2.5 -3.5  0. ]  to  [-3. -3.  0.]
Slicing  [-2.5 -3.  -0.5]  to  [-3. -3.  0.]
Slicing  [-2.5 -3.   0.5]  to  [-3. -3.  0.]
Slicing  [-2.5 -2.5  0. ]  to  [-3. -3.  0.]
Processing BZ [-3 -3  0], path segments from Gamma to R

4 symmetrically equivalent path segments
[[ 0.   0.   0.  -0.5 -0.5  0.5]
 [ 0.   0.   0.  -0.5  0.5 -0.5]
 [ 0.   0.   0.   0.5 -0.5 -0.5]
 [ 0.   0.   0.   0.5  0.5  0.5]]
Slicing  [-3. -3.  0.]  to  [-3.5 -3.5  0.5]
Slicing  [-3. -3.  0.]  to  [-3.5 -2.5 -0.5]
Slicing  [-3. -3.  0.]  to  [-2.5 -3.5 -0.5]
Slicing  [-3. -3.  0.]  to  [-2.5 -2.5  0.5]
Processing BZ [-3 -3  0], path segments from R to X

12 symmetrically equivalent path segments
[[-0.5 -0.5  0.5 -0.5  0.   0. ]
 [-0.5 -0.5  0.5  0.  -0.5  0. ]
 [-0.5 -0.5  0.5  0.   0.   0.5]
 [-0.5  0.5 -0.5 -0.5  0.   0. ]
 [-0.5  0.5 -0.5  0.   0.  -0.5]
 [-0.5  0.5 -0.5  0.   0.5  0. ]
 [ 0.5 -0.5 -0.5  0.  -0.5  0. ]
 [ 0.5 -0.5 -0.5  0.   0.  -0.5]
 [ 0.5 -0.5 -0.5  0.5  0.   0. ]
 [ 0.5  0.5  0.5  0.   0.   0.5]
 [ 0.5  0.5  0.5  0.   0.5  0. ]
 [ 0.5  0.5  0.5  0.5  0.   0. ]]
Slicing  [-3.5 -3.5  0.5]  to  [-3.5 -3.   0. ]
Slicing  [-3.5 -3.5  0.5]  to  [-3.  -3.5  0. ]
Slicing  [-3.5 -3.5  0.5]  to  [-3.  -3.   0.5]
Slicing  [-3.5 -2.5 -0.5]  to  [-3.5 -3.   0. ]
Slicing  [-3.5 -2.5 -0.5]  to  [-3.  -3.  -0.5]
Slicing  [-3.5 -2.5 -0.5]  to  [-3.  -2.5  0. ]
Slicing  [-2.5 -3.5 -0.5]  to  [-3.  -3.5  0. ]
Slicing  [-2.5 -3.5 -0.5]  to  [-3.  -3.  -0.5]
Slicing  [-2.5 -3.5 -0.5]  to  [-2.5 -3.   0. ]
Slicing  [-2.5 -2.5  0.5]  to  [-3.  -3.   0.5]
Slicing  [-2.5 -2.5  0.5]  to  [-3.  -2.5  0. ]
Slicing  [-2.5 -2.5  0.5]  to  [-2.5 -3.   0. ]

Generating Report for BZ [-3 -3  0]

Combining all 4 BZ

BZ [-3 -3  0] done. Total time elapsed 00:15:25
Processing BZ [-1 -2  0], path segments from Gamma to X

6 symmetrically equivalent path segments
[[ 0.   0.   0.  -0.5  0.   0. ]
 [ 0.   0.   0.   0.  -0.5  0. ]
 [ 0.   0.   0.   0.   0.  -0.5]
 [ 0.   0.   0.   0.   0.   0.5]
 [ 0.   0.   0.   0.   0.5  0. ]
 [ 0.   0.   0.   0.5  0.   0. ]]
Slicing  [-1. -2.  0.]  to  [-1.5 -2.   0. ]
Slicing  [-1. -2.  0.]  to  [-1.  -2.5  0. ]
Slicing  [-1. -2.  0.]  to  [-1.  -2.  -0.5]
Slicing  [-1. -2.  0.]  to  [-1.  -2.   0.5]
Slicing  [-1. -2.  0.]  to  [-1.  -1.5  0. ]
Slicing  [-1. -2.  0.]  to  [-0.5 -2.   0. ]
Processing BZ [-1 -2  0], path segments from X to M

12 symmetrically equivalent path segments
[[-0.5  0.   0.  -0.5  0.  -0.5]
 [-0.5  0.   0.  -0.5  0.   0.5]
 [ 0.  -0.5  0.  -0.5 -0.5  0. ]
 [ 0.  -0.5  0.   0.5 -0.5  0. ]
 [ 0.   0.  -0.5  0.  -0.5 -0.5]
 [ 0.   0.  -0.5  0.   0.5 -0.5]
 [ 0.   0.   0.5  0.  -0.5  0.5]
 [ 0.   0.   0.5  0.   0.5  0.5]
 [ 0.   0.5  0.  -0.5  0.5  0. ]
 [ 0.   0.5  0.   0.5  0.5  0. ]
 [ 0.5  0.   0.   0.5  0.  -0.5]
 [ 0.5  0.   0.   0.5  0.   0.5]]
Slicing  [-1.5 -2.   0. ]  to  [-1.5 -2.  -0.5]
Slicing  [-1.5 -2.   0. ]  to  [-1.5 -2.   0.5]
Slicing  [-1.  -2.5  0. ]  to  [-1.5 -2.5  0. ]
Slicing  [-1.  -2.5  0. ]  to  [-0.5 -2.5  0. ]
Slicing  [-1.  -2.  -0.5]  to  [-1.  -2.5 -0.5]
Slicing  [-1.  -2.  -0.5]  to  [-1.  -1.5 -0.5]
Slicing  [-1.  -2.   0.5]  to  [-1.  -2.5  0.5]
Slicing  [-1.  -2.   0.5]  to  [-1.  -1.5  0.5]
Slicing  [-1.  -1.5  0. ]  to  [-1.5 -1.5  0. ]
Slicing  [-1.  -1.5  0. ]  to  [-0.5 -1.5  0. ]
Slicing  [-0.5 -2.   0. ]  to  [-0.5 -2.  -0.5]
Slicing  [-0.5 -2.   0. ]  to  [-0.5 -2.   0.5]
Processing BZ [-1 -2  0], path segments from M to Gamma

12 symmetrically equivalent path segments
[[-0.5 -0.5  0.   0.   0.   0. ]
 [-0.5  0.  -0.5  0.   0.   0. ]
 [-0.5  0.   0.5  0.   0.   0. ]
 [-0.5  0.5  0.   0.   0.   0. ]
 [ 0.  -0.5 -0.5  0.   0.   0. ]
 [ 0.  -0.5  0.5  0.   0.   0. ]
 [ 0.   0.5 -0.5  0.   0.   0. ]
 [ 0.   0.5  0.5  0.   0.   0. ]
 [ 0.5 -0.5  0.   0.   0.   0. ]
 [ 0.5  0.  -0.5  0.   0.   0. ]
 [ 0.5  0.   0.5  0.   0.   0. ]
 [ 0.5  0.5  0.   0.   0.   0. ]]
Slicing  [-1.5 -2.5  0. ]  to  [-1. -2.  0.]
Slicing  [-1.5 -2.  -0.5]  to  [-1. -2.  0.]
Slicing  [-1.5 -2.   0.5]  to  [-1. -2.  0.]
Slicing  [-1.5 -1.5  0. ]  to  [-1. -2.  0.]
Slicing  [-1.  -2.5 -0.5]  to  [-1. -2.  0.]
Slicing  [-1.  -2.5  0.5]  to  [-1. -2.  0.]
Slicing  [-1.  -1.5 -0.5]  to  [-1. -2.  0.]
Slicing  [-1.  -1.5  0.5]  to  [-1. -2.  0.]
Slicing  [-0.5 -2.5  0. ]  to  [-1. -2.  0.]
Slicing  [-0.5 -2.  -0.5]  to  [-1. -2.  0.]
Slicing  [-0.5 -2.   0.5]  to  [-1. -2.  0.]
Slicing  [-0.5 -1.5  0. ]  to  [-1. -2.  0.]
Processing BZ [-1 -2  0], path segments from Gamma to R

4 symmetrically equivalent path segments
[[ 0.   0.   0.  -0.5 -0.5  0.5]
 [ 0.   0.   0.  -0.5  0.5 -0.5]
 [ 0.   0.   0.   0.5 -0.5 -0.5]
 [ 0.   0.   0.   0.5  0.5  0.5]]
Slicing  [-1. -2.  0.]  to  [-1.5 -2.5  0.5]
Slicing  [-1. -2.  0.]  to  [-1.5 -1.5 -0.5]
Slicing  [-1. -2.  0.]  to  [-0.5 -2.5 -0.5]
Slicing  [-1. -2.  0.]  to  [-0.5 -1.5  0.5]
Processing BZ [-1 -2  0], path segments from R to X

12 symmetrically equivalent path segments
[[-0.5 -0.5  0.5 -0.5  0.   0. ]
 [-0.5 -0.5  0.5  0.  -0.5  0. ]
 [-0.5 -0.5  0.5  0.   0.   0.5]
 [-0.5  0.5 -0.5 -0.5  0.   0. ]
 [-0.5  0.5 -0.5  0.   0.  -0.5]
 [-0.5  0.5 -0.5  0.   0.5  0. ]
 [ 0.5 -0.5 -0.5  0.  -0.5  0. ]
 [ 0.5 -0.5 -0.5  0.   0.  -0.5]
 [ 0.5 -0.5 -0.5  0.5  0.   0. ]
 [ 0.5  0.5  0.5  0.   0.   0.5]
 [ 0.5  0.5  0.5  0.   0.5  0. ]
 [ 0.5  0.5  0.5  0.5  0.   0. ]]
Slicing  [-1.5 -2.5  0.5]  to  [-1.5 -2.   0. ]
Slicing  [-1.5 -2.5  0.5]  to  [-1.  -2.5  0. ]
Slicing  [-1.5 -2.5  0.5]  to  [-1.  -2.   0.5]
Slicing  [-1.5 -1.5 -0.5]  to  [-1.5 -2.   0. ]


Processed: 268/4462 (6.01%) | Elapsed: 00:17:16 | BZ Folding estimated remaining time: 04:30:12


Slicing  [-1.5 -1.5 -0.5]  to  [-1.  -2.  -0.5]
Slicing  [-1.5 -1.5 -0.5]  to  [-1.  -1.5  0. ]
Slicing  [-0.5 -2.5 -0.5]  to  [-1.  -2.5  0. ]
Slicing  [-0.5 -2.5 -0.5]  to  [-1.  -2.  -0.5]
Slicing  [-0.5 -2.5 -0.5]  to  [-0.5 -2.   0. ]
Slicing  [-0.5 -1.5  0.5]  to  [-1.  -2.   0.5]
Slicing  [-0.5 -1.5  0.5]  to  [-1.  -1.5  0. ]
Slicing  [-0.5 -1.5  0.5]  to  [-0.5 -2.   0. ]

Generating Report for BZ [-1 -2  0]

Combining all 5 BZ

BZ [-1 -2  0] done. Total time elapsed 00:18:21
Processing BZ [-2 -3  1], path segments from Gamma to X

6 symmetrically equivalent path segments
[[ 0.   0.   0.  -0.5  0.   0. ]
 [ 0.   0.   0.   0.  -0.5  0. ]
 [ 0.   0.   0.   0.   0.  -0.5]
 [ 0.   0.   0.   0.   0.   0.5]
 [ 0.   0.   0.   0.   0.5  0. ]
 [ 0.   0.   0.   0.5  0.   0. ]]
Slicing  [-2. -3.  1.]  to  [-2.5 -3.   1. ]
Slicing  [-2. -3.  1.]  to  [-2.  -3.5  1. ]
Slicing  [-2. -3.  1.]  to  [-2.  -3.   0.5]
Slicing  [-2. -3.  1.]  to  [-2.  -3.   1.5]
Slicing  [-2. -3.  1.]  to  [-2.  -2.5  1. ]
Slicing  [-2. -3.  1.]  to  [-1.5 -3.   1. ]
Processing BZ [-2 -3  1], path segments from X to M

12 symmetrically equivalent path segments
[[-0.5  0.   0.  -0.5  0.  -0.5]
 [-0.5  0.   0.  -0.5  0.   0.5]
 [ 0.  -0.5  0.  -0.5 -0.5  0. ]
 [ 0.  -0.5  0.   0.5 -0.5  0. ]
 [ 0.   0.  -0.5  0.  -0.5 -0.5]
 [ 0.   0.  -0.5  0.   0.5 -0.5]
 [ 0.   0.   0.5  0.  -0.5  0.5]
 [ 0.   0.   0.5  0.   0.5  0.5]
 [ 0.   0.5  0.  -0.5  0.5  0. ]
 [ 0.   0.5  0.   0.5  0.5  0. ]
 [ 0.5  0.   0.   0.5  0.  -0.5]
 [ 0.5  0.   0.   0.5  0.   0.5]]
Slicing  [-2.5 -3.   1. ]  to  [-2.5 -3.   0.5]
Slicing  [-2.5 -3.   1. ]  to  [-2.5 -3.   1.5]
Slicing  [-2.  -3.5  1. ]  to  [-2.5 -3.5  1. ]
Slicing  [-2.  -3.5  1. ]  to  [-1.5 -3.5  1. ]
Slicing  [-2.  -3.   0.5]  to  [-2.  -3.5  0.5]
Slicing  [-2.  -3.   0.5]  to  [-2.  -2.5  0.5]
Slicing  [-2.  -3.   1.5]  to  [-2.  -3.5  1.5]
Slicing  [-2.  -3.   1.5]  to  [-2.  -2.5  1.5]
Slicing  [-2.  -2.5  1. ]  to  [-2.5 -2.5  1. ]
Slicing  [-2.  -2.5  1. ]  to  [-1.5 -2.5  1. ]
Slicing  [-1.5 -3.   1. ]  to  [-1.5 -3.   0.5]
Slicing  [-1.5 -3.   1. ]  to  [-1.5 -3.   1.5]
Processing BZ [-2 -3  1], path segments from M to Gamma

12 symmetrically equivalent path segments
[[-0.5 -0.5  0.   0.   0.   0. ]
 [-0.5  0.  -0.5  0.   0.   0. ]
 [-0.5  0.   0.5  0.   0.   0. ]
 [-0.5  0.5  0.   0.   0.   0. ]
 [ 0.  -0.5 -0.5  0.   0.   0. ]
 [ 0.  -0.5  0.5  0.   0.   0. ]
 [ 0.   0.5 -0.5  0.   0.   0. ]
 [ 0.   0.5  0.5  0.   0.   0. ]
 [ 0.5 -0.5  0.   0.   0.   0. ]
 [ 0.5  0.  -0.5  0.   0.   0. ]
 [ 0.5  0.   0.5  0.   0.   0. ]
 [ 0.5  0.5  0.   0.   0.   0. ]]
Slicing  [-2.5 -3.5  1. ]  to  [-2. -3.  1.]
Slicing  [-2.5 -3.   0.5]  to  [-2. -3.  1.]
Slicing  [-2.5 -3.   1.5]  to  [-2. -3.  1.]
Slicing  [-2.5 -2.5  1. ]  to  [-2. -3.  1.]
Slicing  [-2.  -3.5  0.5]  to  [-2. -3.  1.]
Slicing  [-2.  -3.5  1.5]  to  [-2. -3.  1.]
Slicing  [-2.  -2.5  0.5]  to  [-2. -3.  1.]
Slicing  [-2.  -2.5  1.5]  to  [-2. -3.  1.]
Slicing  [-1.5 -3.5  1. ]  to  [-2. -3.  1.]
Slicing  [-1.5 -3.   0.5]  to  [-2. -3.  1.]
Slicing  [-1.5 -3.   1.5]  to  [-2. -3.  1.]
Slicing  [-1.5 -2.5  1. ]  to  [-2. -3.  1.]
Processing BZ [-2 -3  1], path segments from Gamma to R

4 symmetrically equivalent path segments
[[ 0.   0.   0.  -0.5 -0.5  0.5]
 [ 0.   0.   0.  -0.5  0.5 -0.5]
 [ 0.   0.   0.   0.5 -0.5 -0.5]
 [ 0.   0.   0.   0.5  0.5  0.5]]
Slicing  [-2. -3.  1.]  to  [-2.5 -3.5  1.5]
Slicing  [-2. -3.  1.]  to  [-2.5 -2.5  0.5]
Slicing  [-2. -3.  1.]  to  [-1.5 -3.5  0.5]
Slicing  [-2. -3.  1.]  to  [-1.5 -2.5  1.5]
Processing BZ [-2 -3  1], path segments from R to X

12 symmetrically equivalent path segments
[[-0.5 -0.5  0.5 -0.5  0.   0. ]
 [-0.5 -0.5  0.5  0.  -0.5  0. ]
 [-0.5 -0.5  0.5  0.   0.   0.5]
 [-0.5  0.5 -0.5 -0.5  0.   0. ]
 [-0.5  0.5 -0.5  0.   0.  -0.5]
 [-0.5  0.5 -0.5  0.   0.5  0. ]
 [ 0.5 -0.5 -0.5  0.  -0.5  0. ]
 [ 0.5 -0.5 -0.5  0.   0.  -0.5]
 [ 0.5 -0.5 -0.5  0.5  0.   0. ]
 [ 0.5  0.5  0.5  0.   0.   0.5]
 [ 0.5  0.5  0.5  0.   0.5  0. ]
 [ 0.5  0.5  0.5  0.5  0.   0. ]]
Slicing  [-2.5 -3.5  1.5]  to  [-2.5 -3.   1. ]
Slicing  [-2.5 -3.5  1.5]  to  [-2.  -3.5  1. ]
Slicing  [-2.5 -3.5  1.5]  to  [-2.  -3.   1.5]
Slicing  [-2.5 -2.5  0.5]  to  [-2.5 -3.   1. ]
Slicing  [-2.5 -2.5  0.5]  to  [-2.  -3.   0.5]
Slicing  [-2.5 -2.5  0.5]  to  [-2.  -2.5  1. ]
Slicing  [-1.5 -3.5  0.5]  to  [-2.  -3.5  1. ]
Slicing  [-1.5 -3.5  0.5]  to  [-2.  -3.   0.5]
Slicing  [-1.5 -3.5  0.5]  to  [-1.5 -3.   1. ]
Slicing  [-1.5 -2.5  1.5]  to  [-2.  -3.   1.5]
Slicing  [-1.5 -2.5  1.5]  to  [-2.  -2.5  1. ]
Slicing  [-1.5 -2.5  1.5]  to  [-1.5 -3.   1. ]

Generating Report for BZ [-2 -3  1]

Combining all 6 BZ

BZ [-2 -3  1] done. Total time elapsed 00:21:19
Processing BZ [-3 -2  1], path segments from Gamma to X

6 symmetrically equivalent path segments
[[ 0.   0.   0.  -0.5  0.   0. ]
 [ 0.   0.   0.   0.  -0.5  0. ]
 [ 0.   0.   0.   0.   0.  -0.5]
 [ 0.   0.   0.   0.   0.   0.5]
 [ 0.   0.   0.   0.   0.5  0. ]
 [ 0.   0.   0.   0.5  0.   0. ]]
Slicing  [-3. -2.  1.]  to  [-3.5 -2.   1. ]
Slicing  [-3. -2.  1.]  to  [-3.  -2.5  1. ]
Slicing  [-3. -2.  1.]  to  [-3.  -2.   0.5]
Slicing  [-3. -2.  1.]  to  [-3.  -2.   1.5]
Slicing  [-3. -2.  1.]  to  [-3.  -1.5  1. ]
Slicing  [-3. -2.  1.]  to  [-2.5 -2.   1. ]
Processing BZ [-3 -2  1], path segments from X to M

12 symmetrically equivalent path segments
[[-0.5  0.   0.  -0.5  0.  -0.5]
 [-0.5  0.   0.  -0.5  0.   0.5]
 [ 0.  -0.5  0.  -0.5 -0.5  0. ]
 [ 0.  -0.5  0.   0.5 -0.5  0. ]
 [ 0.   0.  -0.5  0.  -0.5 -0.5]
 [ 0.   0.  -0.5  0.   0.5 -0.5]
 [ 0.   0.   0.5  0.  -0.5  0.5]
 [ 0.   0.   0.5  0.   0.5  0.5]
 [ 0.   0.5  0.  -0.5  0.5  0. ]
 [ 0.   0.5  0.   0.5  0.5  0. ]
 [ 0.5  0.   0.   0.5  0.  -0.5]
 [ 0.5  0.   0.   0.5  0.   0.5]]
Slicing  [-3.5 -2.   1. ]  to  [-3.5 -2.   0.5]
Slicing  [-3.5 -2.   1. ]  to  [-3.5 -2.   1.5]
Slicing  [-3.  -2.5  1. ]  to  [-3.5 -2.5  1. ]
Slicing  [-3.  -2.5  1. ]  to  [-2.5 -2.5  1. ]
Slicing  [-3.  -2.   0.5]  to  [-3.  -2.5  0.5]
Slicing  [-3.  -2.   0.5]  to  [-3.  -1.5  0.5]
Slicing  [-3.  -2.   1.5]  to  [-3.  -2.5  1.5]
Slicing  [-3.  -2.   1.5]  to  [-3.  -1.5  1.5]
Slicing  [-3.  -1.5  1. ]  to  [-3.5 -1.5  1. ]
Slicing  [-3.  -1.5  1. ]  to  [-2.5 -1.5  1. ]
Slicing  [-2.5 -2.   1. ]  to  [-2.5 -2.   0.5]
Slicing  [-2.5 -2.   1. ]  to  [-2.5 -2.   1.5]
Processing BZ [-3 -2  1], path segments from M to Gamma

12 symmetrically equivalent path segments
[[-0.5 -0.5  0.   0.   0.   0. ]
 [-0.5  0.  -0.5  0.   0.   0. ]
 [-0.5  0.   0.5  0.   0.   0. ]
 [-0.5  0.5  0.   0.   0.   0. ]
 [ 0.  -0.5 -0.5  0.   0.   0. ]
 [ 0.  -0.5  0.5  0.   0.   0. ]
 [ 0.   0.5 -0.5  0.   0.   0. ]
 [ 0.   0.5  0.5  0.   0.   0. ]
 [ 0.5 -0.5  0.   0.   0.   0. ]
 [ 0.5  0.  -0.5  0.   0.   0. ]
 [ 0.5  0.   0.5  0.   0.   0. ]
 [ 0.5  0.5  0.   0.   0.   0. ]]
Slicing  [-3.5 -2.5  1. ]  to  [-3. -2.  1.]
Slicing  [-3.5 -2.   0.5]  to  [-3. -2.  1.]
Slicing  [-3.5 -2.   1.5]  to  [-3. -2.  1.]
Slicing  [-3.5 -1.5  1. ]  to  [-3. -2.  1.]
Slicing  [-3.  -2.5  0.5]  to  [-3. -2.  1.]
Slicing  [-3.  -2.5  1.5]  to  [-3. -2.  1.]
Slicing  [-3.  -1.5  0.5]  to  [-3. -2.  1.]
Slicing  [-3.  -1.5  1.5]  to  [-3. -2.  1.]
Slicing  [-2.5 -2.5  1. ]  to  [-3. -2.  1.]
Slicing  [-2.5 -2.   0.5]  to  [-3. -2.  1.]
Slicing  [-2.5 -2.   1.5]  to  [-3. -2.  1.]
Slicing  [-2.5 -1.5  1. ]  to  [-3. -2.  1.]
Processing BZ [-3 -2  1], path segments from Gamma to R

4 symmetrically equivalent path segments
[[ 0.   0.   0.  -0.5 -0.5  0.5]
 [ 0.   0.   0.  -0.5  0.5 -0.5]
 [ 0.   0.   0.   0.5 -0.5 -0.5]
 [ 0.   0.   0.   0.5  0.5  0.5]]
Slicing  [-3. -2.  1.]  to  [-3.5 -2.5  1.5]
Slicing  [-3. -2.  1.]  to  [-3.5 -1.5  0.5]
Slicing  [-3. -2.  1.]  to  [-2.5 -2.5  0.5]
Slicing  [-3. -2.  1.]  to  [-2.5 -1.5  1.5]
Processing BZ [-3 -2  1], path segments from R to X

12 symmetrically equivalent path segments
[[-0.5 -0.5  0.5 -0.5  0.   0. ]
 [-0.5 -0.5  0.5  0.  -0.5  0. ]
 [-0.5 -0.5  0.5  0.   0.   0.5]
 [-0.5  0.5 -0.5 -0.5  0.   0. ]
 [-0.5  0.5 -0.5  0.   0.  -0.5]
 [-0.5  0.5 -0.5  0.   0.5  0. ]
 [ 0.5 -0.5 -0.5  0.  -0.5  0. ]
 [ 0.5 -0.5 -0.5  0.   0.  -0.5]
 [ 0.5 -0.5 -0.5  0.5  0.   0. ]
 [ 0.5  0.5  0.5  0.   0.   0.5]
 [ 0.5  0.5  0.5  0.   0.5  0. ]
 [ 0.5  0.5  0.5  0.5  0.   0. ]]
Slicing  [-3.5 -2.5  1.5]  to  [-3.5 -2.   1. ]


Processed: 357/4462 (8.00%) | Elapsed: 00:22:59 | BZ Folding estimated remaining time: 04:24:25


Slicing  [-3.5 -2.5  1.5]  to  [-3.  -2.5  1. ]
Slicing  [-3.5 -2.5  1.5]  to  [-3.  -2.   1.5]
Slicing  [-3.5 -1.5  0.5]  to  [-3.5 -2.   1. ]
Slicing  [-3.5 -1.5  0.5]  to  [-3.  -2.   0.5]
Slicing  [-3.5 -1.5  0.5]  to  [-3.  -1.5  1. ]
Slicing  [-2.5 -2.5  0.5]  to  [-3.  -2.5  1. ]
Slicing  [-2.5 -2.5  0.5]  to  [-3.  -2.   0.5]
Slicing  [-2.5 -2.5  0.5]  to  [-2.5 -2.   1. ]
Slicing  [-2.5 -1.5  1.5]  to  [-3.  -2.   1.5]
Slicing  [-2.5 -1.5  1.5]  to  [-3.  -1.5  1. ]
Slicing  [-2.5 -1.5  1.5]  to  [-2.5 -2.   1. ]

Generating Report for BZ [-3 -2  1]

Combining all 7 BZ

BZ [-3 -2  1] done. Total time elapsed 00:24:17
Processing BZ [-2 -1  0], path segments from Gamma to X

6 symmetrically equivalent path segments
[[ 0.   0.   0.  -0.5  0.   0. ]
 [ 0.   0.   0.   0.  -0.5  0. ]
 [ 0.   0.   0.   0.   0.  -0.5]
 [ 0.   0.   0.   0.   0.   0.5]
 [ 0.   0.   0.   0.   0.5  0. ]
 [ 0.   0.   0.   0.5  0.   0. ]]
Slicing  [-2. -1.  0.]  to  [-2.5 -1.   0. ]
Slicing  [-2. -1.  0.]  to  [-2.  -1.5  0. ]
Slicing  [-2. -1.  0.]  to  [-2.  -1.  -0.5]
Slicing  [-2. -1.  0.]  to  [-2.  -1.   0.5]
Slicing  [-2. -1.  0.]  to  [-2.  -0.5  0. ]
Slicing  [-2. -1.  0.]  to  [-1.5 -1.   0. ]
Processing BZ [-2 -1  0], path segments from X to M

12 symmetrically equivalent path segments
[[-0.5  0.   0.  -0.5  0.  -0.5]
 [-0.5  0.   0.  -0.5  0.   0.5]
 [ 0.  -0.5  0.  -0.5 -0.5  0. ]
 [ 0.  -0.5  0.   0.5 -0.5  0. ]
 [ 0.   0.  -0.5  0.  -0.5 -0.5]
 [ 0.   0.  -0.5  0.   0.5 -0.5]
 [ 0.   0.   0.5  0.  -0.5  0.5]
 [ 0.   0.   0.5  0.   0.5  0.5]
 [ 0.   0.5  0.  -0.5  0.5  0. ]
 [ 0.   0.5  0.   0.5  0.5  0. ]
 [ 0.5  0.   0.   0.5  0.  -0.5]
 [ 0.5  0.   0.   0.5  0.   0.5]]
Slicing  [-2.5 -1.   0. ]  to  [-2.5 -1.  -0.5]
Slicing  [-2.5 -1.   0. ]  to  [-2.5 -1.   0.5]
Slicing  [-2.  -1.5  0. ]  to  [-2.5 -1.5  0. ]
Slicing  [-2.  -1.5  0. ]  to  [-1.5 -1.5  0. ]
Slicing  [-2.  -1.  -0.5]  to  [-2.  -1.5 -0.5]
Slicing  [-2.  -1.  -0.5]  to  [-2.  -0.5 -0.5]
Slicing  [-2.  -1.   0.5]  to  [-2.  -1.5  0.5]
Slicing  [-2.  -1.   0.5]  to  [-2.  -0.5  0.5]
Slicing  [-2.  -0.5  0. ]  to  [-2.5 -0.5  0. ]
Slicing  [-2.  -0.5  0. ]  to  [-1.5 -0.5  0. ]
Slicing  [-1.5 -1.   0. ]  to  [-1.5 -1.  -0.5]
Slicing  [-1.5 -1.   0. ]  to  [-1.5 -1.   0.5]
Processing BZ [-2 -1  0], path segments from M to Gamma

12 symmetrically equivalent path segments
[[-0.5 -0.5  0.   0.   0.   0. ]
 [-0.5  0.  -0.5  0.   0.   0. ]
 [-0.5  0.   0.5  0.   0.   0. ]
 [-0.5  0.5  0.   0.   0.   0. ]
 [ 0.  -0.5 -0.5  0.   0.   0. ]
 [ 0.  -0.5  0.5  0.   0.   0. ]
 [ 0.   0.5 -0.5  0.   0.   0. ]
 [ 0.   0.5  0.5  0.   0.   0. ]
 [ 0.5 -0.5  0.   0.   0.   0. ]
 [ 0.5  0.  -0.5  0.   0.   0. ]
 [ 0.5  0.   0.5  0.   0.   0. ]
 [ 0.5  0.5  0.   0.   0.   0. ]]
Slicing  [-2.5 -1.5  0. ]  to  [-2. -1.  0.]
Slicing  [-2.5 -1.  -0.5]  to  [-2. -1.  0.]
Slicing  [-2.5 -1.   0.5]  to  [-2. -1.  0.]
Slicing  [-2.5 -0.5  0. ]  to  [-2. -1.  0.]
Slicing  [-2.  -1.5 -0.5]  to  [-2. -1.  0.]
Slicing  [-2.  -1.5  0.5]  to  [-2. -1.  0.]
Slicing  [-2.  -0.5 -0.5]  to  [-2. -1.  0.]
Slicing  [-2.  -0.5  0.5]  to  [-2. -1.  0.]
Slicing  [-1.5 -1.5  0. ]  to  [-2. -1.  0.]
Slicing  [-1.5 -1.  -0.5]  to  [-2. -1.  0.]
Slicing  [-1.5 -1.   0.5]  to  [-2. -1.  0.]
Slicing  [-1.5 -0.5  0. ]  to  [-2. -1.  0.]
Processing BZ [-2 -1  0], path segments from Gamma to R

4 symmetrically equivalent path segments
[[ 0.   0.   0.  -0.5 -0.5  0.5]
 [ 0.   0.   0.  -0.5  0.5 -0.5]
 [ 0.   0.   0.   0.5 -0.5 -0.5]
 [ 0.   0.   0.   0.5  0.5  0.5]]
Slicing  [-2. -1.  0.]  to  [-2.5 -1.5  0.5]
Slicing  [-2. -1.  0.]  to  [-2.5 -0.5 -0.5]
Slicing  [-2. -1.  0.]  to  [-1.5 -1.5 -0.5]
Slicing  [-2. -1.  0.]  to  [-1.5 -0.5  0.5]
Processing BZ [-2 -1  0], path segments from R to X

12 symmetrically equivalent path segments
[[-0.5 -0.5  0.5 -0.5  0.   0. ]
 [-0.5 -0.5  0.5  0.  -0.5  0. ]
 [-0.5 -0.5  0.5  0.   0.   0.5]
 [-0.5  0.5 -0.5 -0.5  0.   0. ]
 [-0.5  0.5 -0.5  0.   0.  -0.5]
 [-0.5  0.5 -0.5  0.   0.5  0. ]
 [ 0.5 -0.5 -0.5  0.  -0.5  0. ]
 [ 0.5 -0.5 -0.5  0.   0.  -0.5]
 [ 0.5 -0.5 -0.5  0.5  0.   0. ]
 [ 0.5  0.5  0.5  0.   0.   0.5]
 [ 0.5  0.5  0.5  0.   0.5  0. ]
 [ 0.5  0.5  0.5  0.5  0.   0. ]]
Slicing  [-2.5 -1.5  0.5]  to  [-2.5 -1.   0. ]
Slicing  [-2.5 -1.5  0.5]  to  [-2.  -1.5  0. ]
Slicing  [-2.5 -1.5  0.5]  to  [-2.  -1.   0.5]
Slicing  [-2.5 -0.5 -0.5]  to  [-2.5 -1.   0. ]
Slicing  [-2.5 -0.5 -0.5]  to  [-2.  -1.  -0.5]
Slicing  [-2.5 -0.5 -0.5]  to  [-2.  -0.5  0. ]
Slicing  [-1.5 -1.5 -0.5]  to  [-2.  -1.5  0. ]
Slicing  [-1.5 -1.5 -0.5]  to  [-2.  -1.  -0.5]
Slicing  [-1.5 -1.5 -0.5]  to  [-1.5 -1.   0. ]
Slicing  [-1.5 -0.5  0.5]  to  [-2.  -1.   0.5]
Slicing  [-1.5 -0.5  0.5]  to  [-2.  -0.5  0. ]
Slicing  [-1.5 -0.5  0.5]  to  [-1.5 -1.   0. ]

Generating Report for BZ [-2 -1  0]

Combining all 8 BZ

BZ [-2 -1  0] done. Total time elapsed 00:27:14
Processing BZ [-3 -3  2], path segments from Gamma to X

6 symmetrically equivalent path segments
[[ 0.   0.   0.  -0.5  0.   0. ]
 [ 0.   0.   0.   0.  -0.5  0. ]
 [ 0.   0.   0.   0.   0.  -0.5]
 [ 0.   0.   0.   0.   0.   0.5]
 [ 0.   0.   0.   0.   0.5  0. ]
 [ 0.   0.   0.   0.5  0.   0. ]]
Slicing  [-3. -3.  2.]  to  [-3.5 -3.   2. ]
Slicing  [-3. -3.  2.]  to  [-3.  -3.5  2. ]
Slicing  [-3. -3.  2.]  to  [-3.  -3.   1.5]
Slicing  [-3. -3.  2.]  to  [-3.  -3.   2.5]
Slicing  [-3. -3.  2.]  to  [-3.  -2.5  2. ]
Slicing  [-3. -3.  2.]  to  [-2.5 -3.   2. ]
Processing BZ [-3 -3  2], path segments from X to M

12 symmetrically equivalent path segments
[[-0.5  0.   0.  -0.5  0.  -0.5]
 [-0.5  0.   0.  -0.5  0.   0.5]
 [ 0.  -0.5  0.  -0.5 -0.5  0. ]
 [ 0.  -0.5  0.   0.5 -0.5  0. ]
 [ 0.   0.  -0.5  0.  -0.5 -0.5]
 [ 0.   0.  -0.5  0.   0.5 -0.5]
 [ 0.   0.   0.5  0.  -0.5  0.5]
 [ 0.   0.   0.5  0.   0.5  0.5]
 [ 0.   0.5  0.  -0.5  0.5  0. ]
 [ 0.   0.5  0.   0.5  0.5  0. ]
 [ 0.5  0.   0.   0.5  0.  -0.5]
 [ 0.5  0.   0.   0.5  0.   0.5]]
Slicing  [-3.5 -3.   2. ]  to  [-3.5 -3.   1.5]
Slicing  [-3.5 -3.   2. ]  to  [-3.5 -3.   2.5]
Slicing  [-3.  -3.5  2. ]  to  [-3.5 -3.5  2. ]
Slicing  [-3.  -3.5  2. ]  to  [-2.5 -3.5  2. ]
Slicing  [-3.  -3.   1.5]  to  [-3.  -3.5  1.5]
Slicing  [-3.  -3.   1.5]  to  [-3.  -2.5  1.5]
Slicing  [-3.  -3.   2.5]  to  [-3.  -3.5  2.5]
Slicing  [-3.  -3.   2.5]  to  [-3.  -2.5  2.5]
Slicing  [-3.  -2.5  2. ]  to  [-3.5 -2.5  2. ]
Slicing  [-3.  -2.5  2. ]  to  [-2.5 -2.5  2. ]
Slicing  [-2.5 -3.   2. ]  to  [-2.5 -3.   1.5]
Slicing  [-2.5 -3.   2. ]  to  [-2.5 -3.   2.5]
Processing BZ [-3 -3  2], path segments from M to Gamma

12 symmetrically equivalent path segments
[[-0.5 -0.5  0.   0.   0.   0. ]
 [-0.5  0.  -0.5  0.   0.   0. ]
 [-0.5  0.   0.5  0.   0.   0. ]
 [-0.5  0.5  0.   0.   0.   0. ]
 [ 0.  -0.5 -0.5  0.   0.   0. ]
 [ 0.  -0.5  0.5  0.   0.   0. ]
 [ 0.   0.5 -0.5  0.   0.   0. ]
 [ 0.   0.5  0.5  0.   0.   0. ]
 [ 0.5 -0.5  0.   0.   0.   0. ]
 [ 0.5  0.  -0.5  0.   0.   0. ]
 [ 0.5  0.   0.5  0.   0.   0. ]
 [ 0.5  0.5  0.   0.   0.   0. ]]
Slicing  [-3.5 -3.5  2. ]  to  [-3. -3.  2.]
Slicing  [-3.5 -3.   1.5]  to  [-3. -3.  2.]
Slicing  [-3.5 -3.   2.5]  to  [-3. -3.  2.]
Slicing  [-3.5 -2.5  2. ]  to  [-3. -3.  2.]
Slicing  [-3.  -3.5  1.5]  to  [-3. -3.  2.]
Slicing  [-3.  -3.5  2.5]  to  [-3. -3.  2.]
Slicing  [-3.  -2.5  1.5]  to  [-3. -3.  2.]
Slicing  [-3.  -2.5  2.5]  to  [-3. -3.  2.]
Slicing  [-2.5 -3.5  2. ]  to  [-3. -3.  2.]
Slicing  [-2.5 -3.   1.5]  to  [-3. -3.  2.]
Slicing  [-2.5 -3.   2.5]  to  [-3. -3.  2.]
Slicing  [-2.5 -2.5  2. ]  to  [-3. -3.  2.]
Processing BZ [-3 -3  2], path segments from Gamma to R

4 symmetrically equivalent path segments
[[ 0.   0.   0.  -0.5 -0.5  0.5]
 [ 0.   0.   0.  -0.5  0.5 -0.5]
 [ 0.   0.   0.   0.5 -0.5 -0.5]
 [ 0.   0.   0.   0.5  0.5  0.5]]
Slicing  [-3. -3.  2.]  to  [-3.5 -3.5  2.5]
Slicing  [-3. -3.  2.]  to  [-3.5 -2.5  1.5]
Slicing  [-3. -3.  2.]  to  [-2.5 -3.5  1.5]


Processed: 447/4462 (10.02%) | Elapsed: 00:28:46 | BZ Folding estimated remaining time: 04:18:25


Slicing  [-3. -3.  2.]  to  [-2.5 -2.5  2.5]
Processing BZ [-3 -3  2], path segments from R to X

12 symmetrically equivalent path segments
[[-0.5 -0.5  0.5 -0.5  0.   0. ]
 [-0.5 -0.5  0.5  0.  -0.5  0. ]
 [-0.5 -0.5  0.5  0.   0.   0.5]
 [-0.5  0.5 -0.5 -0.5  0.   0. ]
 [-0.5  0.5 -0.5  0.   0.  -0.5]
 [-0.5  0.5 -0.5  0.   0.5  0. ]
 [ 0.5 -0.5 -0.5  0.  -0.5  0. ]
 [ 0.5 -0.5 -0.5  0.   0.  -0.5]
 [ 0.5 -0.5 -0.5  0.5  0.   0. ]
 [ 0.5  0.5  0.5  0.   0.   0.5]
 [ 0.5  0.5  0.5  0.   0.5  0. ]
 [ 0.5  0.5  0.5  0.5  0.   0. ]]
Slicing  [-3.5 -3.5  2.5]  to  [-3.5 -3.   2. ]
Slicing  [-3.5 -3.5  2.5]  to  [-3.  -3.5  2. ]
Slicing  [-3.5 -3.5  2.5]  to  [-3.  -3.   2.5]
Slicing  [-3.5 -2.5  1.5]  to  [-3.5 -3.   2. ]
Slicing  [-3.5 -2.5  1.5]  to  [-3.  -3.   1.5]
Slicing  [-3.5 -2.5  1.5]  to  [-3.  -2.5  2. ]
Slicing  [-2.5 -3.5  1.5]  to  [-3.  -3.5  2. ]
Slicing  [-2.5 -3.5  1.5]  to  [-3.  -3.   1.5]
Slicing  [-2.5 -3.5  1.5]  to  [-2.5 -3.   2. ]
Slicing  [-2.5 -2.5  2.5]  to  [-3.  -3.   2.5]
Slicing  [-2.5 -2.5  2.5]  to  [-3.  -2.5  2. ]
Slicing  [-2.5 -2.5  2.5]  to  [-2.5 -3.   2. ]

Generating Report for BZ [-3 -3  2]

Combining all 9 BZ

BZ [-3 -3  2] done. Total time elapsed 00:30:10
Processing BZ [-1 -1  0], path segments from Gamma to X

6 symmetrically equivalent path segments
[[ 0.   0.   0.  -0.5  0.   0. ]
 [ 0.   0.   0.   0.  -0.5  0. ]
 [ 0.   0.   0.   0.   0.  -0.5]
 [ 0.   0.   0.   0.   0.   0.5]
 [ 0.   0.   0.   0.   0.5  0. ]
 [ 0.   0.   0.   0.5  0.   0. ]]
Slicing  [-1. -1.  0.]  to  [-1.5 -1.   0. ]
Slicing  [-1. -1.  0.]  to  [-1.  -1.5  0. ]
Slicing  [-1. -1.  0.]  to  [-1.  -1.  -0.5]
Slicing  [-1. -1.  0.]  to  [-1.  -1.   0.5]
Slicing  [-1. -1.  0.]  to  [-1.  -0.5  0. ]
Slicing  [-1. -1.  0.]  to  [-0.5 -1.   0. ]
Processing BZ [-1 -1  0], path segments from X to M

12 symmetrically equivalent path segments
[[-0.5  0.   0.  -0.5  0.  -0.5]
 [-0.5  0.   0.  -0.5  0.   0.5]
 [ 0.  -0.5  0.  -0.5 -0.5  0. ]
 [ 0.  -0.5  0.   0.5 -0.5  0. ]
 [ 0.   0.  -0.5  0.  -0.5 -0.5]
 [ 0.   0.  -0.5  0.   0.5 -0.5]
 [ 0.   0.   0.5  0.  -0.5  0.5]
 [ 0.   0.   0.5  0.   0.5  0.5]
 [ 0.   0.5  0.  -0.5  0.5  0. ]
 [ 0.   0.5  0.   0.5  0.5  0. ]
 [ 0.5  0.   0.   0.5  0.  -0.5]
 [ 0.5  0.   0.   0.5  0.   0.5]]
Slicing  [-1.5 -1.   0. ]  to  [-1.5 -1.  -0.5]
Slicing  [-1.5 -1.   0. ]  to  [-1.5 -1.   0.5]
Slicing  [-1.  -1.5  0. ]  to  [-1.5 -1.5  0. ]
Slicing  [-1.  -1.5  0. ]  to  [-0.5 -1.5  0. ]
Slicing  [-1.  -1.  -0.5]  to  [-1.  -1.5 -0.5]
Slicing  [-1.  -1.  -0.5]  to  [-1.  -0.5 -0.5]
Slicing  [-1.  -1.   0.5]  to  [-1.  -1.5  0.5]
Slicing  [-1.  -1.   0.5]  to  [-1.  -0.5  0.5]
Slicing  [-1.  -0.5  0. ]  to  [-1.5 -0.5  0. ]
Slicing  [-1.  -0.5  0. ]  to  [-0.5 -0.5  0. ]
Slicing  [-0.5 -1.   0. ]  to  [-0.5 -1.  -0.5]
Slicing  [-0.5 -1.   0. ]  to  [-0.5 -1.   0.5]
Processing BZ [-1 -1  0], path segments from M to Gamma

12 symmetrically equivalent path segments
[[-0.5 -0.5  0.   0.   0.   0. ]
 [-0.5  0.  -0.5  0.   0.   0. ]
 [-0.5  0.   0.5  0.   0.   0. ]
 [-0.5  0.5  0.   0.   0.   0. ]
 [ 0.  -0.5 -0.5  0.   0.   0. ]
 [ 0.  -0.5  0.5  0.   0.   0. ]
 [ 0.   0.5 -0.5  0.   0.   0. ]
 [ 0.   0.5  0.5  0.   0.   0. ]
 [ 0.5 -0.5  0.   0.   0.   0. ]
 [ 0.5  0.  -0.5  0.   0.   0. ]
 [ 0.5  0.   0.5  0.   0.   0. ]
 [ 0.5  0.5  0.   0.   0.   0. ]]
Slicing  [-1.5 -1.5  0. ]  to  [-1. -1.  0.]
Slicing  [-1.5 -1.  -0.5]  to  [-1. -1.  0.]
Slicing  [-1.5 -1.   0.5]  to  [-1. -1.  0.]
Slicing  [-1.5 -0.5  0. ]  to  [-1. -1.  0.]
Slicing  [-1.  -1.5 -0.5]  to  [-1. -1.  0.]
Slicing  [-1.  -1.5  0.5]  to  [-1. -1.  0.]
Slicing  [-1.  -0.5 -0.5]  to  [-1. -1.  0.]
Slicing  [-1.  -0.5  0.5]  to  [-1. -1.  0.]
Slicing  [-0.5 -1.5  0. ]  to  [-1. -1.  0.]
Slicing  [-0.5 -1.  -0.5]  to  [-1. -1.  0.]
Slicing  [-0.5 -1.   0.5]  to  [-1. -1.  0.]
Slicing  [-0.5 -0.5  0. ]  to  [-1. -1.  0.]
Processing BZ [-1 -1  0], path segments from Gamma to R

4 symmetrically equivalent path segments
[[ 0.   0.   0.  -0.5 -0.5  0.5]
 [ 0.   0.   0.  -0.5  0.5 -0.5]
 [ 0.   0.   0.   0.5 -0.5 -0.5]
 [ 0.   0.   0.   0.5  0.5  0.5]]
Slicing  [-1. -1.  0.]  to  [-1.5 -1.5  0.5]
Slicing  [-1. -1.  0.]  to  [-1.5 -0.5 -0.5]
Slicing  [-1. -1.  0.]  to  [-0.5 -1.5 -0.5]
Slicing  [-1. -1.  0.]  to  [-0.5 -0.5  0.5]
Processing BZ [-1 -1  0], path segments from R to X

12 symmetrically equivalent path segments
[[-0.5 -0.5  0.5 -0.5  0.   0. ]
 [-0.5 -0.5  0.5  0.  -0.5  0. ]
 [-0.5 -0.5  0.5  0.   0.   0.5]
 [-0.5  0.5 -0.5 -0.5  0.   0. ]
 [-0.5  0.5 -0.5  0.   0.  -0.5]
 [-0.5  0.5 -0.5  0.   0.5  0. ]
 [ 0.5 -0.5 -0.5  0.  -0.5  0. ]
 [ 0.5 -0.5 -0.5  0.   0.  -0.5]
 [ 0.5 -0.5 -0.5  0.5  0.   0. ]
 [ 0.5  0.5  0.5  0.   0.   0.5]
 [ 0.5  0.5  0.5  0.   0.5  0. ]
 [ 0.5  0.5  0.5  0.5  0.   0. ]]
Slicing  [-1.5 -1.5  0.5]  to  [-1.5 -1.   0. ]
Slicing  [-1.5 -1.5  0.5]  to  [-1.  -1.5  0. ]
Slicing  [-1.5 -1.5  0.5]  to  [-1.  -1.   0.5]
Slicing  [-1.5 -0.5 -0.5]  to  [-1.5 -1.   0. ]
Slicing  [-1.5 -0.5 -0.5]  to  [-1.  -1.  -0.5]
Slicing  [-1.5 -0.5 -0.5]  to  [-1.  -0.5  0. ]
Slicing  [-0.5 -1.5 -0.5]  to  [-1.  -1.5  0. ]
Slicing  [-0.5 -1.5 -0.5]  to  [-1.  -1.  -0.5]
Slicing  [-0.5 -1.5 -0.5]  to  [-0.5 -1.   0. ]
Slicing  [-0.5 -0.5  0.5]  to  [-1.  -1.   0.5]
Slicing  [-0.5 -0.5  0.5]  to  [-1.  -0.5  0. ]
Slicing  [-0.5 -0.5  0.5]  to  [-0.5 -1.   0. ]

Generating Report for BZ [-1 -1  0]

Combining all 10 BZ

BZ [-1 -1  0] done. Total time elapsed 00:33:09
Processing BZ [-3 -2 -1], path segments from Gamma to X

6 symmetrically equivalent path segments
[[ 0.   0.   0.  -0.5  0.   0. ]
 [ 0.   0.   0.   0.  -0.5  0. ]
 [ 0.   0.   0.   0.   0.  -0.5]
 [ 0.   0.   0.   0.   0.   0.5]
 [ 0.   0.   0.   0.   0.5  0. ]
 [ 0.   0.   0.   0.5  0.   0. ]]
Slicing  [-3. -2. -1.]  to  [-3.5 -2.  -1. ]
Slicing  [-3. -2. -1.]  to  [-3.  -2.5 -1. ]
Slicing  [-3. -2. -1.]  to  [-3.  -2.  -1.5]
Slicing  [-3. -2. -1.]  to  [-3.  -2.  -0.5]
Slicing  [-3. -2. -1.]  to  [-3.  -1.5 -1. ]
Slicing  [-3. -2. -1.]  to  [-2.5 -2.  -1. ]
Processing BZ [-3 -2 -1], path segments from X to M

12 symmetrically equivalent path segments
[[-0.5  0.   0.  -0.5  0.  -0.5]
 [-0.5  0.   0.  -0.5  0.   0.5]
 [ 0.  -0.5  0.  -0.5 -0.5  0. ]
 [ 0.  -0.5  0.   0.5 -0.5  0. ]
 [ 0.   0.  -0.5  0.  -0.5 -0.5]
 [ 0.   0.  -0.5  0.   0.5 -0.5]
 [ 0.   0.   0.5  0.  -0.5  0.5]
 [ 0.   0.   0.5  0.   0.5  0.5]
 [ 0.   0.5  0.  -0.5  0.5  0. ]
 [ 0.   0.5  0.   0.5  0.5  0. ]
 [ 0.5  0.   0.   0.5  0.  -0.5]
 [ 0.5  0.   0.   0.5  0.   0.5]]
Slicing  [-3.5 -2.  -1. ]  to  [-3.5 -2.  -1.5]
Slicing  [-3.5 -2.  -1. ]  to  [-3.5 -2.  -0.5]
Slicing  [-3.  -2.5 -1. ]  to  [-3.5 -2.5 -1. ]
Slicing  [-3.  -2.5 -1. ]  to  [-2.5 -2.5 -1. ]
Slicing  [-3.  -2.  -1.5]  to  [-3.  -2.5 -1.5]
Slicing  [-3.  -2.  -1.5]  to  [-3.  -1.5 -1.5]
Slicing  [-3.  -2.  -0.5]  to  [-3.  -2.5 -0.5]
Slicing  [-3.  -2.  -0.5]  to  [-3.  -1.5 -0.5]
Slicing  [-3.  -1.5 -1. ]  to  [-3.5 -1.5 -1. ]
Slicing  [-3.  -1.5 -1. ]  to  [-2.5 -1.5 -1. ]
Slicing  [-2.5 -2.  -1. ]  to  [-2.5 -2.  -1.5]
Slicing  [-2.5 -2.  -1. ]  to  [-2.5 -2.  -0.5]
Processing BZ [-3 -2 -1], path segments from M to Gamma

12 symmetrically equivalent path segments
[[-0.5 -0.5  0.   0.   0.   0. ]
 [-0.5  0.  -0.5  0.   0.   0. ]
 [-0.5  0.   0.5  0.   0.   0. ]
 [-0.5  0.5  0.   0.   0.   0. ]
 [ 0.  -0.5 -0.5  0.   0.   0. ]
 [ 0.  -0.5  0.5  0.   0.   0. ]
 [ 0.   0.5 -0.5  0.   0.   0. ]
 [ 0.   0.5  0.5  0.   0.   0. ]
 [ 0.5 -0.5  0.   0.   0.   0. ]
 [ 0.5  0.  -0.5  0.   0.   0. ]
 [ 0.5  0.   0.5  0.   0.   0. ]
 [ 0.5  0.5  0.   0.   0.   0. ]]
Slicing  [-3.5 -2.5 -1. ]  to  [-3. -2. -1.]
Slicing  [-3.5 -2.  -1.5]  to  [-3. -2. -1.]
Slicing  [-3.5 -2.  -0.5]  to  [-3. -2. -1.]
Slicing  [-3.5 -1.5 -1. ]  to  [-3. -2. -1.]
Slicing  [-3.  -2.5 -1.5]  to  [-3. -2. -1.]
Slicing  [-3.  -2.5 -0.5]  to  [-3. -2. -1.]
Slicing  [-3.  -1.5 -1.5]  to  [-3. -2. -1.]
Slicing  [-3.  -1.5 -0.5]  to  [-3. -2. -1.]
Slicing  [-2.5 -2.5 -1. ]  to  [-3. -2. -1.]
Slicing  [-2.5 -2.  -1.5]  to  [-3. -2. -1.]
Slicing  [-2.5 -2.  -0.5]  to  [-3. -2. -1.]
Slicing  [-2.5 -1.5 -1. ]  to  [-3. -2. -1.]


Processed: 536/4462 (12.01%) | Elapsed: 00:34:33 | BZ Folding estimated remaining time: 04:13:10


Processing BZ [-3 -2 -1], path segments from Gamma to R

4 symmetrically equivalent path segments
[[ 0.   0.   0.  -0.5 -0.5  0.5]
 [ 0.   0.   0.  -0.5  0.5 -0.5]
 [ 0.   0.   0.   0.5 -0.5 -0.5]
 [ 0.   0.   0.   0.5  0.5  0.5]]
Slicing  [-3. -2. -1.]  to  [-3.5 -2.5 -0.5]
Slicing  [-3. -2. -1.]  to  [-3.5 -1.5 -1.5]
Slicing  [-3. -2. -1.]  to  [-2.5 -2.5 -1.5]
Slicing  [-3. -2. -1.]  to  [-2.5 -1.5 -0.5]
Processing BZ [-3 -2 -1], path segments from R to X

12 symmetrically equivalent path segments
[[-0.5 -0.5  0.5 -0.5  0.   0. ]
 [-0.5 -0.5  0.5  0.  -0.5  0. ]
 [-0.5 -0.5  0.5  0.   0.   0.5]
 [-0.5  0.5 -0.5 -0.5  0.   0. ]
 [-0.5  0.5 -0.5  0.   0.  -0.5]
 [-0.5  0.5 -0.5  0.   0.5  0. ]
 [ 0.5 -0.5 -0.5  0.  -0.5  0. ]
 [ 0.5 -0.5 -0.5  0.   0.  -0.5]
 [ 0.5 -0.5 -0.5  0.5  0.   0. ]
 [ 0.5  0.5  0.5  0.   0.   0.5]
 [ 0.5  0.5  0.5  0.   0.5  0. ]
 [ 0.5  0.5  0.5  0.5  0.   0. ]]
Slicing  [-3.5 -2.5 -0.5]  to  [-3.5 -2.  -1. ]
Slicing  [-3.5 -2.5 -0.5]  to  [-3.  -2.5 -1. ]
Slicing  [-3.5 -2.5 -0.5]  to  [-3.  -2.  -0.5]
Slicing  [-3.5 -1.5 -1.5]  to  [-3.5 -2.  -1. ]
Slicing  [-3.5 -1.5 -1.5]  to  [-3.  -2.  -1.5]
Slicing  [-3.5 -1.5 -1.5]  to  [-3.  -1.5 -1. ]
Slicing  [-2.5 -2.5 -1.5]  to  [-3.  -2.5 -1. ]
Slicing  [-2.5 -2.5 -1.5]  to  [-3.  -2.  -1.5]
Slicing  [-2.5 -2.5 -1.5]  to  [-2.5 -2.  -1. ]
Slicing  [-2.5 -1.5 -0.5]  to  [-3.  -2.  -0.5]
Slicing  [-2.5 -1.5 -0.5]  to  [-3.  -1.5 -1. ]
Slicing  [-2.5 -1.5 -0.5]  to  [-2.5 -2.  -1. ]

Generating Report for BZ [-3 -2 -1]

Combining all 11 BZ

BZ [-3 -2 -1] done. Total time elapsed 00:36:10
Processing BZ [-2 -3 -1], path segments from Gamma to X

6 symmetrically equivalent path segments
[[ 0.   0.   0.  -0.5  0.   0. ]
 [ 0.   0.   0.   0.  -0.5  0. ]
 [ 0.   0.   0.   0.   0.  -0.5]
 [ 0.   0.   0.   0.   0.   0.5]
 [ 0.   0.   0.   0.   0.5  0. ]
 [ 0.   0.   0.   0.5  0.   0. ]]
Slicing  [-2. -3. -1.]  to  [-2.5 -3.  -1. ]
Slicing  [-2. -3. -1.]  to  [-2.  -3.5 -1. ]
Slicing  [-2. -3. -1.]  to  [-2.  -3.  -1.5]
Slicing  [-2. -3. -1.]  to  [-2.  -3.  -0.5]
Slicing  [-2. -3. -1.]  to  [-2.  -2.5 -1. ]
Slicing  [-2. -3. -1.]  to  [-1.5 -3.  -1. ]
Processing BZ [-2 -3 -1], path segments from X to M

12 symmetrically equivalent path segments
[[-0.5  0.   0.  -0.5  0.  -0.5]
 [-0.5  0.   0.  -0.5  0.   0.5]
 [ 0.  -0.5  0.  -0.5 -0.5  0. ]
 [ 0.  -0.5  0.   0.5 -0.5  0. ]
 [ 0.   0.  -0.5  0.  -0.5 -0.5]
 [ 0.   0.  -0.5  0.   0.5 -0.5]
 [ 0.   0.   0.5  0.  -0.5  0.5]
 [ 0.   0.   0.5  0.   0.5  0.5]
 [ 0.   0.5  0.  -0.5  0.5  0. ]
 [ 0.   0.5  0.   0.5  0.5  0. ]
 [ 0.5  0.   0.   0.5  0.  -0.5]
 [ 0.5  0.   0.   0.5  0.   0.5]]
Slicing  [-2.5 -3.  -1. ]  to  [-2.5 -3.  -1.5]
Slicing  [-2.5 -3.  -1. ]  to  [-2.5 -3.  -0.5]
Slicing  [-2.  -3.5 -1. ]  to  [-2.5 -3.5 -1. ]
Slicing  [-2.  -3.5 -1. ]  to  [-1.5 -3.5 -1. ]
Slicing  [-2.  -3.  -1.5]  to  [-2.  -3.5 -1.5]
Slicing  [-2.  -3.  -1.5]  to  [-2.  -2.5 -1.5]
Slicing  [-2.  -3.  -0.5]  to  [-2.  -3.5 -0.5]
Slicing  [-2.  -3.  -0.5]  to  [-2.  -2.5 -0.5]
Slicing  [-2.  -2.5 -1. ]  to  [-2.5 -2.5 -1. ]
Slicing  [-2.  -2.5 -1. ]  to  [-1.5 -2.5 -1. ]
Slicing  [-1.5 -3.  -1. ]  to  [-1.5 -3.  -1.5]
Slicing  [-1.5 -3.  -1. ]  to  [-1.5 -3.  -0.5]
Processing BZ [-2 -3 -1], path segments from M to Gamma

12 symmetrically equivalent path segments
[[-0.5 -0.5  0.   0.   0.   0. ]
 [-0.5  0.  -0.5  0.   0.   0. ]
 [-0.5  0.   0.5  0.   0.   0. ]
 [-0.5  0.5  0.   0.   0.   0. ]
 [ 0.  -0.5 -0.5  0.   0.   0. ]
 [ 0.  -0.5  0.5  0.   0.   0. ]
 [ 0.   0.5 -0.5  0.   0.   0. ]
 [ 0.   0.5  0.5  0.   0.   0. ]
 [ 0.5 -0.5  0.   0.   0.   0. ]
 [ 0.5  0.  -0.5  0.   0.   0. ]
 [ 0.5  0.   0.5  0.   0.   0. ]
 [ 0.5  0.5  0.   0.   0.   0. ]]
Slicing  [-2.5 -3.5 -1. ]  to  [-2. -3. -1.]
Slicing  [-2.5 -3.  -1.5]  to  [-2. -3. -1.]
Slicing  [-2.5 -3.  -0.5]  to  [-2. -3. -1.]
Slicing  [-2.5 -2.5 -1. ]  to  [-2. -3. -1.]
Slicing  [-2.  -3.5 -1.5]  to  [-2. -3. -1.]
Slicing  [-2.  -3.5 -0.5]  to  [-2. -3. -1.]
Slicing  [-2.  -2.5 -1.5]  to  [-2. -3. -1.]
Slicing  [-2.  -2.5 -0.5]  to  [-2. -3. -1.]
Slicing  [-1.5 -3.5 -1. ]  to  [-2. -3. -1.]
Slicing  [-1.5 -3.  -1.5]  to  [-2. -3. -1.]
Slicing  [-1.5 -3.  -0.5]  to  [-2. -3. -1.]
Slicing  [-1.5 -2.5 -1. ]  to  [-2. -3. -1.]
Processing BZ [-2 -3 -1], path segments from Gamma to R

4 symmetrically equivalent path segments
[[ 0.   0.   0.  -0.5 -0.5  0.5]
 [ 0.   0.   0.  -0.5  0.5 -0.5]
 [ 0.   0.   0.   0.5 -0.5 -0.5]
 [ 0.   0.   0.   0.5  0.5  0.5]]
Slicing  [-2. -3. -1.]  to  [-2.5 -3.5 -0.5]
Slicing  [-2. -3. -1.]  to  [-2.5 -2.5 -1.5]
Slicing  [-2. -3. -1.]  to  [-1.5 -3.5 -1.5]
Slicing  [-2. -3. -1.]  to  [-1.5 -2.5 -0.5]
Processing BZ [-2 -3 -1], path segments from R to X

12 symmetrically equivalent path segments
[[-0.5 -0.5  0.5 -0.5  0.   0. ]
 [-0.5 -0.5  0.5  0.  -0.5  0. ]
 [-0.5 -0.5  0.5  0.   0.   0.5]
 [-0.5  0.5 -0.5 -0.5  0.   0. ]
 [-0.5  0.5 -0.5  0.   0.  -0.5]
 [-0.5  0.5 -0.5  0.   0.5  0. ]
 [ 0.5 -0.5 -0.5  0.  -0.5  0. ]
 [ 0.5 -0.5 -0.5  0.   0.  -0.5]
 [ 0.5 -0.5 -0.5  0.5  0.   0. ]
 [ 0.5  0.5  0.5  0.   0.   0.5]
 [ 0.5  0.5  0.5  0.   0.5  0. ]
 [ 0.5  0.5  0.5  0.5  0.   0. ]]
Slicing  [-2.5 -3.5 -0.5]  to  [-2.5 -3.  -1. ]
Slicing  [-2.5 -3.5 -0.5]  to  [-2.  -3.5 -1. ]
Slicing  [-2.5 -3.5 -0.5]  to  [-2.  -3.  -0.5]
Slicing  [-2.5 -2.5 -1.5]  to  [-2.5 -3.  -1. ]
Slicing  [-2.5 -2.5 -1.5]  to  [-2.  -3.  -1.5]
Slicing  [-2.5 -2.5 -1.5]  to  [-2.  -2.5 -1. ]
Slicing  [-1.5 -3.5 -1.5]  to  [-2.  -3.5 -1. ]
Slicing  [-1.5 -3.5 -1.5]  to  [-2.  -3.  -1.5]
Slicing  [-1.5 -3.5 -1.5]  to  [-1.5 -3.  -1. ]
Slicing  [-1.5 -2.5 -0.5]  to  [-2.  -3.  -0.5]
Slicing  [-1.5 -2.5 -0.5]  to  [-2.  -2.5 -1. ]
Slicing  [-1.5 -2.5 -0.5]  to  [-1.5 -3.  -1. ]

Generating Report for BZ [-2 -3 -1]

Combining all 12 BZ

BZ [-2 -3 -1] done. Total time elapsed 00:39:09
Processing BZ [-2 -2 -1], path segments from Gamma to X

6 symmetrically equivalent path segments
[[ 0.   0.   0.  -0.5  0.   0. ]
 [ 0.   0.   0.   0.  -0.5  0. ]
 [ 0.   0.   0.   0.   0.  -0.5]
 [ 0.   0.   0.   0.   0.   0.5]
 [ 0.   0.   0.   0.   0.5  0. ]
 [ 0.   0.   0.   0.5  0.   0. ]]
Slicing  [-2. -2. -1.]  to  [-2.5 -2.  -1. ]
Slicing  [-2. -2. -1.]  to  [-2.  -2.5 -1. ]
Slicing  [-2. -2. -1.]  to  [-2.  -2.  -1.5]
Slicing  [-2. -2. -1.]  to  [-2.  -2.  -0.5]
Slicing  [-2. -2. -1.]  to  [-2.  -1.5 -1. ]
Slicing  [-2. -2. -1.]  to  [-1.5 -2.  -1. ]
Processing BZ [-2 -2 -1], path segments from X to M

12 symmetrically equivalent path segments
[[-0.5  0.   0.  -0.5  0.  -0.5]
 [-0.5  0.   0.  -0.5  0.   0.5]
 [ 0.  -0.5  0.  -0.5 -0.5  0. ]
 [ 0.  -0.5  0.   0.5 -0.5  0. ]
 [ 0.   0.  -0.5  0.  -0.5 -0.5]
 [ 0.   0.  -0.5  0.   0.5 -0.5]
 [ 0.   0.   0.5  0.  -0.5  0.5]
 [ 0.   0.   0.5  0.   0.5  0.5]
 [ 0.   0.5  0.  -0.5  0.5  0. ]
 [ 0.   0.5  0.   0.5  0.5  0. ]
 [ 0.5  0.   0.   0.5  0.  -0.5]
 [ 0.5  0.   0.   0.5  0.   0.5]]
Slicing  [-2.5 -2.  -1. ]  to  [-2.5 -2.  -1.5]
Slicing  [-2.5 -2.  -1. ]  to  [-2.5 -2.  -0.5]
Slicing  [-2.  -2.5 -1. ]  to  [-2.5 -2.5 -1. ]
Slicing  [-2.  -2.5 -1. ]  to  [-1.5 -2.5 -1. ]
Slicing  [-2.  -2.  -1.5]  to  [-2.  -2.5 -1.5]
Slicing  [-2.  -2.  -1.5]  to  [-2.  -1.5 -1.5]
Slicing  [-2.  -2.  -0.5]  to  [-2.  -2.5 -0.5]
Slicing  [-2.  -2.  -0.5]  to  [-2.  -1.5 -0.5]
Slicing  [-2.  -1.5 -1. ]  to  [-2.5 -1.5 -1. ]
Slicing  [-2.  -1.5 -1. ]  to  [-1.5 -1.5 -1. ]
Slicing  [-1.5 -2.  -1. ]  to  [-1.5 -2.  -1.5]
Slicing  [-1.5 -2.  -1. ]  to  [-1.5 -2.  -0.5]
Processing BZ [-2 -2 -1], path segments from M to Gamma

12 symmetrically equivalent path segments
[[-0.5 -0.5  0.   0.   0.   0. ]
 [-0.5  0.  -0.5  0.   0.   0. ]
 [-0.5  0.   0.5  0.   0.   0. ]
 [-0.5  0.5  0.   0.   0.   0. ]
 [ 0.  -0.5 -0.5  0.   0.   0. ]
 [ 0.  -0.5  0.5  0.   0.   0. ]
 [ 0.   0.5 -0.5  0.   0.   0. ]
 [ 0.   0.5  0.5  0.   0.   0. ]
 [ 0.5 -0.5  0.   0.   0.   0. ]
 [ 0.5  0.  -0.5  0.   0.   0. ]
 [ 0.5  0.   0.5  0.   0.   0. ]
 [ 0.5  0.5  0.   0.   0.   0. ]]
Slicing  [-2.5 -2.5 -1. ]  to  [-2. -2. -1.]
Slicing  [-2.5 -2.  -1.5]  to  [-2. -2. -1.]
Slicing  [-2.5 -2.  -0.5]  to  [-2. -2. -1.]
Slicing  [-2.5 -1.5 -1. ]  to  [-2. -2. -1.]
Slicing  [-2.  -2.5 -1.5]  to  [-2. -2. -1.]
Slicing  [-2.  -2.5 -0.5]  to  [-2. -2. -1.]
Slicing  [-2.  -1.5 -1.5]  to  [-2. -2. -1.]
Slicing  [-2.  -1.5 -0.5]  to  [-2. -2. -1.]
Slicing  [-1.5 -2.5 -1. ]  to  [-2. -2. -1.]


Processed: 625/4462 (14.01%) | Elapsed: 00:40:21 | BZ Folding estimated remaining time: 04:07:47


Slicing  [-1.5 -2.  -1.5]  to  [-2. -2. -1.]
Slicing  [-1.5 -2.  -0.5]  to  [-2. -2. -1.]
Slicing  [-1.5 -1.5 -1. ]  to  [-2. -2. -1.]
Processing BZ [-2 -2 -1], path segments from Gamma to R

4 symmetrically equivalent path segments
[[ 0.   0.   0.  -0.5 -0.5  0.5]
 [ 0.   0.   0.  -0.5  0.5 -0.5]
 [ 0.   0.   0.   0.5 -0.5 -0.5]
 [ 0.   0.   0.   0.5  0.5  0.5]]
Slicing  [-2. -2. -1.]  to  [-2.5 -2.5 -0.5]
Slicing  [-2. -2. -1.]  to  [-2.5 -1.5 -1.5]
Slicing  [-2. -2. -1.]  to  [-1.5 -2.5 -1.5]
Slicing  [-2. -2. -1.]  to  [-1.5 -1.5 -0.5]
Processing BZ [-2 -2 -1], path segments from R to X

12 symmetrically equivalent path segments
[[-0.5 -0.5  0.5 -0.5  0.   0. ]
 [-0.5 -0.5  0.5  0.  -0.5  0. ]
 [-0.5 -0.5  0.5  0.   0.   0.5]
 [-0.5  0.5 -0.5 -0.5  0.   0. ]
 [-0.5  0.5 -0.5  0.   0.  -0.5]
 [-0.5  0.5 -0.5  0.   0.5  0. ]
 [ 0.5 -0.5 -0.5  0.  -0.5  0. ]
 [ 0.5 -0.5 -0.5  0.   0.  -0.5]
 [ 0.5 -0.5 -0.5  0.5  0.   0. ]
 [ 0.5  0.5  0.5  0.   0.   0.5]
 [ 0.5  0.5  0.5  0.   0.5  0. ]
 [ 0.5  0.5  0.5  0.5  0.   0. ]]
Slicing  [-2.5 -2.5 -0.5]  to  [-2.5 -2.  -1. ]
Slicing  [-2.5 -2.5 -0.5]  to  [-2.  -2.5 -1. ]
Slicing  [-2.5 -2.5 -0.5]  to  [-2.  -2.  -0.5]
Slicing  [-2.5 -1.5 -1.5]  to  [-2.5 -2.  -1. ]
Slicing  [-2.5 -1.5 -1.5]  to  [-2.  -2.  -1.5]
Slicing  [-2.5 -1.5 -1.5]  to  [-2.  -1.5 -1. ]
Slicing  [-1.5 -2.5 -1.5]  to  [-2.  -2.5 -1. ]
Slicing  [-1.5 -2.5 -1.5]  to  [-2.  -2.  -1.5]
Slicing  [-1.5 -2.5 -1.5]  to  [-1.5 -2.  -1. ]
Slicing  [-1.5 -1.5 -0.5]  to  [-2.  -2.  -0.5]
Slicing  [-1.5 -1.5 -0.5]  to  [-2.  -1.5 -1. ]
Slicing  [-1.5 -1.5 -0.5]  to  [-1.5 -2.  -1. ]

Generating Report for BZ [-2 -2 -1]

Combining all 13 BZ

BZ [-2 -2 -1] done. Total time elapsed 00:42:11
Processing BZ [-2 -1 -1], path segments from Gamma to X

6 symmetrically equivalent path segments
[[ 0.   0.   0.  -0.5  0.   0. ]
 [ 0.   0.   0.   0.  -0.5  0. ]
 [ 0.   0.   0.   0.   0.  -0.5]
 [ 0.   0.   0.   0.   0.   0.5]
 [ 0.   0.   0.   0.   0.5  0. ]
 [ 0.   0.   0.   0.5  0.   0. ]]
Slicing  [-2. -1. -1.]  to  [-2.5 -1.  -1. ]
Slicing  [-2. -1. -1.]  to  [-2.  -1.5 -1. ]
Slicing  [-2. -1. -1.]  to  [-2.  -1.  -1.5]
Slicing  [-2. -1. -1.]  to  [-2.  -1.  -0.5]
Slicing  [-2. -1. -1.]  to  [-2.  -0.5 -1. ]
Slicing  [-2. -1. -1.]  to  [-1.5 -1.  -1. ]
Processing BZ [-2 -1 -1], path segments from X to M

12 symmetrically equivalent path segments
[[-0.5  0.   0.  -0.5  0.  -0.5]
 [-0.5  0.   0.  -0.5  0.   0.5]
 [ 0.  -0.5  0.  -0.5 -0.5  0. ]
 [ 0.  -0.5  0.   0.5 -0.5  0. ]
 [ 0.   0.  -0.5  0.  -0.5 -0.5]
 [ 0.   0.  -0.5  0.   0.5 -0.5]
 [ 0.   0.   0.5  0.  -0.5  0.5]
 [ 0.   0.   0.5  0.   0.5  0.5]
 [ 0.   0.5  0.  -0.5  0.5  0. ]
 [ 0.   0.5  0.   0.5  0.5  0. ]
 [ 0.5  0.   0.   0.5  0.  -0.5]
 [ 0.5  0.   0.   0.5  0.   0.5]]
Slicing  [-2.5 -1.  -1. ]  to  [-2.5 -1.  -1.5]
Slicing  [-2.5 -1.  -1. ]  to  [-2.5 -1.  -0.5]
Slicing  [-2.  -1.5 -1. ]  to  [-2.5 -1.5 -1. ]
Slicing  [-2.  -1.5 -1. ]  to  [-1.5 -1.5 -1. ]
Slicing  [-2.  -1.  -1.5]  to  [-2.  -1.5 -1.5]
Slicing  [-2.  -1.  -1.5]  to  [-2.  -0.5 -1.5]
Slicing  [-2.  -1.  -0.5]  to  [-2.  -1.5 -0.5]
Slicing  [-2.  -1.  -0.5]  to  [-2.  -0.5 -0.5]
Slicing  [-2.  -0.5 -1. ]  to  [-2.5 -0.5 -1. ]
Slicing  [-2.  -0.5 -1. ]  to  [-1.5 -0.5 -1. ]
Slicing  [-1.5 -1.  -1. ]  to  [-1.5 -1.  -1.5]
Slicing  [-1.5 -1.  -1. ]  to  [-1.5 -1.  -0.5]
Processing BZ [-2 -1 -1], path segments from M to Gamma

12 symmetrically equivalent path segments
[[-0.5 -0.5  0.   0.   0.   0. ]
 [-0.5  0.  -0.5  0.   0.   0. ]
 [-0.5  0.   0.5  0.   0.   0. ]
 [-0.5  0.5  0.   0.   0.   0. ]
 [ 0.  -0.5 -0.5  0.   0.   0. ]
 [ 0.  -0.5  0.5  0.   0.   0. ]
 [ 0.   0.5 -0.5  0.   0.   0. ]
 [ 0.   0.5  0.5  0.   0.   0. ]
 [ 0.5 -0.5  0.   0.   0.   0. ]
 [ 0.5  0.  -0.5  0.   0.   0. ]
 [ 0.5  0.   0.5  0.   0.   0. ]
 [ 0.5  0.5  0.   0.   0.   0. ]]
Slicing  [-2.5 -1.5 -1. ]  to  [-2. -1. -1.]
Slicing  [-2.5 -1.  -1.5]  to  [-2. -1. -1.]
Slicing  [-2.5 -1.  -0.5]  to  [-2. -1. -1.]
Slicing  [-2.5 -0.5 -1. ]  to  [-2. -1. -1.]
Slicing  [-2.  -1.5 -1.5]  to  [-2. -1. -1.]
Slicing  [-2.  -1.5 -0.5]  to  [-2. -1. -1.]
Slicing  [-2.  -0.5 -1.5]  to  [-2. -1. -1.]
Slicing  [-2.  -0.5 -0.5]  to  [-2. -1. -1.]
Slicing  [-1.5 -1.5 -1. ]  to  [-2. -1. -1.]
Slicing  [-1.5 -1.  -1.5]  to  [-2. -1. -1.]
Slicing  [-1.5 -1.  -0.5]  to  [-2. -1. -1.]
Slicing  [-1.5 -0.5 -1. ]  to  [-2. -1. -1.]
Processing BZ [-2 -1 -1], path segments from Gamma to R

4 symmetrically equivalent path segments
[[ 0.   0.   0.  -0.5 -0.5  0.5]
 [ 0.   0.   0.  -0.5  0.5 -0.5]
 [ 0.   0.   0.   0.5 -0.5 -0.5]
 [ 0.   0.   0.   0.5  0.5  0.5]]
Slicing  [-2. -1. -1.]  to  [-2.5 -1.5 -0.5]
Slicing  [-2. -1. -1.]  to  [-2.5 -0.5 -1.5]
Slicing  [-2. -1. -1.]  to  [-1.5 -1.5 -1.5]
Slicing  [-2. -1. -1.]  to  [-1.5 -0.5 -0.5]
Processing BZ [-2 -1 -1], path segments from R to X

12 symmetrically equivalent path segments
[[-0.5 -0.5  0.5 -0.5  0.   0. ]
 [-0.5 -0.5  0.5  0.  -0.5  0. ]
 [-0.5 -0.5  0.5  0.   0.   0.5]
 [-0.5  0.5 -0.5 -0.5  0.   0. ]
 [-0.5  0.5 -0.5  0.   0.  -0.5]
 [-0.5  0.5 -0.5  0.   0.5  0. ]
 [ 0.5 -0.5 -0.5  0.  -0.5  0. ]
 [ 0.5 -0.5 -0.5  0.   0.  -0.5]
 [ 0.5 -0.5 -0.5  0.5  0.   0. ]
 [ 0.5  0.5  0.5  0.   0.   0.5]
 [ 0.5  0.5  0.5  0.   0.5  0. ]
 [ 0.5  0.5  0.5  0.5  0.   0. ]]
Slicing  [-2.5 -1.5 -0.5]  to  [-2.5 -1.  -1. ]
Slicing  [-2.5 -1.5 -0.5]  to  [-2.  -1.5 -1. ]
Slicing  [-2.5 -1.5 -0.5]  to  [-2.  -1.  -0.5]
Slicing  [-2.5 -0.5 -1.5]  to  [-2.5 -1.  -1. ]
Slicing  [-2.5 -0.5 -1.5]  to  [-2.  -1.  -1.5]
Slicing  [-2.5 -0.5 -1.5]  to  [-2.  -0.5 -1. ]
Slicing  [-1.5 -1.5 -1.5]  to  [-2.  -1.5 -1. ]
Slicing  [-1.5 -1.5 -1.5]  to  [-2.  -1.  -1.5]
Slicing  [-1.5 -1.5 -1.5]  to  [-1.5 -1.  -1. ]
Slicing  [-1.5 -0.5 -0.5]  to  [-2.  -1.  -0.5]
Slicing  [-1.5 -0.5 -0.5]  to  [-2.  -0.5 -1. ]
Slicing  [-1.5 -0.5 -0.5]  to  [-1.5 -1.  -1. ]

Generating Report for BZ [-2 -1 -1]

Combining all 14 BZ

BZ [-2 -1 -1] done. Total time elapsed 00:45:12
Processing BZ [-1 -2 -1], path segments from Gamma to X

6 symmetrically equivalent path segments
[[ 0.   0.   0.  -0.5  0.   0. ]
 [ 0.   0.   0.   0.  -0.5  0. ]
 [ 0.   0.   0.   0.   0.  -0.5]
 [ 0.   0.   0.   0.   0.   0.5]
 [ 0.   0.   0.   0.   0.5  0. ]
 [ 0.   0.   0.   0.5  0.   0. ]]
Slicing  [-1. -2. -1.]  to  [-1.5 -2.  -1. ]
Slicing  [-1. -2. -1.]  to  [-1.  -2.5 -1. ]
Slicing  [-1. -2. -1.]  to  [-1.  -2.  -1.5]
Slicing  [-1. -2. -1.]  to  [-1.  -2.  -0.5]
Slicing  [-1. -2. -1.]  to  [-1.  -1.5 -1. ]
Slicing  [-1. -2. -1.]  to  [-0.5 -2.  -1. ]
Processing BZ [-1 -2 -1], path segments from X to M

12 symmetrically equivalent path segments
[[-0.5  0.   0.  -0.5  0.  -0.5]
 [-0.5  0.   0.  -0.5  0.   0.5]
 [ 0.  -0.5  0.  -0.5 -0.5  0. ]
 [ 0.  -0.5  0.   0.5 -0.5  0. ]
 [ 0.   0.  -0.5  0.  -0.5 -0.5]
 [ 0.   0.  -0.5  0.   0.5 -0.5]
 [ 0.   0.   0.5  0.  -0.5  0.5]
 [ 0.   0.   0.5  0.   0.5  0.5]
 [ 0.   0.5  0.  -0.5  0.5  0. ]
 [ 0.   0.5  0.   0.5  0.5  0. ]
 [ 0.5  0.   0.   0.5  0.  -0.5]
 [ 0.5  0.   0.   0.5  0.   0.5]]
Slicing  [-1.5 -2.  -1. ]  to  [-1.5 -2.  -1.5]
Slicing  [-1.5 -2.  -1. ]  to  [-1.5 -2.  -0.5]
Slicing  [-1.  -2.5 -1. ]  to  [-1.5 -2.5 -1. ]
Slicing  [-1.  -2.5 -1. ]  to  [-0.5 -2.5 -1. ]
Slicing  [-1.  -2.  -1.5]  to  [-1.  -2.5 -1.5]
Slicing  [-1.  -2.  -1.5]  to  [-1.  -1.5 -1.5]
Slicing  [-1.  -2.  -0.5]  to  [-1.  -2.5 -0.5]
Slicing  [-1.  -2.  -0.5]  to  [-1.  -1.5 -0.5]
Slicing  [-1.  -1.5 -1. ]  to  [-1.5 -1.5 -1. ]
Slicing  [-1.  -1.5 -1. ]  to  [-0.5 -1.5 -1. ]
Slicing  [-0.5 -2.  -1. ]  to  [-0.5 -2.  -1.5]
Slicing  [-0.5 -2.  -1. ]  to  [-0.5 -2.  -0.5]
Processing BZ [-1 -2 -1], path segments from M to Gamma

12 symmetrically equivalent path segments
[[-0.5 -0.5  0.   0.   0.   0. ]
 [-0.5  0.  -0.5  0.   0.   0. ]
 [-0.5  0.   0.5  0.   0.   0. ]
 [-0.5  0.5  0.   0.   0.   0. ]
 [ 0.  -0.5 -0.5  0.   0.   0. ]
 [ 0.  -0.5  0.5  0.   0.   0. ]
 [ 0.   0.5 -0.5  0.   0.   0. ]
 [ 0.   0.5  0.5  0.   0.   0. ]
 [ 0.5 -0.5  0.   0.   0.   0. ]
 [ 0.5  0.  -0.5  0.   0.   0. ]
 [ 0.5  0.   0.5  0.   0.   0. ]
 [ 0.5  0.5  0.   0.   0.   0. ]]
Slicing  [-1.5 -2.5 -1. ]  to  [-1. -2. -1.]
Slicing  [-1.5 -2.  -1.5]  to  [-1. -2. -1.]
Slicing  [-1.5 -2.  -0.5]  to  [-1. -2. -1.]
Slicing  [-1.5 -1.5 -1. ]  to  [-1. -2. -1.]
Slicing  [-1.  -2.5 -1.5]  to  [-1. -2. -1.]
Slicing  [-1.  -2.5 -0.5]  to  [-1. -2. -1.]


Processed: 714/4462 (16.00%) | Elapsed: 00:46:15 | BZ Folding estimated remaining time: 04:02:50


Slicing  [-1.  -1.5 -1.5]  to  [-1. -2. -1.]
Slicing  [-1.  -1.5 -0.5]  to  [-1. -2. -1.]
Slicing  [-0.5 -2.5 -1. ]  to  [-1. -2. -1.]
Slicing  [-0.5 -2.  -1.5]  to  [-1. -2. -1.]
Slicing  [-0.5 -2.  -0.5]  to  [-1. -2. -1.]
Slicing  [-0.5 -1.5 -1. ]  to  [-1. -2. -1.]
Processing BZ [-1 -2 -1], path segments from Gamma to R

4 symmetrically equivalent path segments
[[ 0.   0.   0.  -0.5 -0.5  0.5]
 [ 0.   0.   0.  -0.5  0.5 -0.5]
 [ 0.   0.   0.   0.5 -0.5 -0.5]
 [ 0.   0.   0.   0.5  0.5  0.5]]
Slicing  [-1. -2. -1.]  to  [-1.5 -2.5 -0.5]
Slicing  [-1. -2. -1.]  to  [-1.5 -1.5 -1.5]
Slicing  [-1. -2. -1.]  to  [-0.5 -2.5 -1.5]
Slicing  [-1. -2. -1.]  to  [-0.5 -1.5 -0.5]
Processing BZ [-1 -2 -1], path segments from R to X

12 symmetrically equivalent path segments
[[-0.5 -0.5  0.5 -0.5  0.   0. ]
 [-0.5 -0.5  0.5  0.  -0.5  0. ]
 [-0.5 -0.5  0.5  0.   0.   0.5]
 [-0.5  0.5 -0.5 -0.5  0.   0. ]
 [-0.5  0.5 -0.5  0.   0.  -0.5]
 [-0.5  0.5 -0.5  0.   0.5  0. ]
 [ 0.5 -0.5 -0.5  0.  -0.5  0. ]
 [ 0.5 -0.5 -0.5  0.   0.  -0.5]
 [ 0.5 -0.5 -0.5  0.5  0.   0. ]
 [ 0.5  0.5  0.5  0.   0.   0.5]
 [ 0.5  0.5  0.5  0.   0.5  0. ]
 [ 0.5  0.5  0.5  0.5  0.   0. ]]
Slicing  [-1.5 -2.5 -0.5]  to  [-1.5 -2.  -1. ]
Slicing  [-1.5 -2.5 -0.5]  to  [-1.  -2.5 -1. ]
Slicing  [-1.5 -2.5 -0.5]  to  [-1.  -2.  -0.5]
Slicing  [-1.5 -1.5 -1.5]  to  [-1.5 -2.  -1. ]
Slicing  [-1.5 -1.5 -1.5]  to  [-1.  -2.  -1.5]
Slicing  [-1.5 -1.5 -1.5]  to  [-1.  -1.5 -1. ]
Slicing  [-0.5 -2.5 -1.5]  to  [-1.  -2.5 -1. ]
Slicing  [-0.5 -2.5 -1.5]  to  [-1.  -2.  -1.5]
Slicing  [-0.5 -2.5 -1.5]  to  [-0.5 -2.  -1. ]
Slicing  [-0.5 -1.5 -0.5]  to  [-1.  -2.  -0.5]
Slicing  [-0.5 -1.5 -0.5]  to  [-1.  -1.5 -1. ]
Slicing  [-0.5 -1.5 -0.5]  to  [-0.5 -2.  -1. ]

Generating Report for BZ [-1 -2 -1]

Combining all 15 BZ

BZ [-1 -2 -1] done. Total time elapsed 00:48:28
Processing BZ [-3 -4  1], path segments from Gamma to X

6 symmetrically equivalent path segments
[[ 0.   0.   0.  -0.5  0.   0. ]
 [ 0.   0.   0.   0.  -0.5  0. ]
 [ 0.   0.   0.   0.   0.  -0.5]
 [ 0.   0.   0.   0.   0.   0.5]
 [ 0.   0.   0.   0.   0.5  0. ]
 [ 0.   0.   0.   0.5  0.   0. ]]
Slicing  [-3. -4.  1.]  to  [-3.5 -4.   1. ]
Slicing  [-3. -4.  1.]  to  [-3.  -4.5  1. ]
Slicing  [-3. -4.  1.]  to  [-3.  -4.   0.5]
Slicing  [-3. -4.  1.]  to  [-3.  -4.   1.5]
Slicing  [-3. -4.  1.]  to  [-3.  -3.5  1. ]
Slicing  [-3. -4.  1.]  to  [-2.5 -4.   1. ]
Processing BZ [-3 -4  1], path segments from X to M

12 symmetrically equivalent path segments
[[-0.5  0.   0.  -0.5  0.  -0.5]
 [-0.5  0.   0.  -0.5  0.   0.5]
 [ 0.  -0.5  0.  -0.5 -0.5  0. ]
 [ 0.  -0.5  0.   0.5 -0.5  0. ]
 [ 0.   0.  -0.5  0.  -0.5 -0.5]
 [ 0.   0.  -0.5  0.   0.5 -0.5]
 [ 0.   0.   0.5  0.  -0.5  0.5]
 [ 0.   0.   0.5  0.   0.5  0.5]
 [ 0.   0.5  0.  -0.5  0.5  0. ]
 [ 0.   0.5  0.   0.5  0.5  0. ]
 [ 0.5  0.   0.   0.5  0.  -0.5]
 [ 0.5  0.   0.   0.5  0.   0.5]]
Slicing  [-3.5 -4.   1. ]  to  [-3.5 -4.   0.5]
Slicing  [-3.5 -4.   1. ]  to  [-3.5 -4.   1.5]
Slicing  [-3.  -4.5  1. ]  to  [-3.5 -4.5  1. ]
Slicing  [-3.  -4.5  1. ]  to  [-2.5 -4.5  1. ]
Slicing  [-3.  -4.   0.5]  to  [-3.  -4.5  0.5]
Slicing  [-3.  -4.   0.5]  to  [-3.  -3.5  0.5]
Slicing  [-3.  -4.   1.5]  to  [-3.  -4.5  1.5]
Slicing  [-3.  -4.   1.5]  to  [-3.  -3.5  1.5]
Slicing  [-3.  -3.5  1. ]  to  [-3.5 -3.5  1. ]
Slicing  [-3.  -3.5  1. ]  to  [-2.5 -3.5  1. ]
Slicing  [-2.5 -4.   1. ]  to  [-2.5 -4.   0.5]
Slicing  [-2.5 -4.   1. ]  to  [-2.5 -4.   1.5]
Processing BZ [-3 -4  1], path segments from M to Gamma

12 symmetrically equivalent path segments
[[-0.5 -0.5  0.   0.   0.   0. ]
 [-0.5  0.  -0.5  0.   0.   0. ]
 [-0.5  0.   0.5  0.   0.   0. ]
 [-0.5  0.5  0.   0.   0.   0. ]
 [ 0.  -0.5 -0.5  0.   0.   0. ]
 [ 0.  -0.5  0.5  0.   0.   0. ]
 [ 0.   0.5 -0.5  0.   0.   0. ]
 [ 0.   0.5  0.5  0.   0.   0. ]
 [ 0.5 -0.5  0.   0.   0.   0. ]
 [ 0.5  0.  -0.5  0.   0.   0. ]
 [ 0.5  0.   0.5  0.   0.   0. ]
 [ 0.5  0.5  0.   0.   0.   0. ]]
Slicing  [-3.5 -4.5  1. ]  to  [-3. -4.  1.]
Slicing  [-3.5 -4.   0.5]  to  [-3. -4.  1.]
Slicing  [-3.5 -4.   1.5]  to  [-3. -4.  1.]
Slicing  [-3.5 -3.5  1. ]  to  [-3. -4.  1.]
Slicing  [-3.  -4.5  0.5]  to  [-3. -4.  1.]
Slicing  [-3.  -4.5  1.5]  to  [-3. -4.  1.]
Slicing  [-3.  -3.5  0.5]  to  [-3. -4.  1.]
Slicing  [-3.  -3.5  1.5]  to  [-3. -4.  1.]
Slicing  [-2.5 -4.5  1. ]  to  [-3. -4.  1.]
Slicing  [-2.5 -4.   0.5]  to  [-3. -4.  1.]
Slicing  [-2.5 -4.   1.5]  to  [-3. -4.  1.]
Slicing  [-2.5 -3.5  1. ]  to  [-3. -4.  1.]
Processing BZ [-3 -4  1], path segments from Gamma to R

4 symmetrically equivalent path segments
[[ 0.   0.   0.  -0.5 -0.5  0.5]
 [ 0.   0.   0.  -0.5  0.5 -0.5]
 [ 0.   0.   0.   0.5 -0.5 -0.5]
 [ 0.   0.   0.   0.5  0.5  0.5]]
Slicing  [-3. -4.  1.]  to  [-3.5 -4.5  1.5]
Slicing  [-3. -4.  1.]  to  [-3.5 -3.5  0.5]
Slicing  [-3. -4.  1.]  to  [-2.5 -4.5  0.5]
Slicing  [-3. -4.  1.]  to  [-2.5 -3.5  1.5]
Processing BZ [-3 -4  1], path segments from R to X

12 symmetrically equivalent path segments
[[-0.5 -0.5  0.5 -0.5  0.   0. ]
 [-0.5 -0.5  0.5  0.  -0.5  0. ]
 [-0.5 -0.5  0.5  0.   0.   0.5]
 [-0.5  0.5 -0.5 -0.5  0.   0. ]
 [-0.5  0.5 -0.5  0.   0.  -0.5]
 [-0.5  0.5 -0.5  0.   0.5  0. ]
 [ 0.5 -0.5 -0.5  0.  -0.5  0. ]
 [ 0.5 -0.5 -0.5  0.   0.  -0.5]
 [ 0.5 -0.5 -0.5  0.5  0.   0. ]
 [ 0.5  0.5  0.5  0.   0.   0.5]
 [ 0.5  0.5  0.5  0.   0.5  0. ]
 [ 0.5  0.5  0.5  0.5  0.   0. ]]
Slicing  [-3.5 -4.5  1.5]  to  [-3.5 -4.   1. ]
Slicing  [-3.5 -4.5  1.5]  to  [-3.  -4.5  1. ]
Slicing  [-3.5 -4.5  1.5]  to  [-3.  -4.   1.5]
Slicing  [-3.5 -3.5  0.5]  to  [-3.5 -4.   1. ]
Slicing  [-3.5 -3.5  0.5]  to  [-3.  -4.   0.5]
Slicing  [-3.5 -3.5  0.5]  to  [-3.  -3.5  1. ]
Slicing  [-2.5 -4.5  0.5]  to  [-3.  -4.5  1. ]
Slicing  [-2.5 -4.5  0.5]  to  [-3.  -4.   0.5]
Slicing  [-2.5 -4.5  0.5]  to  [-2.5 -4.   1. ]
Slicing  [-2.5 -3.5  1.5]  to  [-3.  -4.   1.5]
Slicing  [-2.5 -3.5  1.5]  to  [-3.  -3.5  1. ]
Slicing  [-2.5 -3.5  1.5]  to  [-2.5 -4.   1. ]

Generating Report for BZ [-3 -4  1]

Combining all 16 BZ

BZ [-3 -4  1] done. Total time elapsed 00:51:30
Processing BZ [-3 -4  0], path segments from Gamma to X

6 symmetrically equivalent path segments
[[ 0.   0.   0.  -0.5  0.   0. ]
 [ 0.   0.   0.   0.  -0.5  0. ]
 [ 0.   0.   0.   0.   0.  -0.5]
 [ 0.   0.   0.   0.   0.   0.5]
 [ 0.   0.   0.   0.   0.5  0. ]
 [ 0.   0.   0.   0.5  0.   0. ]]
Slicing  [-3. -4.  0.]  to  [-3.5 -4.   0. ]
Slicing  [-3. -4.  0.]  to  [-3.  -4.5  0. ]
Slicing  [-3. -4.  0.]  to  [-3.  -4.  -0.5]
Slicing  [-3. -4.  0.]  to  [-3.  -4.   0.5]
Slicing  [-3. -4.  0.]  to  [-3.  -3.5  0. ]
Slicing  [-3. -4.  0.]  to  [-2.5 -4.   0. ]
Processing BZ [-3 -4  0], path segments from X to M

12 symmetrically equivalent path segments
[[-0.5  0.   0.  -0.5  0.  -0.5]
 [-0.5  0.   0.  -0.5  0.   0.5]
 [ 0.  -0.5  0.  -0.5 -0.5  0. ]
 [ 0.  -0.5  0.   0.5 -0.5  0. ]
 [ 0.   0.  -0.5  0.  -0.5 -0.5]
 [ 0.   0.  -0.5  0.   0.5 -0.5]
 [ 0.   0.   0.5  0.  -0.5  0.5]
 [ 0.   0.   0.5  0.   0.5  0.5]
 [ 0.   0.5  0.  -0.5  0.5  0. ]
 [ 0.   0.5  0.   0.5  0.5  0. ]
 [ 0.5  0.   0.   0.5  0.  -0.5]
 [ 0.5  0.   0.   0.5  0.   0.5]]
Slicing  [-3.5 -4.   0. ]  to  [-3.5 -4.  -0.5]
Slicing  [-3.5 -4.   0. ]  to  [-3.5 -4.   0.5]
Slicing  [-3.  -4.5  0. ]  to  [-3.5 -4.5  0. ]
Slicing  [-3.  -4.5  0. ]  to  [-2.5 -4.5  0. ]
Slicing  [-3.  -4.  -0.5]  to  [-3.  -4.5 -0.5]
Slicing  [-3.  -4.  -0.5]  to  [-3.  -3.5 -0.5]
Slicing  [-3.  -4.   0.5]  to  [-3.  -4.5  0.5]
Slicing  [-3.  -4.   0.5]  to  [-3.  -3.5  0.5]
Slicing  [-3.  -3.5  0. ]  to  [-3.5 -3.5  0. ]
Slicing  [-3.  -3.5  0. ]  to  [-2.5 -3.5  0. ]
Slicing  [-2.5 -4.   0. ]  to  [-2.5 -4.  -0.5]
Slicing  [-2.5 -4.   0. ]  to  [-2.5 -4.   0.5]
Processing BZ [-3 -4  0], path segments from M to Gamma

12 symmetrically equivalent path segments
[[-0.5 -0.5  0.   0.   0.   0. ]
 [-0.5  0.  -0.5  0.   0.   0. ]
 [-0.5  0.   0.5  0.   0.   0. ]
 [-0.5  0.5  0.   0.   0.   0. ]
 [ 0.  -0.5 -0.5  0.   0.   0. ]
 [ 0.  -0.5  0.5  0.   0.   0. ]
 [ 0.   0.5 -0.5  0.   0.   0. ]
 [ 0.   0.5  0.5  0.   0.   0. ]
 [ 0.5 -0.5  0.   0.   0.   0. ]
 [ 0.5  0.  -0.5  0.   0.   0. ]
 [ 0.5  0.   0.5  0.   0.   0. ]
 [ 0.5  0.5  0.   0.   0.   0. ]]
Slicing  [-3.5 -4.5  0. ]  to  [-3. -4.  0.]
Slicing  [-3.5 -4.  -0.5]  to  [-3. -4.  0.]
Slicing  [-3.5 -4.   0.5]  to  [-3. -4.  0.]
Slicing  [-3.5 -3.5  0. ]  to  [-3. -4.  0.]


Processed: 804/4462 (18.02%) | Elapsed: 00:52:24 | BZ Folding estimated remaining time: 03:58:27


Slicing  [-3.  -4.5 -0.5]  to  [-3. -4.  0.]
Slicing  [-3.  -4.5  0.5]  to  [-3. -4.  0.]
Slicing  [-3.  -3.5 -0.5]  to  [-3. -4.  0.]
Slicing  [-3.  -3.5  0.5]  to  [-3. -4.  0.]
Slicing  [-2.5 -4.5  0. ]  to  [-3. -4.  0.]
Slicing  [-2.5 -4.  -0.5]  to  [-3. -4.  0.]
Slicing  [-2.5 -4.   0.5]  to  [-3. -4.  0.]
Slicing  [-2.5 -3.5  0. ]  to  [-3. -4.  0.]
Processing BZ [-3 -4  0], path segments from Gamma to R

4 symmetrically equivalent path segments
[[ 0.   0.   0.  -0.5 -0.5  0.5]
 [ 0.   0.   0.  -0.5  0.5 -0.5]
 [ 0.   0.   0.   0.5 -0.5 -0.5]
 [ 0.   0.   0.   0.5  0.5  0.5]]
Slicing  [-3. -4.  0.]  to  [-3.5 -4.5  0.5]
Slicing  [-3. -4.  0.]  to  [-3.5 -3.5 -0.5]
Slicing  [-3. -4.  0.]  to  [-2.5 -4.5 -0.5]
Slicing  [-3. -4.  0.]  to  [-2.5 -3.5  0.5]
Processing BZ [-3 -4  0], path segments from R to X

12 symmetrically equivalent path segments
[[-0.5 -0.5  0.5 -0.5  0.   0. ]
 [-0.5 -0.5  0.5  0.  -0.5  0. ]
 [-0.5 -0.5  0.5  0.   0.   0.5]
 [-0.5  0.5 -0.5 -0.5  0.   0. ]
 [-0.5  0.5 -0.5  0.   0.  -0.5]
 [-0.5  0.5 -0.5  0.   0.5  0. ]
 [ 0.5 -0.5 -0.5  0.  -0.5  0. ]
 [ 0.5 -0.5 -0.5  0.   0.  -0.5]
 [ 0.5 -0.5 -0.5  0.5  0.   0. ]
 [ 0.5  0.5  0.5  0.   0.   0.5]
 [ 0.5  0.5  0.5  0.   0.5  0. ]
 [ 0.5  0.5  0.5  0.5  0.   0. ]]
Slicing  [-3.5 -4.5  0.5]  to  [-3.5 -4.   0. ]
Slicing  [-3.5 -4.5  0.5]  to  [-3.  -4.5  0. ]
Slicing  [-3.5 -4.5  0.5]  to  [-3.  -4.   0.5]
Slicing  [-3.5 -3.5 -0.5]  to  [-3.5 -4.   0. ]
Slicing  [-3.5 -3.5 -0.5]  to  [-3.  -4.  -0.5]
Slicing  [-3.5 -3.5 -0.5]  to  [-3.  -3.5  0. ]
Slicing  [-2.5 -4.5 -0.5]  to  [-3.  -4.5  0. ]
Slicing  [-2.5 -4.5 -0.5]  to  [-3.  -4.  -0.5]
Slicing  [-2.5 -4.5 -0.5]  to  [-2.5 -4.   0. ]
Slicing  [-2.5 -3.5  0.5]  to  [-3.  -4.   0.5]
Slicing  [-2.5 -3.5  0.5]  to  [-3.  -3.5  0. ]
Slicing  [-2.5 -3.5  0.5]  to  [-2.5 -4.   0. ]

Generating Report for BZ [-3 -4  0]

Combining all 17 BZ

BZ [-3 -4  0] done. Total time elapsed 00:54:33
Processing BZ [0 0 1], path segments from Gamma to X

6 symmetrically equivalent path segments
[[ 0.   0.   0.  -0.5  0.   0. ]
 [ 0.   0.   0.   0.  -0.5  0. ]
 [ 0.   0.   0.   0.   0.  -0.5]
 [ 0.   0.   0.   0.   0.   0.5]
 [ 0.   0.   0.   0.   0.5  0. ]
 [ 0.   0.   0.   0.5  0.   0. ]]
Slicing  [0. 0. 1.]  to  [-0.5  0.   1. ]
Slicing  [0. 0. 1.]  to  [ 0.  -0.5  1. ]
Slicing  [0. 0. 1.]  to  [0.  0.  0.5]
Slicing  [0. 0. 1.]  to  [0.  0.  1.5]
Slicing  [0. 0. 1.]  to  [0.  0.5 1. ]
Slicing  [0. 0. 1.]  to  [0.5 0.  1. ]
Processing BZ [0 0 1], path segments from X to M

12 symmetrically equivalent path segments
[[-0.5  0.   0.  -0.5  0.  -0.5]
 [-0.5  0.   0.  -0.5  0.   0.5]
 [ 0.  -0.5  0.  -0.5 -0.5  0. ]
 [ 0.  -0.5  0.   0.5 -0.5  0. ]
 [ 0.   0.  -0.5  0.  -0.5 -0.5]
 [ 0.   0.  -0.5  0.   0.5 -0.5]
 [ 0.   0.   0.5  0.  -0.5  0.5]
 [ 0.   0.   0.5  0.   0.5  0.5]
 [ 0.   0.5  0.  -0.5  0.5  0. ]
 [ 0.   0.5  0.   0.5  0.5  0. ]
 [ 0.5  0.   0.   0.5  0.  -0.5]
 [ 0.5  0.   0.   0.5  0.   0.5]]
Slicing  [-0.5  0.   1. ]  to  [-0.5  0.   0.5]
Slicing  [-0.5  0.   1. ]  to  [-0.5  0.   1.5]
Slicing  [ 0.  -0.5  1. ]  to  [-0.5 -0.5  1. ]
Slicing  [ 0.  -0.5  1. ]  to  [ 0.5 -0.5  1. ]
Slicing  [0.  0.  0.5]  to  [ 0.  -0.5  0.5]
Slicing  [0.  0.  0.5]  to  [0.  0.5 0.5]
Slicing  [0.  0.  1.5]  to  [ 0.  -0.5  1.5]
Slicing  [0.  0.  1.5]  to  [0.  0.5 1.5]
Slicing  [0.  0.5 1. ]  to  [-0.5  0.5  1. ]
Slicing  [0.  0.5 1. ]  to  [0.5 0.5 1. ]
Slicing  [0.5 0.  1. ]  to  [0.5 0.  0.5]
Slicing  [0.5 0.  1. ]  to  [0.5 0.  1.5]
Processing BZ [0 0 1], path segments from M to Gamma

12 symmetrically equivalent path segments
[[-0.5 -0.5  0.   0.   0.   0. ]
 [-0.5  0.  -0.5  0.   0.   0. ]
 [-0.5  0.   0.5  0.   0.   0. ]
 [-0.5  0.5  0.   0.   0.   0. ]
 [ 0.  -0.5 -0.5  0.   0.   0. ]
 [ 0.  -0.5  0.5  0.   0.   0. ]
 [ 0.   0.5 -0.5  0.   0.   0. ]
 [ 0.   0.5  0.5  0.   0.   0. ]
 [ 0.5 -0.5  0.   0.   0.   0. ]
 [ 0.5  0.  -0.5  0.   0.   0. ]
 [ 0.5  0.   0.5  0.   0.   0. ]
 [ 0.5  0.5  0.   0.   0.   0. ]]
Slicing  [-0.5 -0.5  1. ]  to  [0. 0. 1.]
Slicing  [-0.5  0.   0.5]  to  [0. 0. 1.]
Slicing  [-0.5  0.   1.5]  to  [0. 0. 1.]
Slicing  [-0.5  0.5  1. ]  to  [0. 0. 1.]
Slicing  [ 0.  -0.5  0.5]  to  [0. 0. 1.]
Slicing  [ 0.  -0.5  1.5]  to  [0. 0. 1.]
Slicing  [0.  0.5 0.5]  to  [0. 0. 1.]
Slicing  [0.  0.5 1.5]  to  [0. 0. 1.]
Slicing  [ 0.5 -0.5  1. ]  to  [0. 0. 1.]
Slicing  [0.5 0.  0.5]  to  [0. 0. 1.]
Slicing  [0.5 0.  1.5]  to  [0. 0. 1.]
Slicing  [0.5 0.5 1. ]  to  [0. 0. 1.]
Processing BZ [0 0 1], path segments from Gamma to R

4 symmetrically equivalent path segments
[[ 0.   0.   0.  -0.5 -0.5  0.5]
 [ 0.   0.   0.  -0.5  0.5 -0.5]
 [ 0.   0.   0.   0.5 -0.5 -0.5]
 [ 0.   0.   0.   0.5  0.5  0.5]]
Slicing  [0. 0. 1.]  to  [-0.5 -0.5  1.5]
Slicing  [0. 0. 1.]  to  [-0.5  0.5  0.5]
Slicing  [0. 0. 1.]  to  [ 0.5 -0.5  0.5]
Slicing  [0. 0. 1.]  to  [0.5 0.5 1.5]
Processing BZ [0 0 1], path segments from R to X

12 symmetrically equivalent path segments
[[-0.5 -0.5  0.5 -0.5  0.   0. ]
 [-0.5 -0.5  0.5  0.  -0.5  0. ]
 [-0.5 -0.5  0.5  0.   0.   0.5]
 [-0.5  0.5 -0.5 -0.5  0.   0. ]
 [-0.5  0.5 -0.5  0.   0.  -0.5]
 [-0.5  0.5 -0.5  0.   0.5  0. ]
 [ 0.5 -0.5 -0.5  0.  -0.5  0. ]
 [ 0.5 -0.5 -0.5  0.   0.  -0.5]
 [ 0.5 -0.5 -0.5  0.5  0.   0. ]
 [ 0.5  0.5  0.5  0.   0.   0.5]
 [ 0.5  0.5  0.5  0.   0.5  0. ]
 [ 0.5  0.5  0.5  0.5  0.   0. ]]
Slicing  [-0.5 -0.5  1.5]  to  [-0.5  0.   1. ]
Slicing  [-0.5 -0.5  1.5]  to  [ 0.  -0.5  1. ]
Slicing  [-0.5 -0.5  1.5]  to  [0.  0.  1.5]
Slicing  [-0.5  0.5  0.5]  to  [-0.5  0.   1. ]
Slicing  [-0.5  0.5  0.5]  to  [0.  0.  0.5]
Slicing  [-0.5  0.5  0.5]  to  [0.  0.5 1. ]
Slicing  [ 0.5 -0.5  0.5]  to  [ 0.  -0.5  1. ]
Slicing  [ 0.5 -0.5  0.5]  to  [0.  0.  0.5]
Slicing  [ 0.5 -0.5  0.5]  to  [0.5 0.  1. ]
Slicing  [0.5 0.5 1.5]  to  [0.  0.  1.5]
Slicing  [0.5 0.5 1.5]  to  [0.  0.5 1. ]
Slicing  [0.5 0.5 1.5]  to  [0.5 0.  1. ]

Generating Report for BZ [0 0 1]

Combining all 18 BZ

BZ [0 0 1] done. Total time elapsed 00:57:33
Processing BZ [-3 -3 -1], path segments from Gamma to X

6 symmetrically equivalent path segments
[[ 0.   0.   0.  -0.5  0.   0. ]
 [ 0.   0.   0.   0.  -0.5  0. ]
 [ 0.   0.   0.   0.   0.  -0.5]
 [ 0.   0.   0.   0.   0.   0.5]
 [ 0.   0.   0.   0.   0.5  0. ]
 [ 0.   0.   0.   0.5  0.   0. ]]
Slicing  [-3. -3. -1.]  to  [-3.5 -3.  -1. ]
Slicing  [-3. -3. -1.]  to  [-3.  -3.5 -1. ]
Slicing  [-3. -3. -1.]  to  [-3.  -3.  -1.5]
Slicing  [-3. -3. -1.]  to  [-3.  -3.  -0.5]
Slicing  [-3. -3. -1.]  to  [-3.  -2.5 -1. ]
Slicing  [-3. -3. -1.]  to  [-2.5 -3.  -1. ]
Processing BZ [-3 -3 -1], path segments from X to M

12 symmetrically equivalent path segments
[[-0.5  0.   0.  -0.5  0.  -0.5]
 [-0.5  0.   0.  -0.5  0.   0.5]
 [ 0.  -0.5  0.  -0.5 -0.5  0. ]
 [ 0.  -0.5  0.   0.5 -0.5  0. ]
 [ 0.   0.  -0.5  0.  -0.5 -0.5]
 [ 0.   0.  -0.5  0.   0.5 -0.5]
 [ 0.   0.   0.5  0.  -0.5  0.5]
 [ 0.   0.   0.5  0.   0.5  0.5]
 [ 0.   0.5  0.  -0.5  0.5  0. ]
 [ 0.   0.5  0.   0.5  0.5  0. ]
 [ 0.5  0.   0.   0.5  0.  -0.5]
 [ 0.5  0.   0.   0.5  0.   0.5]]
Slicing  [-3.5 -3.  -1. ]  to  [-3.5 -3.  -1.5]
Slicing  [-3.5 -3.  -1. ]  to  [-3.5 -3.  -0.5]
Slicing  [-3.  -3.5 -1. ]  to  [-3.5 -3.5 -1. ]
Slicing  [-3.  -3.5 -1. ]  to  [-2.5 -3.5 -1. ]
Slicing  [-3.  -3.  -1.5]  to  [-3.  -3.5 -1.5]
Slicing  [-3.  -3.  -1.5]  to  [-3.  -2.5 -1.5]
Slicing  [-3.  -3.  -0.5]  to  [-3.  -3.5 -0.5]
Slicing  [-3.  -3.  -0.5]  to  [-3.  -2.5 -0.5]
Slicing  [-3.  -2.5 -1. ]  to  [-3.5 -2.5 -1. ]
Slicing  [-3.  -2.5 -1. ]  to  [-2.5 -2.5 -1. ]
Slicing  [-2.5 -3.  -1. ]  to  [-2.5 -3.  -1.5]
Slicing  [-2.5 -3.  -1. ]  to  [-2.5 -3.  -0.5]
Processing BZ [-3 -3 -1], path segments from M to Gamma

12 symmetrically equivalent path segments
[[-0.5 -0.5  0.   0.   0.   0. ]
 [-0.5  0.  -0.5  0.   0.   0. ]
 [-0.5  0.   0.5  0.   0.   0. ]
 [-0.5  0.5  0.   0.   0.   0. ]
 [ 0.  -0.5 -0.5  0.   0.   0. ]
 [ 0.  -0.5  0.5  0.   0.   0. ]
 [ 0.   0.5 -0.5  0.   0.   0. ]
 [ 0.   0.5  0.5  0.   0.   0. ]
 [ 0.5 -0.5  0.   0.   0.   0. ]
 [ 0.5  0.  -0.5  0.   0.   0. ]
 [ 0.5  0.   0.5  0.   0.   0. ]
 [ 0.5  0.5  0.   0.   0.   0. ]]
Slicing  [-3.5 -3.5 -1. ]  to  [-3. -3. -1.]


Processed: 893/4462 (20.01%) | Elapsed: 00:58:19 | BZ Folding estimated remaining time: 03:53:04


Slicing  [-3.5 -3.  -1.5]  to  [-3. -3. -1.]
Slicing  [-3.5 -3.  -0.5]  to  [-3. -3. -1.]
Slicing  [-3.5 -2.5 -1. ]  to  [-3. -3. -1.]
Slicing  [-3.  -3.5 -1.5]  to  [-3. -3. -1.]
Slicing  [-3.  -3.5 -0.5]  to  [-3. -3. -1.]
Slicing  [-3.  -2.5 -1.5]  to  [-3. -3. -1.]
Slicing  [-3.  -2.5 -0.5]  to  [-3. -3. -1.]
Slicing  [-2.5 -3.5 -1. ]  to  [-3. -3. -1.]
Slicing  [-2.5 -3.  -1.5]  to  [-3. -3. -1.]
Slicing  [-2.5 -3.  -0.5]  to  [-3. -3. -1.]
Slicing  [-2.5 -2.5 -1. ]  to  [-3. -3. -1.]
Processing BZ [-3 -3 -1], path segments from Gamma to R

4 symmetrically equivalent path segments
[[ 0.   0.   0.  -0.5 -0.5  0.5]
 [ 0.   0.   0.  -0.5  0.5 -0.5]
 [ 0.   0.   0.   0.5 -0.5 -0.5]
 [ 0.   0.   0.   0.5  0.5  0.5]]
Slicing  [-3. -3. -1.]  to  [-3.5 -3.5 -0.5]
Slicing  [-3. -3. -1.]  to  [-3.5 -2.5 -1.5]
Slicing  [-3. -3. -1.]  to  [-2.5 -3.5 -1.5]
Slicing  [-3. -3. -1.]  to  [-2.5 -2.5 -0.5]
Processing BZ [-3 -3 -1], path segments from R to X

12 symmetrically equivalent path segments
[[-0.5 -0.5  0.5 -0.5  0.   0. ]
 [-0.5 -0.5  0.5  0.  -0.5  0. ]
 [-0.5 -0.5  0.5  0.   0.   0.5]
 [-0.5  0.5 -0.5 -0.5  0.   0. ]
 [-0.5  0.5 -0.5  0.   0.  -0.5]
 [-0.5  0.5 -0.5  0.   0.5  0. ]
 [ 0.5 -0.5 -0.5  0.  -0.5  0. ]
 [ 0.5 -0.5 -0.5  0.   0.  -0.5]
 [ 0.5 -0.5 -0.5  0.5  0.   0. ]
 [ 0.5  0.5  0.5  0.   0.   0.5]
 [ 0.5  0.5  0.5  0.   0.5  0. ]
 [ 0.5  0.5  0.5  0.5  0.   0. ]]
Slicing  [-3.5 -3.5 -0.5]  to  [-3.5 -3.  -1. ]
Slicing  [-3.5 -3.5 -0.5]  to  [-3.  -3.5 -1. ]
Slicing  [-3.5 -3.5 -0.5]  to  [-3.  -3.  -0.5]
Slicing  [-3.5 -2.5 -1.5]  to  [-3.5 -3.  -1. ]
Slicing  [-3.5 -2.5 -1.5]  to  [-3.  -3.  -1.5]
Slicing  [-3.5 -2.5 -1.5]  to  [-3.  -2.5 -1. ]
Slicing  [-2.5 -3.5 -1.5]  to  [-3.  -3.5 -1. ]
Slicing  [-2.5 -3.5 -1.5]  to  [-3.  -3.  -1.5]
Slicing  [-2.5 -3.5 -1.5]  to  [-2.5 -3.  -1. ]
Slicing  [-2.5 -2.5 -0.5]  to  [-3.  -3.  -0.5]
Slicing  [-2.5 -2.5 -0.5]  to  [-3.  -2.5 -1. ]
Slicing  [-2.5 -2.5 -0.5]  to  [-2.5 -3.  -1. ]

Generating Report for BZ [-3 -3 -1]

Combining all 19 BZ

BZ [-3 -3 -1] done. Total time elapsed 01:00:37
Processing BZ [-4 -3  0], path segments from Gamma to X

6 symmetrically equivalent path segments
[[ 0.   0.   0.  -0.5  0.   0. ]
 [ 0.   0.   0.   0.  -0.5  0. ]
 [ 0.   0.   0.   0.   0.  -0.5]
 [ 0.   0.   0.   0.   0.   0.5]
 [ 0.   0.   0.   0.   0.5  0. ]
 [ 0.   0.   0.   0.5  0.   0. ]]
Slicing  [-4. -3.  0.]  to  [-4.5 -3.   0. ]
Slicing  [-4. -3.  0.]  to  [-4.  -3.5  0. ]
Slicing  [-4. -3.  0.]  to  [-4.  -3.  -0.5]
Slicing  [-4. -3.  0.]  to  [-4.  -3.   0.5]
Slicing  [-4. -3.  0.]  to  [-4.  -2.5  0. ]
Slicing  [-4. -3.  0.]  to  [-3.5 -3.   0. ]
Processing BZ [-4 -3  0], path segments from X to M

12 symmetrically equivalent path segments
[[-0.5  0.   0.  -0.5  0.  -0.5]
 [-0.5  0.   0.  -0.5  0.   0.5]
 [ 0.  -0.5  0.  -0.5 -0.5  0. ]
 [ 0.  -0.5  0.   0.5 -0.5  0. ]
 [ 0.   0.  -0.5  0.  -0.5 -0.5]
 [ 0.   0.  -0.5  0.   0.5 -0.5]
 [ 0.   0.   0.5  0.  -0.5  0.5]
 [ 0.   0.   0.5  0.   0.5  0.5]
 [ 0.   0.5  0.  -0.5  0.5  0. ]
 [ 0.   0.5  0.   0.5  0.5  0. ]
 [ 0.5  0.   0.   0.5  0.  -0.5]
 [ 0.5  0.   0.   0.5  0.   0.5]]
Slicing  [-4.5 -3.   0. ]  to  [-4.5 -3.  -0.5]
Slicing  [-4.5 -3.   0. ]  to  [-4.5 -3.   0.5]
Slicing  [-4.  -3.5  0. ]  to  [-4.5 -3.5  0. ]
Slicing  [-4.  -3.5  0. ]  to  [-3.5 -3.5  0. ]
Slicing  [-4.  -3.  -0.5]  to  [-4.  -3.5 -0.5]
Slicing  [-4.  -3.  -0.5]  to  [-4.  -2.5 -0.5]
Slicing  [-4.  -3.   0.5]  to  [-4.  -3.5  0.5]
Slicing  [-4.  -3.   0.5]  to  [-4.  -2.5  0.5]
Slicing  [-4.  -2.5  0. ]  to  [-4.5 -2.5  0. ]
Slicing  [-4.  -2.5  0. ]  to  [-3.5 -2.5  0. ]
Slicing  [-3.5 -3.   0. ]  to  [-3.5 -3.  -0.5]
Slicing  [-3.5 -3.   0. ]  to  [-3.5 -3.   0.5]
Processing BZ [-4 -3  0], path segments from M to Gamma

12 symmetrically equivalent path segments
[[-0.5 -0.5  0.   0.   0.   0. ]
 [-0.5  0.  -0.5  0.   0.   0. ]
 [-0.5  0.   0.5  0.   0.   0. ]
 [-0.5  0.5  0.   0.   0.   0. ]
 [ 0.  -0.5 -0.5  0.   0.   0. ]
 [ 0.  -0.5  0.5  0.   0.   0. ]
 [ 0.   0.5 -0.5  0.   0.   0. ]
 [ 0.   0.5  0.5  0.   0.   0. ]
 [ 0.5 -0.5  0.   0.   0.   0. ]
 [ 0.5  0.  -0.5  0.   0.   0. ]
 [ 0.5  0.   0.5  0.   0.   0. ]
 [ 0.5  0.5  0.   0.   0.   0. ]]
Slicing  [-4.5 -3.5  0. ]  to  [-4. -3.  0.]
Slicing  [-4.5 -3.  -0.5]  to  [-4. -3.  0.]
Slicing  [-4.5 -3.   0.5]  to  [-4. -3.  0.]
Slicing  [-4.5 -2.5  0. ]  to  [-4. -3.  0.]
Slicing  [-4.  -3.5 -0.5]  to  [-4. -3.  0.]
Slicing  [-4.  -3.5  0.5]  to  [-4. -3.  0.]
Slicing  [-4.  -2.5 -0.5]  to  [-4. -3.  0.]
Slicing  [-4.  -2.5  0.5]  to  [-4. -3.  0.]
Slicing  [-3.5 -3.5  0. ]  to  [-4. -3.  0.]
Slicing  [-3.5 -3.  -0.5]  to  [-4. -3.  0.]
Slicing  [-3.5 -3.   0.5]  to  [-4. -3.  0.]
Slicing  [-3.5 -2.5  0. ]  to  [-4. -3.  0.]
Processing BZ [-4 -3  0], path segments from Gamma to R

4 symmetrically equivalent path segments
[[ 0.   0.   0.  -0.5 -0.5  0.5]
 [ 0.   0.   0.  -0.5  0.5 -0.5]
 [ 0.   0.   0.   0.5 -0.5 -0.5]
 [ 0.   0.   0.   0.5  0.5  0.5]]
Slicing  [-4. -3.  0.]  to  [-4.5 -3.5  0.5]
Slicing  [-4. -3.  0.]  to  [-4.5 -2.5 -0.5]
Slicing  [-4. -3.  0.]  to  [-3.5 -3.5 -0.5]
Slicing  [-4. -3.  0.]  to  [-3.5 -2.5  0.5]
Processing BZ [-4 -3  0], path segments from R to X

12 symmetrically equivalent path segments
[[-0.5 -0.5  0.5 -0.5  0.   0. ]
 [-0.5 -0.5  0.5  0.  -0.5  0. ]
 [-0.5 -0.5  0.5  0.   0.   0.5]
 [-0.5  0.5 -0.5 -0.5  0.   0. ]
 [-0.5  0.5 -0.5  0.   0.  -0.5]
 [-0.5  0.5 -0.5  0.   0.5  0. ]
 [ 0.5 -0.5 -0.5  0.  -0.5  0. ]
 [ 0.5 -0.5 -0.5  0.   0.  -0.5]
 [ 0.5 -0.5 -0.5  0.5  0.   0. ]
 [ 0.5  0.5  0.5  0.   0.   0.5]
 [ 0.5  0.5  0.5  0.   0.5  0. ]
 [ 0.5  0.5  0.5  0.5  0.   0. ]]
Slicing  [-4.5 -3.5  0.5]  to  [-4.5 -3.   0. ]
Slicing  [-4.5 -3.5  0.5]  to  [-4.  -3.5  0. ]
Slicing  [-4.5 -3.5  0.5]  to  [-4.  -3.   0.5]
Slicing  [-4.5 -2.5 -0.5]  to  [-4.5 -3.   0. ]
Slicing  [-4.5 -2.5 -0.5]  to  [-4.  -3.  -0.5]
Slicing  [-4.5 -2.5 -0.5]  to  [-4.  -2.5  0. ]
Slicing  [-3.5 -3.5 -0.5]  to  [-4.  -3.5  0. ]
Slicing  [-3.5 -3.5 -0.5]  to  [-4.  -3.  -0.5]
Slicing  [-3.5 -3.5 -0.5]  to  [-3.5 -3.   0. ]
Slicing  [-3.5 -2.5  0.5]  to  [-4.  -3.   0.5]
Slicing  [-3.5 -2.5  0.5]  to  [-4.  -2.5  0. ]
Slicing  [-3.5 -2.5  0.5]  to  [-3.5 -3.   0. ]

Generating Report for BZ [-4 -3  0]

Combining all 20 BZ

BZ [-4 -3  0] done. Total time elapsed 01:03:42
Processing BZ [-1  0  1], path segments from Gamma to X

6 symmetrically equivalent path segments
[[ 0.   0.   0.  -0.5  0.   0. ]
 [ 0.   0.   0.   0.  -0.5  0. ]
 [ 0.   0.   0.   0.   0.  -0.5]
 [ 0.   0.   0.   0.   0.   0.5]
 [ 0.   0.   0.   0.   0.5  0. ]
 [ 0.   0.   0.   0.5  0.   0. ]]
Slicing  [-1.  0.  1.]  to  [-1.5  0.   1. ]
Slicing  [-1.  0.  1.]  to  [-1.  -0.5  1. ]
Slicing  [-1.  0.  1.]  to  [-1.   0.   0.5]
Slicing  [-1.  0.  1.]  to  [-1.   0.   1.5]
Slicing  [-1.  0.  1.]  to  [-1.   0.5  1. ]
Slicing  [-1.  0.  1.]  to  [-0.5  0.   1. ]
Processing BZ [-1  0  1], path segments from X to M

12 symmetrically equivalent path segments
[[-0.5  0.   0.  -0.5  0.  -0.5]
 [-0.5  0.   0.  -0.5  0.   0.5]
 [ 0.  -0.5  0.  -0.5 -0.5  0. ]
 [ 0.  -0.5  0.   0.5 -0.5  0. ]
 [ 0.   0.  -0.5  0.  -0.5 -0.5]
 [ 0.   0.  -0.5  0.   0.5 -0.5]
 [ 0.   0.   0.5  0.  -0.5  0.5]
 [ 0.   0.   0.5  0.   0.5  0.5]
 [ 0.   0.5  0.  -0.5  0.5  0. ]
 [ 0.   0.5  0.   0.5  0.5  0. ]
 [ 0.5  0.   0.   0.5  0.  -0.5]
 [ 0.5  0.   0.   0.5  0.   0.5]]
Slicing  [-1.5  0.   1. ]  to  [-1.5  0.   0.5]
Slicing  [-1.5  0.   1. ]  to  [-1.5  0.   1.5]
Slicing  [-1.  -0.5  1. ]  to  [-1.5 -0.5  1. ]
Slicing  [-1.  -0.5  1. ]  to  [-0.5 -0.5  1. ]
Slicing  [-1.   0.   0.5]  to  [-1.  -0.5  0.5]
Slicing  [-1.   0.   0.5]  to  [-1.   0.5  0.5]
Slicing  [-1.   0.   1.5]  to  [-1.  -0.5  1.5]
Slicing  [-1.   0.   1.5]  to  [-1.   0.5  1.5]
Slicing  [-1.   0.5  1. ]  to  [-1.5  0.5  1. ]
Slicing  [-1.   0.5  1. ]  to  [-0.5  0.5  1. ]


Processed: 982/4462 (22.01%) | Elapsed: 01:04:15 | BZ Folding estimated remaining time: 03:47:42


Slicing  [-0.5  0.   1. ]  to  [-0.5  0.   0.5]
Slicing  [-0.5  0.   1. ]  to  [-0.5  0.   1.5]
Processing BZ [-1  0  1], path segments from M to Gamma

12 symmetrically equivalent path segments
[[-0.5 -0.5  0.   0.   0.   0. ]
 [-0.5  0.  -0.5  0.   0.   0. ]
 [-0.5  0.   0.5  0.   0.   0. ]
 [-0.5  0.5  0.   0.   0.   0. ]
 [ 0.  -0.5 -0.5  0.   0.   0. ]
 [ 0.  -0.5  0.5  0.   0.   0. ]
 [ 0.   0.5 -0.5  0.   0.   0. ]
 [ 0.   0.5  0.5  0.   0.   0. ]
 [ 0.5 -0.5  0.   0.   0.   0. ]
 [ 0.5  0.  -0.5  0.   0.   0. ]
 [ 0.5  0.   0.5  0.   0.   0. ]
 [ 0.5  0.5  0.   0.   0.   0. ]]
Slicing  [-1.5 -0.5  1. ]  to  [-1.  0.  1.]
Slicing  [-1.5  0.   0.5]  to  [-1.  0.  1.]
Slicing  [-1.5  0.   1.5]  to  [-1.  0.  1.]
Slicing  [-1.5  0.5  1. ]  to  [-1.  0.  1.]
Slicing  [-1.  -0.5  0.5]  to  [-1.  0.  1.]
Slicing  [-1.  -0.5  1.5]  to  [-1.  0.  1.]
Slicing  [-1.   0.5  0.5]  to  [-1.  0.  1.]
Slicing  [-1.   0.5  1.5]  to  [-1.  0.  1.]
Slicing  [-0.5 -0.5  1. ]  to  [-1.  0.  1.]
Slicing  [-0.5  0.   0.5]  to  [-1.  0.  1.]
Slicing  [-0.5  0.   1.5]  to  [-1.  0.  1.]
Slicing  [-0.5  0.5  1. ]  to  [-1.  0.  1.]
Processing BZ [-1  0  1], path segments from Gamma to R

4 symmetrically equivalent path segments
[[ 0.   0.   0.  -0.5 -0.5  0.5]
 [ 0.   0.   0.  -0.5  0.5 -0.5]
 [ 0.   0.   0.   0.5 -0.5 -0.5]
 [ 0.   0.   0.   0.5  0.5  0.5]]
Slicing  [-1.  0.  1.]  to  [-1.5 -0.5  1.5]
Slicing  [-1.  0.  1.]  to  [-1.5  0.5  0.5]
Slicing  [-1.  0.  1.]  to  [-0.5 -0.5  0.5]
Slicing  [-1.  0.  1.]  to  [-0.5  0.5  1.5]
Processing BZ [-1  0  1], path segments from R to X

12 symmetrically equivalent path segments
[[-0.5 -0.5  0.5 -0.5  0.   0. ]
 [-0.5 -0.5  0.5  0.  -0.5  0. ]
 [-0.5 -0.5  0.5  0.   0.   0.5]
 [-0.5  0.5 -0.5 -0.5  0.   0. ]
 [-0.5  0.5 -0.5  0.   0.  -0.5]
 [-0.5  0.5 -0.5  0.   0.5  0. ]
 [ 0.5 -0.5 -0.5  0.  -0.5  0. ]
 [ 0.5 -0.5 -0.5  0.   0.  -0.5]
 [ 0.5 -0.5 -0.5  0.5  0.   0. ]
 [ 0.5  0.5  0.5  0.   0.   0.5]
 [ 0.5  0.5  0.5  0.   0.5  0. ]
 [ 0.5  0.5  0.5  0.5  0.   0. ]]
Slicing  [-1.5 -0.5  1.5]  to  [-1.5  0.   1. ]
Slicing  [-1.5 -0.5  1.5]  to  [-1.  -0.5  1. ]
Slicing  [-1.5 -0.5  1.5]  to  [-1.   0.   1.5]
Slicing  [-1.5  0.5  0.5]  to  [-1.5  0.   1. ]
Slicing  [-1.5  0.5  0.5]  to  [-1.   0.   0.5]
Slicing  [-1.5  0.5  0.5]  to  [-1.   0.5  1. ]
Slicing  [-0.5 -0.5  0.5]  to  [-1.  -0.5  1. ]
Slicing  [-0.5 -0.5  0.5]  to  [-1.   0.   0.5]
Slicing  [-0.5 -0.5  0.5]  to  [-0.5  0.   1. ]
Slicing  [-0.5  0.5  1.5]  to  [-1.   0.   1.5]
Slicing  [-0.5  0.5  1.5]  to  [-1.   0.5  1. ]
Slicing  [-0.5  0.5  1.5]  to  [-0.5  0.   1. ]

Generating Report for BZ [-1  0  1]

Combining all 21 BZ

BZ [-1  0  1] done. Total time elapsed 01:06:44
Processing BZ [ 0 -1  1], path segments from Gamma to X

6 symmetrically equivalent path segments
[[ 0.   0.   0.  -0.5  0.   0. ]
 [ 0.   0.   0.   0.  -0.5  0. ]
 [ 0.   0.   0.   0.   0.  -0.5]
 [ 0.   0.   0.   0.   0.   0.5]
 [ 0.   0.   0.   0.   0.5  0. ]
 [ 0.   0.   0.   0.5  0.   0. ]]
Slicing  [ 0. -1.  1.]  to  [-0.5 -1.   1. ]
Slicing  [ 0. -1.  1.]  to  [ 0.  -1.5  1. ]
Slicing  [ 0. -1.  1.]  to  [ 0.  -1.   0.5]
Slicing  [ 0. -1.  1.]  to  [ 0.  -1.   1.5]
Slicing  [ 0. -1.  1.]  to  [ 0.  -0.5  1. ]
Slicing  [ 0. -1.  1.]  to  [ 0.5 -1.   1. ]
Processing BZ [ 0 -1  1], path segments from X to M

12 symmetrically equivalent path segments
[[-0.5  0.   0.  -0.5  0.  -0.5]
 [-0.5  0.   0.  -0.5  0.   0.5]
 [ 0.  -0.5  0.  -0.5 -0.5  0. ]
 [ 0.  -0.5  0.   0.5 -0.5  0. ]
 [ 0.   0.  -0.5  0.  -0.5 -0.5]
 [ 0.   0.  -0.5  0.   0.5 -0.5]
 [ 0.   0.   0.5  0.  -0.5  0.5]
 [ 0.   0.   0.5  0.   0.5  0.5]
 [ 0.   0.5  0.  -0.5  0.5  0. ]
 [ 0.   0.5  0.   0.5  0.5  0. ]
 [ 0.5  0.   0.   0.5  0.  -0.5]
 [ 0.5  0.   0.   0.5  0.   0.5]]
Slicing  [-0.5 -1.   1. ]  to  [-0.5 -1.   0.5]
Slicing  [-0.5 -1.   1. ]  to  [-0.5 -1.   1.5]
Slicing  [ 0.  -1.5  1. ]  to  [-0.5 -1.5  1. ]
Slicing  [ 0.  -1.5  1. ]  to  [ 0.5 -1.5  1. ]
Slicing  [ 0.  -1.   0.5]  to  [ 0.  -1.5  0.5]
Slicing  [ 0.  -1.   0.5]  to  [ 0.  -0.5  0.5]
Slicing  [ 0.  -1.   1.5]  to  [ 0.  -1.5  1.5]
Slicing  [ 0.  -1.   1.5]  to  [ 0.  -0.5  1.5]
Slicing  [ 0.  -0.5  1. ]  to  [-0.5 -0.5  1. ]
Slicing  [ 0.  -0.5  1. ]  to  [ 0.5 -0.5  1. ]
Slicing  [ 0.5 -1.   1. ]  to  [ 0.5 -1.   0.5]
Slicing  [ 0.5 -1.   1. ]  to  [ 0.5 -1.   1.5]
Processing BZ [ 0 -1  1], path segments from M to Gamma

12 symmetrically equivalent path segments
[[-0.5 -0.5  0.   0.   0.   0. ]
 [-0.5  0.  -0.5  0.   0.   0. ]
 [-0.5  0.   0.5  0.   0.   0. ]
 [-0.5  0.5  0.   0.   0.   0. ]
 [ 0.  -0.5 -0.5  0.   0.   0. ]
 [ 0.  -0.5  0.5  0.   0.   0. ]
 [ 0.   0.5 -0.5  0.   0.   0. ]
 [ 0.   0.5  0.5  0.   0.   0. ]
 [ 0.5 -0.5  0.   0.   0.   0. ]
 [ 0.5  0.  -0.5  0.   0.   0. ]
 [ 0.5  0.   0.5  0.   0.   0. ]
 [ 0.5  0.5  0.   0.   0.   0. ]]
Slicing  [-0.5 -1.5  1. ]  to  [ 0. -1.  1.]
Slicing  [-0.5 -1.   0.5]  to  [ 0. -1.  1.]
Slicing  [-0.5 -1.   1.5]  to  [ 0. -1.  1.]
Slicing  [-0.5 -0.5  1. ]  to  [ 0. -1.  1.]
Slicing  [ 0.  -1.5  0.5]  to  [ 0. -1.  1.]
Slicing  [ 0.  -1.5  1.5]  to  [ 0. -1.  1.]
Slicing  [ 0.  -0.5  0.5]  to  [ 0. -1.  1.]
Slicing  [ 0.  -0.5  1.5]  to  [ 0. -1.  1.]
Slicing  [ 0.5 -1.5  1. ]  to  [ 0. -1.  1.]
Slicing  [ 0.5 -1.   0.5]  to  [ 0. -1.  1.]
Slicing  [ 0.5 -1.   1.5]  to  [ 0. -1.  1.]
Slicing  [ 0.5 -0.5  1. ]  to  [ 0. -1.  1.]
Processing BZ [ 0 -1  1], path segments from Gamma to R

4 symmetrically equivalent path segments
[[ 0.   0.   0.  -0.5 -0.5  0.5]
 [ 0.   0.   0.  -0.5  0.5 -0.5]
 [ 0.   0.   0.   0.5 -0.5 -0.5]
 [ 0.   0.   0.   0.5  0.5  0.5]]
Slicing  [ 0. -1.  1.]  to  [-0.5 -1.5  1.5]
Slicing  [ 0. -1.  1.]  to  [-0.5 -0.5  0.5]
Slicing  [ 0. -1.  1.]  to  [ 0.5 -1.5  0.5]
Slicing  [ 0. -1.  1.]  to  [ 0.5 -0.5  1.5]
Processing BZ [ 0 -1  1], path segments from R to X

12 symmetrically equivalent path segments
[[-0.5 -0.5  0.5 -0.5  0.   0. ]
 [-0.5 -0.5  0.5  0.  -0.5  0. ]
 [-0.5 -0.5  0.5  0.   0.   0.5]
 [-0.5  0.5 -0.5 -0.5  0.   0. ]
 [-0.5  0.5 -0.5  0.   0.  -0.5]
 [-0.5  0.5 -0.5  0.   0.5  0. ]
 [ 0.5 -0.5 -0.5  0.  -0.5  0. ]
 [ 0.5 -0.5 -0.5  0.   0.  -0.5]
 [ 0.5 -0.5 -0.5  0.5  0.   0. ]
 [ 0.5  0.5  0.5  0.   0.   0.5]
 [ 0.5  0.5  0.5  0.   0.5  0. ]
 [ 0.5  0.5  0.5  0.5  0.   0. ]]
Slicing  [-0.5 -1.5  1.5]  to  [-0.5 -1.   1. ]
Slicing  [-0.5 -1.5  1.5]  to  [ 0.  -1.5  1. ]
Slicing  [-0.5 -1.5  1.5]  to  [ 0.  -1.   1.5]
Slicing  [-0.5 -0.5  0.5]  to  [-0.5 -1.   1. ]
Slicing  [-0.5 -0.5  0.5]  to  [ 0.  -1.   0.5]
Slicing  [-0.5 -0.5  0.5]  to  [ 0.  -0.5  1. ]
Slicing  [ 0.5 -1.5  0.5]  to  [ 0.  -1.5  1. ]
Slicing  [ 0.5 -1.5  0.5]  to  [ 0.  -1.   0.5]
Slicing  [ 0.5 -1.5  0.5]  to  [ 0.5 -1.   1. ]
Slicing  [ 0.5 -0.5  1.5]  to  [ 0.  -1.   1.5]
Slicing  [ 0.5 -0.5  1.5]  to  [ 0.  -0.5  1. ]
Slicing  [ 0.5 -0.5  1.5]  to  [ 0.5 -1.   1. ]

Generating Report for BZ [ 0 -1  1]

Combining all 22 BZ

BZ [ 0 -1  1] done. Total time elapsed 01:09:47
Processing BZ [-4 -3  1], path segments from Gamma to X

6 symmetrically equivalent path segments
[[ 0.   0.   0.  -0.5  0.   0. ]
 [ 0.   0.   0.   0.  -0.5  0. ]
 [ 0.   0.   0.   0.   0.  -0.5]
 [ 0.   0.   0.   0.   0.   0.5]
 [ 0.   0.   0.   0.   0.5  0. ]
 [ 0.   0.   0.   0.5  0.   0. ]]
Slicing  [-4. -3.  1.]  to  [-4.5 -3.   1. ]
Slicing  [-4. -3.  1.]  to  [-4.  -3.5  1. ]
Slicing  [-4. -3.  1.]  to  [-4.  -3.   0.5]
Slicing  [-4. -3.  1.]  to  [-4.  -3.   1.5]
Slicing  [-4. -3.  1.]  to  [-4.  -2.5  1. ]
Slicing  [-4. -3.  1.]  to  [-3.5 -3.   1. ]
Processing BZ [-4 -3  1], path segments from X to M

12 symmetrically equivalent path segments
[[-0.5  0.   0.  -0.5  0.  -0.5]
 [-0.5  0.   0.  -0.5  0.   0.5]
 [ 0.  -0.5  0.  -0.5 -0.5  0. ]
 [ 0.  -0.5  0.   0.5 -0.5  0. ]
 [ 0.   0.  -0.5  0.  -0.5 -0.5]
 [ 0.   0.  -0.5  0.   0.5 -0.5]
 [ 0.   0.   0.5  0.  -0.5  0.5]
 [ 0.   0.   0.5  0.   0.5  0.5]
 [ 0.   0.5  0.  -0.5  0.5  0. ]
 [ 0.   0.5  0.   0.5  0.5  0. ]
 [ 0.5  0.   0.   0.5  0.  -0.5]
 [ 0.5  0.   0.   0.5  0.   0.5]]
Slicing  [-4.5 -3.   1. ]  to  [-4.5 -3.   0.5]
Slicing  [-4.5 -3.   1. ]  to  [-4.5 -3.   1.5]
Slicing  [-4.  -3.5  1. ]  to  [-4.5 -3.5  1. ]
Slicing  [-4.  -3.5  1. ]  to  [-3.5 -3.5  1. ]
Slicing  [-4.  -3.   0.5]  to  [-4.  -3.5  0.5]
Slicing  [-4.  -3.   0.5]  to  [-4.  -2.5  0.5]
Slicing  [-4.  -3.   1.5]  to  [-4.  -3.5  1.5]


Processed: 1071/4462 (24.00%) | Elapsed: 01:10:09 | BZ Folding estimated remaining time: 03:42:08


Slicing  [-4.  -3.   1.5]  to  [-4.  -2.5  1.5]
Slicing  [-4.  -2.5  1. ]  to  [-4.5 -2.5  1. ]
Slicing  [-4.  -2.5  1. ]  to  [-3.5 -2.5  1. ]
Slicing  [-3.5 -3.   1. ]  to  [-3.5 -3.   0.5]
Slicing  [-3.5 -3.   1. ]  to  [-3.5 -3.   1.5]
Processing BZ [-4 -3  1], path segments from M to Gamma

12 symmetrically equivalent path segments
[[-0.5 -0.5  0.   0.   0.   0. ]
 [-0.5  0.  -0.5  0.   0.   0. ]
 [-0.5  0.   0.5  0.   0.   0. ]
 [-0.5  0.5  0.   0.   0.   0. ]
 [ 0.  -0.5 -0.5  0.   0.   0. ]
 [ 0.  -0.5  0.5  0.   0.   0. ]
 [ 0.   0.5 -0.5  0.   0.   0. ]
 [ 0.   0.5  0.5  0.   0.   0. ]
 [ 0.5 -0.5  0.   0.   0.   0. ]
 [ 0.5  0.  -0.5  0.   0.   0. ]
 [ 0.5  0.   0.5  0.   0.   0. ]
 [ 0.5  0.5  0.   0.   0.   0. ]]
Slicing  [-4.5 -3.5  1. ]  to  [-4. -3.  1.]
Slicing  [-4.5 -3.   0.5]  to  [-4. -3.  1.]
Slicing  [-4.5 -3.   1.5]  to  [-4. -3.  1.]
Slicing  [-4.5 -2.5  1. ]  to  [-4. -3.  1.]
Slicing  [-4.  -3.5  0.5]  to  [-4. -3.  1.]
Slicing  [-4.  -3.5  1.5]  to  [-4. -3.  1.]
Slicing  [-4.  -2.5  0.5]  to  [-4. -3.  1.]
Slicing  [-4.  -2.5  1.5]  to  [-4. -3.  1.]
Slicing  [-3.5 -3.5  1. ]  to  [-4. -3.  1.]
Slicing  [-3.5 -3.   0.5]  to  [-4. -3.  1.]
Slicing  [-3.5 -3.   1.5]  to  [-4. -3.  1.]
Slicing  [-3.5 -2.5  1. ]  to  [-4. -3.  1.]
Processing BZ [-4 -3  1], path segments from Gamma to R

4 symmetrically equivalent path segments
[[ 0.   0.   0.  -0.5 -0.5  0.5]
 [ 0.   0.   0.  -0.5  0.5 -0.5]
 [ 0.   0.   0.   0.5 -0.5 -0.5]
 [ 0.   0.   0.   0.5  0.5  0.5]]
Slicing  [-4. -3.  1.]  to  [-4.5 -3.5  1.5]
Slicing  [-4. -3.  1.]  to  [-4.5 -2.5  0.5]
Slicing  [-4. -3.  1.]  to  [-3.5 -3.5  0.5]
Slicing  [-4. -3.  1.]  to  [-3.5 -2.5  1.5]
Processing BZ [-4 -3  1], path segments from R to X

12 symmetrically equivalent path segments
[[-0.5 -0.5  0.5 -0.5  0.   0. ]
 [-0.5 -0.5  0.5  0.  -0.5  0. ]
 [-0.5 -0.5  0.5  0.   0.   0.5]
 [-0.5  0.5 -0.5 -0.5  0.   0. ]
 [-0.5  0.5 -0.5  0.   0.  -0.5]
 [-0.5  0.5 -0.5  0.   0.5  0. ]
 [ 0.5 -0.5 -0.5  0.  -0.5  0. ]
 [ 0.5 -0.5 -0.5  0.   0.  -0.5]
 [ 0.5 -0.5 -0.5  0.5  0.   0. ]
 [ 0.5  0.5  0.5  0.   0.   0.5]
 [ 0.5  0.5  0.5  0.   0.5  0. ]
 [ 0.5  0.5  0.5  0.5  0.   0. ]]
Slicing  [-4.5 -3.5  1.5]  to  [-4.5 -3.   1. ]
Slicing  [-4.5 -3.5  1.5]  to  [-4.  -3.5  1. ]
Slicing  [-4.5 -3.5  1.5]  to  [-4.  -3.   1.5]
Slicing  [-4.5 -2.5  0.5]  to  [-4.5 -3.   1. ]
Slicing  [-4.5 -2.5  0.5]  to  [-4.  -3.   0.5]
Slicing  [-4.5 -2.5  0.5]  to  [-4.  -2.5  1. ]
Slicing  [-3.5 -3.5  0.5]  to  [-4.  -3.5  1. ]
Slicing  [-3.5 -3.5  0.5]  to  [-4.  -3.   0.5]
Slicing  [-3.5 -3.5  0.5]  to  [-3.5 -3.   1. ]
Slicing  [-3.5 -2.5  1.5]  to  [-4.  -3.   1.5]
Slicing  [-3.5 -2.5  1.5]  to  [-4.  -2.5  1. ]
Slicing  [-3.5 -2.5  1.5]  to  [-3.5 -3.   1. ]

Generating Report for BZ [-4 -3  1]

Combining all 23 BZ

BZ [-4 -3  1] done. Total time elapsed 01:12:51
Processing BZ [-2 -2  1], path segments from Gamma to X

6 symmetrically equivalent path segments
[[ 0.   0.   0.  -0.5  0.   0. ]
 [ 0.   0.   0.   0.  -0.5  0. ]
 [ 0.   0.   0.   0.   0.  -0.5]
 [ 0.   0.   0.   0.   0.   0.5]
 [ 0.   0.   0.   0.   0.5  0. ]
 [ 0.   0.   0.   0.5  0.   0. ]]
Slicing  [-2. -2.  1.]  to  [-2.5 -2.   1. ]
Slicing  [-2. -2.  1.]  to  [-2.  -2.5  1. ]
Slicing  [-2. -2.  1.]  to  [-2.  -2.   0.5]
Slicing  [-2. -2.  1.]  to  [-2.  -2.   1.5]
Slicing  [-2. -2.  1.]  to  [-2.  -1.5  1. ]
Slicing  [-2. -2.  1.]  to  [-1.5 -2.   1. ]
Processing BZ [-2 -2  1], path segments from X to M

12 symmetrically equivalent path segments
[[-0.5  0.   0.  -0.5  0.  -0.5]
 [-0.5  0.   0.  -0.5  0.   0.5]
 [ 0.  -0.5  0.  -0.5 -0.5  0. ]
 [ 0.  -0.5  0.   0.5 -0.5  0. ]
 [ 0.   0.  -0.5  0.  -0.5 -0.5]
 [ 0.   0.  -0.5  0.   0.5 -0.5]
 [ 0.   0.   0.5  0.  -0.5  0.5]
 [ 0.   0.   0.5  0.   0.5  0.5]
 [ 0.   0.5  0.  -0.5  0.5  0. ]
 [ 0.   0.5  0.   0.5  0.5  0. ]
 [ 0.5  0.   0.   0.5  0.  -0.5]
 [ 0.5  0.   0.   0.5  0.   0.5]]
Slicing  [-2.5 -2.   1. ]  to  [-2.5 -2.   0.5]
Slicing  [-2.5 -2.   1. ]  to  [-2.5 -2.   1.5]
Slicing  [-2.  -2.5  1. ]  to  [-2.5 -2.5  1. ]
Slicing  [-2.  -2.5  1. ]  to  [-1.5 -2.5  1. ]
Slicing  [-2.  -2.   0.5]  to  [-2.  -2.5  0.5]
Slicing  [-2.  -2.   0.5]  to  [-2.  -1.5  0.5]
Slicing  [-2.  -2.   1.5]  to  [-2.  -2.5  1.5]
Slicing  [-2.  -2.   1.5]  to  [-2.  -1.5  1.5]
Slicing  [-2.  -1.5  1. ]  to  [-2.5 -1.5  1. ]
Slicing  [-2.  -1.5  1. ]  to  [-1.5 -1.5  1. ]
Slicing  [-1.5 -2.   1. ]  to  [-1.5 -2.   0.5]
Slicing  [-1.5 -2.   1. ]  to  [-1.5 -2.   1.5]
Processing BZ [-2 -2  1], path segments from M to Gamma

12 symmetrically equivalent path segments
[[-0.5 -0.5  0.   0.   0.   0. ]
 [-0.5  0.  -0.5  0.   0.   0. ]
 [-0.5  0.   0.5  0.   0.   0. ]
 [-0.5  0.5  0.   0.   0.   0. ]
 [ 0.  -0.5 -0.5  0.   0.   0. ]
 [ 0.  -0.5  0.5  0.   0.   0. ]
 [ 0.   0.5 -0.5  0.   0.   0. ]
 [ 0.   0.5  0.5  0.   0.   0. ]
 [ 0.5 -0.5  0.   0.   0.   0. ]
 [ 0.5  0.  -0.5  0.   0.   0. ]
 [ 0.5  0.   0.5  0.   0.   0. ]
 [ 0.5  0.5  0.   0.   0.   0. ]]
Slicing  [-2.5 -2.5  1. ]  to  [-2. -2.  1.]
Slicing  [-2.5 -2.   0.5]  to  [-2. -2.  1.]
Slicing  [-2.5 -2.   1.5]  to  [-2. -2.  1.]
Slicing  [-2.5 -1.5  1. ]  to  [-2. -2.  1.]
Slicing  [-2.  -2.5  0.5]  to  [-2. -2.  1.]
Slicing  [-2.  -2.5  1.5]  to  [-2. -2.  1.]
Slicing  [-2.  -1.5  0.5]  to  [-2. -2.  1.]
Slicing  [-2.  -1.5  1.5]  to  [-2. -2.  1.]
Slicing  [-1.5 -2.5  1. ]  to  [-2. -2.  1.]
Slicing  [-1.5 -2.   0.5]  to  [-2. -2.  1.]
Slicing  [-1.5 -2.   1.5]  to  [-2. -2.  1.]
Slicing  [-1.5 -1.5  1. ]  to  [-2. -2.  1.]
Processing BZ [-2 -2  1], path segments from Gamma to R

4 symmetrically equivalent path segments
[[ 0.   0.   0.  -0.5 -0.5  0.5]
 [ 0.   0.   0.  -0.5  0.5 -0.5]
 [ 0.   0.   0.   0.5 -0.5 -0.5]
 [ 0.   0.   0.   0.5  0.5  0.5]]
Slicing  [-2. -2.  1.]  to  [-2.5 -2.5  1.5]
Slicing  [-2. -2.  1.]  to  [-2.5 -1.5  0.5]
Slicing  [-2. -2.  1.]  to  [-1.5 -2.5  0.5]
Slicing  [-2. -2.  1.]  to  [-1.5 -1.5  1.5]
Processing BZ [-2 -2  1], path segments from R to X

12 symmetrically equivalent path segments
[[-0.5 -0.5  0.5 -0.5  0.   0. ]
 [-0.5 -0.5  0.5  0.  -0.5  0. ]
 [-0.5 -0.5  0.5  0.   0.   0.5]
 [-0.5  0.5 -0.5 -0.5  0.   0. ]
 [-0.5  0.5 -0.5  0.   0.  -0.5]
 [-0.5  0.5 -0.5  0.   0.5  0. ]
 [ 0.5 -0.5 -0.5  0.  -0.5  0. ]
 [ 0.5 -0.5 -0.5  0.   0.  -0.5]
 [ 0.5 -0.5 -0.5  0.5  0.   0. ]
 [ 0.5  0.5  0.5  0.   0.   0.5]
 [ 0.5  0.5  0.5  0.   0.5  0. ]
 [ 0.5  0.5  0.5  0.5  0.   0. ]]
Slicing  [-2.5 -2.5  1.5]  to  [-2.5 -2.   1. ]
Slicing  [-2.5 -2.5  1.5]  to  [-2.  -2.5  1. ]
Slicing  [-2.5 -2.5  1.5]  to  [-2.  -2.   1.5]
Slicing  [-2.5 -1.5  0.5]  to  [-2.5 -2.   1. ]
Slicing  [-2.5 -1.5  0.5]  to  [-2.  -2.   0.5]
Slicing  [-2.5 -1.5  0.5]  to  [-2.  -1.5  1. ]
Slicing  [-1.5 -2.5  0.5]  to  [-2.  -2.5  1. ]
Slicing  [-1.5 -2.5  0.5]  to  [-2.  -2.   0.5]
Slicing  [-1.5 -2.5  0.5]  to  [-1.5 -2.   1. ]
Slicing  [-1.5 -1.5  1.5]  to  [-2.  -2.   1.5]
Slicing  [-1.5 -1.5  1.5]  to  [-2.  -1.5  1. ]
Slicing  [-1.5 -1.5  1.5]  to  [-1.5 -2.   1. ]

Generating Report for BZ [-2 -2  1]

Combining all 24 BZ

BZ [-2 -2  1] done. Total time elapsed 01:15:55
Processing BZ [-3 -4  2], path segments from Gamma to X

6 symmetrically equivalent path segments
[[ 0.   0.   0.  -0.5  0.   0. ]
 [ 0.   0.   0.   0.  -0.5  0. ]
 [ 0.   0.   0.   0.   0.  -0.5]
 [ 0.   0.   0.   0.   0.   0.5]
 [ 0.   0.   0.   0.   0.5  0. ]
 [ 0.   0.   0.   0.5  0.   0. ]]
Slicing  [-3. -4.  2.]  to  [-3.5 -4.   2. ]
Slicing  [-3. -4.  2.]  to  [-3.  -4.5  2. ]
Slicing  [-3. -4.  2.]  to  [-3.  -4.   1.5]
Slicing  [-3. -4.  2.]  to  [-3.  -4.   2.5]
Slicing  [-3. -4.  2.]  to  [-3.  -3.5  2. ]
Slicing  [-3. -4.  2.]  to  [-2.5 -4.   2. ]
Processing BZ [-3 -4  2], path segments from X to M

12 symmetrically equivalent path segments
[[-0.5  0.   0.  -0.5  0.  -0.5]
 [-0.5  0.   0.  -0.5  0.   0.5]
 [ 0.  -0.5  0.  -0.5 -0.5  0. ]
 [ 0.  -0.5  0.   0.5 -0.5  0. ]
 [ 0.   0.  -0.5  0.  -0.5 -0.5]
 [ 0.   0.  -0.5  0.   0.5 -0.5]
 [ 0.   0.   0.5  0.  -0.5  0.5]
 [ 0.   0.   0.5  0.   0.5  0.5]
 [ 0.   0.5  0.  -0.5  0.5  0. ]
 [ 0.   0.5  0.   0.5  0.5  0. ]
 [ 0.5  0.   0.   0.5  0.  -0.5]
 [ 0.5  0.   0.   0.5  0.   0.5]]
Slicing  [-3.5 -4.   2. ]  to  [-3.5 -4.   1.5]
Slicing  [-3.5 -4.   2. ]  to  [-3.5 -4.   2.5]
Slicing  [-3.  -4.5  2. ]  to  [-3.5 -4.5  2. ]
Slicing  [-3.  -4.5  2. ]  to  [-2.5 -4.5  2. ]
Slicing  [-3.  -4.   1.5]  to  [-3.  -4.5  1.5]


Processed: 1161/4462 (26.02%) | Elapsed: 01:16:08 | BZ Folding estimated remaining time: 03:36:30


Slicing  [-3.  -4.   1.5]  to  [-3.  -3.5  1.5]
Slicing  [-3.  -4.   2.5]  to  [-3.  -4.5  2.5]
Slicing  [-3.  -4.   2.5]  to  [-3.  -3.5  2.5]
Slicing  [-3.  -3.5  2. ]  to  [-3.5 -3.5  2. ]
Slicing  [-3.  -3.5  2. ]  to  [-2.5 -3.5  2. ]
Slicing  [-2.5 -4.   2. ]  to  [-2.5 -4.   1.5]
Slicing  [-2.5 -4.   2. ]  to  [-2.5 -4.   2.5]
Processing BZ [-3 -4  2], path segments from M to Gamma

12 symmetrically equivalent path segments
[[-0.5 -0.5  0.   0.   0.   0. ]
 [-0.5  0.  -0.5  0.   0.   0. ]
 [-0.5  0.   0.5  0.   0.   0. ]
 [-0.5  0.5  0.   0.   0.   0. ]
 [ 0.  -0.5 -0.5  0.   0.   0. ]
 [ 0.  -0.5  0.5  0.   0.   0. ]
 [ 0.   0.5 -0.5  0.   0.   0. ]
 [ 0.   0.5  0.5  0.   0.   0. ]
 [ 0.5 -0.5  0.   0.   0.   0. ]
 [ 0.5  0.  -0.5  0.   0.   0. ]
 [ 0.5  0.   0.5  0.   0.   0. ]
 [ 0.5  0.5  0.   0.   0.   0. ]]
Slicing  [-3.5 -4.5  2. ]  to  [-3. -4.  2.]
Slicing  [-3.5 -4.   1.5]  to  [-3. -4.  2.]
Slicing  [-3.5 -4.   2.5]  to  [-3. -4.  2.]
Slicing  [-3.5 -3.5  2. ]  to  [-3. -4.  2.]
Slicing  [-3.  -4.5  1.5]  to  [-3. -4.  2.]
Slicing  [-3.  -4.5  2.5]  to  [-3. -4.  2.]
Slicing  [-3.  -3.5  1.5]  to  [-3. -4.  2.]
Slicing  [-3.  -3.5  2.5]  to  [-3. -4.  2.]
Slicing  [-2.5 -4.5  2. ]  to  [-3. -4.  2.]
Slicing  [-2.5 -4.   1.5]  to  [-3. -4.  2.]
Slicing  [-2.5 -4.   2.5]  to  [-3. -4.  2.]
Slicing  [-2.5 -3.5  2. ]  to  [-3. -4.  2.]
Processing BZ [-3 -4  2], path segments from Gamma to R

4 symmetrically equivalent path segments
[[ 0.   0.   0.  -0.5 -0.5  0.5]
 [ 0.   0.   0.  -0.5  0.5 -0.5]
 [ 0.   0.   0.   0.5 -0.5 -0.5]
 [ 0.   0.   0.   0.5  0.5  0.5]]
Slicing  [-3. -4.  2.]  to  [-3.5 -4.5  2.5]
Slicing  [-3. -4.  2.]  to  [-3.5 -3.5  1.5]
Slicing  [-3. -4.  2.]  to  [-2.5 -4.5  1.5]
Slicing  [-3. -4.  2.]  to  [-2.5 -3.5  2.5]
Processing BZ [-3 -4  2], path segments from R to X

12 symmetrically equivalent path segments
[[-0.5 -0.5  0.5 -0.5  0.   0. ]
 [-0.5 -0.5  0.5  0.  -0.5  0. ]
 [-0.5 -0.5  0.5  0.   0.   0.5]
 [-0.5  0.5 -0.5 -0.5  0.   0. ]
 [-0.5  0.5 -0.5  0.   0.  -0.5]
 [-0.5  0.5 -0.5  0.   0.5  0. ]
 [ 0.5 -0.5 -0.5  0.  -0.5  0. ]
 [ 0.5 -0.5 -0.5  0.   0.  -0.5]
 [ 0.5 -0.5 -0.5  0.5  0.   0. ]
 [ 0.5  0.5  0.5  0.   0.   0.5]
 [ 0.5  0.5  0.5  0.   0.5  0. ]
 [ 0.5  0.5  0.5  0.5  0.   0. ]]
Slicing  [-3.5 -4.5  2.5]  to  [-3.5 -4.   2. ]
Slicing  [-3.5 -4.5  2.5]  to  [-3.  -4.5  2. ]
Slicing  [-3.5 -4.5  2.5]  to  [-3.  -4.   2.5]
Slicing  [-3.5 -3.5  1.5]  to  [-3.5 -4.   2. ]
Slicing  [-3.5 -3.5  1.5]  to  [-3.  -4.   1.5]
Slicing  [-3.5 -3.5  1.5]  to  [-3.  -3.5  2. ]
Slicing  [-2.5 -4.5  1.5]  to  [-3.  -4.5  2. ]
Slicing  [-2.5 -4.5  1.5]  to  [-3.  -4.   1.5]
Slicing  [-2.5 -4.5  1.5]  to  [-2.5 -4.   2. ]
Slicing  [-2.5 -3.5  2.5]  to  [-3.  -4.   2.5]
Slicing  [-2.5 -3.5  2.5]  to  [-3.  -3.5  2. ]
Slicing  [-2.5 -3.5  2.5]  to  [-2.5 -4.   2. ]

Generating Report for BZ [-3 -4  2]

Combining all 25 BZ

BZ [-3 -4  2] done. Total time elapsed 01:18:59
Processing BZ [-2 -4  0], path segments from Gamma to X

6 symmetrically equivalent path segments
[[ 0.   0.   0.  -0.5  0.   0. ]
 [ 0.   0.   0.   0.  -0.5  0. ]
 [ 0.   0.   0.   0.   0.  -0.5]
 [ 0.   0.   0.   0.   0.   0.5]
 [ 0.   0.   0.   0.   0.5  0. ]
 [ 0.   0.   0.   0.5  0.   0. ]]
Slicing  [-2. -4.  0.]  to  [-2.5 -4.   0. ]
Slicing  [-2. -4.  0.]  to  [-2.  -4.5  0. ]
Slicing  [-2. -4.  0.]  to  [-2.  -4.  -0.5]
Slicing  [-2. -4.  0.]  to  [-2.  -4.   0.5]
Slicing  [-2. -4.  0.]  to  [-2.  -3.5  0. ]
Slicing  [-2. -4.  0.]  to  [-1.5 -4.   0. ]
Processing BZ [-2 -4  0], path segments from X to M

12 symmetrically equivalent path segments
[[-0.5  0.   0.  -0.5  0.  -0.5]
 [-0.5  0.   0.  -0.5  0.   0.5]
 [ 0.  -0.5  0.  -0.5 -0.5  0. ]
 [ 0.  -0.5  0.   0.5 -0.5  0. ]
 [ 0.   0.  -0.5  0.  -0.5 -0.5]
 [ 0.   0.  -0.5  0.   0.5 -0.5]
 [ 0.   0.   0.5  0.  -0.5  0.5]
 [ 0.   0.   0.5  0.   0.5  0.5]
 [ 0.   0.5  0.  -0.5  0.5  0. ]
 [ 0.   0.5  0.   0.5  0.5  0. ]
 [ 0.5  0.   0.   0.5  0.  -0.5]
 [ 0.5  0.   0.   0.5  0.   0.5]]
Slicing  [-2.5 -4.   0. ]  to  [-2.5 -4.  -0.5]
Slicing  [-2.5 -4.   0. ]  to  [-2.5 -4.   0.5]
Slicing  [-2.  -4.5  0. ]  to  [-2.5 -4.5  0. ]
Slicing  [-2.  -4.5  0. ]  to  [-1.5 -4.5  0. ]
Slicing  [-2.  -4.  -0.5]  to  [-2.  -4.5 -0.5]
Slicing  [-2.  -4.  -0.5]  to  [-2.  -3.5 -0.5]
Slicing  [-2.  -4.   0.5]  to  [-2.  -4.5  0.5]
Slicing  [-2.  -4.   0.5]  to  [-2.  -3.5  0.5]
Slicing  [-2.  -3.5  0. ]  to  [-2.5 -3.5  0. ]
Slicing  [-2.  -3.5  0. ]  to  [-1.5 -3.5  0. ]
Slicing  [-1.5 -4.   0. ]  to  [-1.5 -4.  -0.5]
Slicing  [-1.5 -4.   0. ]  to  [-1.5 -4.   0.5]
Processing BZ [-2 -4  0], path segments from M to Gamma

12 symmetrically equivalent path segments
[[-0.5 -0.5  0.   0.   0.   0. ]
 [-0.5  0.  -0.5  0.   0.   0. ]
 [-0.5  0.   0.5  0.   0.   0. ]
 [-0.5  0.5  0.   0.   0.   0. ]
 [ 0.  -0.5 -0.5  0.   0.   0. ]
 [ 0.  -0.5  0.5  0.   0.   0. ]
 [ 0.   0.5 -0.5  0.   0.   0. ]
 [ 0.   0.5  0.5  0.   0.   0. ]
 [ 0.5 -0.5  0.   0.   0.   0. ]
 [ 0.5  0.  -0.5  0.   0.   0. ]
 [ 0.5  0.   0.5  0.   0.   0. ]
 [ 0.5  0.5  0.   0.   0.   0. ]]
Slicing  [-2.5 -4.5  0. ]  to  [-2. -4.  0.]
Slicing  [-2.5 -4.  -0.5]  to  [-2. -4.  0.]
Slicing  [-2.5 -4.   0.5]  to  [-2. -4.  0.]
Slicing  [-2.5 -3.5  0. ]  to  [-2. -4.  0.]
Slicing  [-2.  -4.5 -0.5]  to  [-2. -4.  0.]
Slicing  [-2.  -4.5  0.5]  to  [-2. -4.  0.]
Slicing  [-2.  -3.5 -0.5]  to  [-2. -4.  0.]
Slicing  [-2.  -3.5  0.5]  to  [-2. -4.  0.]
Slicing  [-1.5 -4.5  0. ]  to  [-2. -4.  0.]
Slicing  [-1.5 -4.  -0.5]  to  [-2. -4.  0.]
Slicing  [-1.5 -4.   0.5]  to  [-2. -4.  0.]
Slicing  [-1.5 -3.5  0. ]  to  [-2. -4.  0.]
Processing BZ [-2 -4  0], path segments from Gamma to R

4 symmetrically equivalent path segments
[[ 0.   0.   0.  -0.5 -0.5  0.5]
 [ 0.   0.   0.  -0.5  0.5 -0.5]
 [ 0.   0.   0.   0.5 -0.5 -0.5]
 [ 0.   0.   0.   0.5  0.5  0.5]]
Slicing  [-2. -4.  0.]  to  [-2.5 -4.5  0.5]
Slicing  [-2. -4.  0.]  to  [-2.5 -3.5 -0.5]
Slicing  [-2. -4.  0.]  to  [-1.5 -4.5 -0.5]
Slicing  [-2. -4.  0.]  to  [-1.5 -3.5  0.5]
Processing BZ [-2 -4  0], path segments from R to X

12 symmetrically equivalent path segments
[[-0.5 -0.5  0.5 -0.5  0.   0. ]
 [-0.5 -0.5  0.5  0.  -0.5  0. ]
 [-0.5 -0.5  0.5  0.   0.   0.5]
 [-0.5  0.5 -0.5 -0.5  0.   0. ]
 [-0.5  0.5 -0.5  0.   0.  -0.5]
 [-0.5  0.5 -0.5  0.   0.5  0. ]
 [ 0.5 -0.5 -0.5  0.  -0.5  0. ]
 [ 0.5 -0.5 -0.5  0.   0.  -0.5]
 [ 0.5 -0.5 -0.5  0.5  0.   0. ]
 [ 0.5  0.5  0.5  0.   0.   0.5]
 [ 0.5  0.5  0.5  0.   0.5  0. ]
 [ 0.5  0.5  0.5  0.5  0.   0. ]]
Slicing  [-2.5 -4.5  0.5]  to  [-2.5 -4.   0. ]
Slicing  [-2.5 -4.5  0.5]  to  [-2.  -4.5  0. ]
Slicing  [-2.5 -4.5  0.5]  to  [-2.  -4.   0.5]
Slicing  [-2.5 -3.5 -0.5]  to  [-2.5 -4.   0. ]
Slicing  [-2.5 -3.5 -0.5]  to  [-2.  -4.  -0.5]
Slicing  [-2.5 -3.5 -0.5]  to  [-2.  -3.5  0. ]
Slicing  [-1.5 -4.5 -0.5]  to  [-2.  -4.5  0. ]
Slicing  [-1.5 -4.5 -0.5]  to  [-2.  -4.  -0.5]
Slicing  [-1.5 -4.5 -0.5]  to  [-1.5 -4.   0. ]
Slicing  [-1.5 -3.5  0.5]  to  [-2.  -4.   0.5]
Slicing  [-1.5 -3.5  0.5]  to  [-2.  -3.5  0. ]
Slicing  [-1.5 -3.5  0.5]  to  [-1.5 -4.   0. ]

Generating Report for BZ [-2 -4  0]

Combining all 26 BZ

BZ [-2 -4  0] done. Total time elapsed 01:22:01
Processing BZ [-3 -2  2], path segments from Gamma to X

6 symmetrically equivalent path segments
[[ 0.   0.   0.  -0.5  0.   0. ]
 [ 0.   0.   0.   0.  -0.5  0. ]
 [ 0.   0.   0.   0.   0.  -0.5]
 [ 0.   0.   0.   0.   0.   0.5]
 [ 0.   0.   0.   0.   0.5  0. ]
 [ 0.   0.   0.   0.5  0.   0. ]]
Slicing  [-3. -2.  2.]  to  [-3.5 -2.   2. ]
Slicing  [-3. -2.  2.]  to  [-3.  -2.5  2. ]
Slicing  [-3. -2.  2.]  to  [-3.  -2.   1.5]
Slicing  [-3. -2.  2.]  to  [-3.  -2.   2.5]
Slicing  [-3. -2.  2.]  to  [-3.  -1.5  2. ]
Slicing  [-3. -2.  2.]  to  [-2.5 -2.   2. ]
Processing BZ [-3 -2  2], path segments from X to M

12 symmetrically equivalent path segments
[[-0.5  0.   0.  -0.5  0.  -0.5]
 [-0.5  0.   0.  -0.5  0.   0.5]
 [ 0.  -0.5  0.  -0.5 -0.5  0. ]
 [ 0.  -0.5  0.   0.5 -0.5  0. ]
 [ 0.   0.  -0.5  0.  -0.5 -0.5]
 [ 0.   0.  -0.5  0.   0.5 -0.5]
 [ 0.   0.   0.5  0.  -0.5  0.5]
 [ 0.   0.   0.5  0.   0.5  0.5]
 [ 0.   0.5  0.  -0.5  0.5  0. ]
 [ 0.   0.5  0.   0.5  0.5  0. ]
 [ 0.5  0.   0.   0.5  0.  -0.5]
 [ 0.5  0.   0.   0.5  0.   0.5]]
Slicing  [-3.5 -2.   2. ]  to  [-3.5 -2.   1.5]
Slicing  [-3.5 -2.   2. ]  to  [-3.5 -2.   2.5]


Processed: 1250/4462 (28.01%) | Elapsed: 01:22:04 | BZ Folding estimated remaining time: 03:30:54


Slicing  [-3.  -2.5  2. ]  to  [-3.5 -2.5  2. ]
Slicing  [-3.  -2.5  2. ]  to  [-2.5 -2.5  2. ]
Slicing  [-3.  -2.   1.5]  to  [-3.  -2.5  1.5]
Slicing  [-3.  -2.   1.5]  to  [-3.  -1.5  1.5]
Slicing  [-3.  -2.   2.5]  to  [-3.  -2.5  2.5]
Slicing  [-3.  -2.   2.5]  to  [-3.  -1.5  2.5]
Slicing  [-3.  -1.5  2. ]  to  [-3.5 -1.5  2. ]
Slicing  [-3.  -1.5  2. ]  to  [-2.5 -1.5  2. ]
Slicing  [-2.5 -2.   2. ]  to  [-2.5 -2.   1.5]
Slicing  [-2.5 -2.   2. ]  to  [-2.5 -2.   2.5]
Processing BZ [-3 -2  2], path segments from M to Gamma

12 symmetrically equivalent path segments
[[-0.5 -0.5  0.   0.   0.   0. ]
 [-0.5  0.  -0.5  0.   0.   0. ]
 [-0.5  0.   0.5  0.   0.   0. ]
 [-0.5  0.5  0.   0.   0.   0. ]
 [ 0.  -0.5 -0.5  0.   0.   0. ]
 [ 0.  -0.5  0.5  0.   0.   0. ]
 [ 0.   0.5 -0.5  0.   0.   0. ]
 [ 0.   0.5  0.5  0.   0.   0. ]
 [ 0.5 -0.5  0.   0.   0.   0. ]
 [ 0.5  0.  -0.5  0.   0.   0. ]
 [ 0.5  0.   0.5  0.   0.   0. ]
 [ 0.5  0.5  0.   0.   0.   0. ]]
Slicing  [-3.5 -2.5  2. ]  to  [-3. -2.  2.]
Slicing  [-3.5 -2.   1.5]  to  [-3. -2.  2.]
Slicing  [-3.5 -2.   2.5]  to  [-3. -2.  2.]
Slicing  [-3.5 -1.5  2. ]  to  [-3. -2.  2.]
Slicing  [-3.  -2.5  1.5]  to  [-3. -2.  2.]
Slicing  [-3.  -2.5  2.5]  to  [-3. -2.  2.]
Slicing  [-3.  -1.5  1.5]  to  [-3. -2.  2.]
Slicing  [-3.  -1.5  2.5]  to  [-3. -2.  2.]
Slicing  [-2.5 -2.5  2. ]  to  [-3. -2.  2.]
Slicing  [-2.5 -2.   1.5]  to  [-3. -2.  2.]
Slicing  [-2.5 -2.   2.5]  to  [-3. -2.  2.]
Slicing  [-2.5 -1.5  2. ]  to  [-3. -2.  2.]
Processing BZ [-3 -2  2], path segments from Gamma to R

4 symmetrically equivalent path segments
[[ 0.   0.   0.  -0.5 -0.5  0.5]
 [ 0.   0.   0.  -0.5  0.5 -0.5]
 [ 0.   0.   0.   0.5 -0.5 -0.5]
 [ 0.   0.   0.   0.5  0.5  0.5]]
Slicing  [-3. -2.  2.]  to  [-3.5 -2.5  2.5]
Slicing  [-3. -2.  2.]  to  [-3.5 -1.5  1.5]
Slicing  [-3. -2.  2.]  to  [-2.5 -2.5  1.5]
Slicing  [-3. -2.  2.]  to  [-2.5 -1.5  2.5]
Processing BZ [-3 -2  2], path segments from R to X

12 symmetrically equivalent path segments
[[-0.5 -0.5  0.5 -0.5  0.   0. ]
 [-0.5 -0.5  0.5  0.  -0.5  0. ]
 [-0.5 -0.5  0.5  0.   0.   0.5]
 [-0.5  0.5 -0.5 -0.5  0.   0. ]
 [-0.5  0.5 -0.5  0.   0.  -0.5]
 [-0.5  0.5 -0.5  0.   0.5  0. ]
 [ 0.5 -0.5 -0.5  0.  -0.5  0. ]
 [ 0.5 -0.5 -0.5  0.   0.  -0.5]
 [ 0.5 -0.5 -0.5  0.5  0.   0. ]
 [ 0.5  0.5  0.5  0.   0.   0.5]
 [ 0.5  0.5  0.5  0.   0.5  0. ]
 [ 0.5  0.5  0.5  0.5  0.   0. ]]
Slicing  [-3.5 -2.5  2.5]  to  [-3.5 -2.   2. ]
Slicing  [-3.5 -2.5  2.5]  to  [-3.  -2.5  2. ]
Slicing  [-3.5 -2.5  2.5]  to  [-3.  -2.   2.5]
Slicing  [-3.5 -1.5  1.5]  to  [-3.5 -2.   2. ]
Slicing  [-3.5 -1.5  1.5]  to  [-3.  -2.   1.5]
Slicing  [-3.5 -1.5  1.5]  to  [-3.  -1.5  2. ]
Slicing  [-2.5 -2.5  1.5]  to  [-3.  -2.5  2. ]
Slicing  [-2.5 -2.5  1.5]  to  [-3.  -2.   1.5]
Slicing  [-2.5 -2.5  1.5]  to  [-2.5 -2.   2. ]
Slicing  [-2.5 -1.5  2.5]  to  [-3.  -2.   2.5]
Slicing  [-2.5 -1.5  2.5]  to  [-3.  -1.5  2. ]
Slicing  [-2.5 -1.5  2.5]  to  [-2.5 -2.   2. ]

Generating Report for BZ [-3 -2  2]

Combining all 27 BZ

BZ [-3 -2  2] done. Total time elapsed 01:25:03
Processing BZ [-2 -3  2], path segments from Gamma to X

6 symmetrically equivalent path segments
[[ 0.   0.   0.  -0.5  0.   0. ]
 [ 0.   0.   0.   0.  -0.5  0. ]
 [ 0.   0.   0.   0.   0.  -0.5]
 [ 0.   0.   0.   0.   0.   0.5]
 [ 0.   0.   0.   0.   0.5  0. ]
 [ 0.   0.   0.   0.5  0.   0. ]]
Slicing  [-2. -3.  2.]  to  [-2.5 -3.   2. ]
Slicing  [-2. -3.  2.]  to  [-2.  -3.5  2. ]
Slicing  [-2. -3.  2.]  to  [-2.  -3.   1.5]
Slicing  [-2. -3.  2.]  to  [-2.  -3.   2.5]
Slicing  [-2. -3.  2.]  to  [-2.  -2.5  2. ]
Slicing  [-2. -3.  2.]  to  [-1.5 -3.   2. ]
Processing BZ [-2 -3  2], path segments from X to M

12 symmetrically equivalent path segments
[[-0.5  0.   0.  -0.5  0.  -0.5]
 [-0.5  0.   0.  -0.5  0.   0.5]
 [ 0.  -0.5  0.  -0.5 -0.5  0. ]
 [ 0.  -0.5  0.   0.5 -0.5  0. ]
 [ 0.   0.  -0.5  0.  -0.5 -0.5]
 [ 0.   0.  -0.5  0.   0.5 -0.5]
 [ 0.   0.   0.5  0.  -0.5  0.5]
 [ 0.   0.   0.5  0.   0.5  0.5]
 [ 0.   0.5  0.  -0.5  0.5  0. ]
 [ 0.   0.5  0.   0.5  0.5  0. ]
 [ 0.5  0.   0.   0.5  0.  -0.5]
 [ 0.5  0.   0.   0.5  0.   0.5]]
Slicing  [-2.5 -3.   2. ]  to  [-2.5 -3.   1.5]
Slicing  [-2.5 -3.   2. ]  to  [-2.5 -3.   2.5]
Slicing  [-2.  -3.5  2. ]  to  [-2.5 -3.5  2. ]
Slicing  [-2.  -3.5  2. ]  to  [-1.5 -3.5  2. ]
Slicing  [-2.  -3.   1.5]  to  [-2.  -3.5  1.5]
Slicing  [-2.  -3.   1.5]  to  [-2.  -2.5  1.5]
Slicing  [-2.  -3.   2.5]  to  [-2.  -3.5  2.5]
Slicing  [-2.  -3.   2.5]  to  [-2.  -2.5  2.5]
Slicing  [-2.  -2.5  2. ]  to  [-2.5 -2.5  2. ]
Slicing  [-2.  -2.5  2. ]  to  [-1.5 -2.5  2. ]
Slicing  [-1.5 -3.   2. ]  to  [-1.5 -3.   1.5]
Slicing  [-1.5 -3.   2. ]  to  [-1.5 -3.   2.5]
Processing BZ [-2 -3  2], path segments from M to Gamma

12 symmetrically equivalent path segments
[[-0.5 -0.5  0.   0.   0.   0. ]
 [-0.5  0.  -0.5  0.   0.   0. ]
 [-0.5  0.   0.5  0.   0.   0. ]
 [-0.5  0.5  0.   0.   0.   0. ]
 [ 0.  -0.5 -0.5  0.   0.   0. ]
 [ 0.  -0.5  0.5  0.   0.   0. ]
 [ 0.   0.5 -0.5  0.   0.   0. ]
 [ 0.   0.5  0.5  0.   0.   0. ]
 [ 0.5 -0.5  0.   0.   0.   0. ]
 [ 0.5  0.  -0.5  0.   0.   0. ]
 [ 0.5  0.   0.5  0.   0.   0. ]
 [ 0.5  0.5  0.   0.   0.   0. ]]
Slicing  [-2.5 -3.5  2. ]  to  [-2. -3.  2.]
Slicing  [-2.5 -3.   1.5]  to  [-2. -3.  2.]
Slicing  [-2.5 -3.   2.5]  to  [-2. -3.  2.]
Slicing  [-2.5 -2.5  2. ]  to  [-2. -3.  2.]
Slicing  [-2.  -3.5  1.5]  to  [-2. -3.  2.]
Slicing  [-2.  -3.5  2.5]  to  [-2. -3.  2.]
Slicing  [-2.  -2.5  1.5]  to  [-2. -3.  2.]
Slicing  [-2.  -2.5  2.5]  to  [-2. -3.  2.]
Slicing  [-1.5 -3.5  2. ]  to  [-2. -3.  2.]
Slicing  [-1.5 -3.   1.5]  to  [-2. -3.  2.]
Slicing  [-1.5 -3.   2.5]  to  [-2. -3.  2.]
Slicing  [-1.5 -2.5  2. ]  to  [-2. -3.  2.]
Processing BZ [-2 -3  2], path segments from Gamma to R

4 symmetrically equivalent path segments
[[ 0.   0.   0.  -0.5 -0.5  0.5]
 [ 0.   0.   0.  -0.5  0.5 -0.5]
 [ 0.   0.   0.   0.5 -0.5 -0.5]
 [ 0.   0.   0.   0.5  0.5  0.5]]
Slicing  [-2. -3.  2.]  to  [-2.5 -3.5  2.5]
Slicing  [-2. -3.  2.]  to  [-2.5 -2.5  1.5]
Slicing  [-2. -3.  2.]  to  [-1.5 -3.5  1.5]
Slicing  [-2. -3.  2.]  to  [-1.5 -2.5  2.5]
Processing BZ [-2 -3  2], path segments from R to X

12 symmetrically equivalent path segments
[[-0.5 -0.5  0.5 -0.5  0.   0. ]
 [-0.5 -0.5  0.5  0.  -0.5  0. ]
 [-0.5 -0.5  0.5  0.   0.   0.5]
 [-0.5  0.5 -0.5 -0.5  0.   0. ]
 [-0.5  0.5 -0.5  0.   0.  -0.5]
 [-0.5  0.5 -0.5  0.   0.5  0. ]
 [ 0.5 -0.5 -0.5  0.  -0.5  0. ]
 [ 0.5 -0.5 -0.5  0.   0.  -0.5]
 [ 0.5 -0.5 -0.5  0.5  0.   0. ]
 [ 0.5  0.5  0.5  0.   0.   0.5]
 [ 0.5  0.5  0.5  0.   0.5  0. ]
 [ 0.5  0.5  0.5  0.5  0.   0. ]]
Slicing  [-2.5 -3.5  2.5]  to  [-2.5 -3.   2. ]
Slicing  [-2.5 -3.5  2.5]  to  [-2.  -3.5  2. ]
Slicing  [-2.5 -3.5  2.5]  to  [-2.  -3.   2.5]
Slicing  [-2.5 -2.5  1.5]  to  [-2.5 -3.   2. ]
Slicing  [-2.5 -2.5  1.5]  to  [-2.  -3.   1.5]
Slicing  [-2.5 -2.5  1.5]  to  [-2.  -2.5  2. ]
Slicing  [-1.5 -3.5  1.5]  to  [-2.  -3.5  2. ]
Slicing  [-1.5 -3.5  1.5]  to  [-2.  -3.   1.5]
Slicing  [-1.5 -3.5  1.5]  to  [-1.5 -3.   2. ]
Slicing  [-1.5 -2.5  2.5]  to  [-2.  -3.   2.5]
Slicing  [-1.5 -2.5  2.5]  to  [-2.  -2.5  2. ]
Slicing  [-1.5 -2.5  2.5]  to  [-1.5 -3.   2. ]

Generating Report for BZ [-2 -3  2]

Combining all 28 BZ

BZ [-2 -3  2] done. Total time elapsed 01:28:06
Processing BZ [-1 -1 -1], path segments from Gamma to X

6 symmetrically equivalent path segments
[[ 0.   0.   0.  -0.5  0.   0. ]
 [ 0.   0.   0.   0.  -0.5  0. ]
 [ 0.   0.   0.   0.   0.  -0.5]
 [ 0.   0.   0.   0.   0.   0.5]
 [ 0.   0.   0.   0.   0.5  0. ]
 [ 0.   0.   0.   0.5  0.   0. ]]
Slicing  [-1. -1. -1.]  to  [-1.5 -1.  -1. ]
Slicing  [-1. -1. -1.]  to  [-1.  -1.5 -1. ]
Slicing  [-1. -1. -1.]  to  [-1.  -1.  -1.5]
Slicing  [-1. -1. -1.]  to  [-1.  -1.  -0.5]
Slicing  [-1. -1. -1.]  to  [-1.  -0.5 -1. ]


Processed: 1339/4462 (30.01%) | Elapsed: 01:27:59 | BZ Folding estimated remaining time: 03:25:12


Slicing  [-1. -1. -1.]  to  [-0.5 -1.  -1. ]
Processing BZ [-1 -1 -1], path segments from X to M

12 symmetrically equivalent path segments
[[-0.5  0.   0.  -0.5  0.  -0.5]
 [-0.5  0.   0.  -0.5  0.   0.5]
 [ 0.  -0.5  0.  -0.5 -0.5  0. ]
 [ 0.  -0.5  0.   0.5 -0.5  0. ]
 [ 0.   0.  -0.5  0.  -0.5 -0.5]
 [ 0.   0.  -0.5  0.   0.5 -0.5]
 [ 0.   0.   0.5  0.  -0.5  0.5]
 [ 0.   0.   0.5  0.   0.5  0.5]
 [ 0.   0.5  0.  -0.5  0.5  0. ]
 [ 0.   0.5  0.   0.5  0.5  0. ]
 [ 0.5  0.   0.   0.5  0.  -0.5]
 [ 0.5  0.   0.   0.5  0.   0.5]]
Slicing  [-1.5 -1.  -1. ]  to  [-1.5 -1.  -1.5]
Slicing  [-1.5 -1.  -1. ]  to  [-1.5 -1.  -0.5]
Slicing  [-1.  -1.5 -1. ]  to  [-1.5 -1.5 -1. ]
Slicing  [-1.  -1.5 -1. ]  to  [-0.5 -1.5 -1. ]
Slicing  [-1.  -1.  -1.5]  to  [-1.  -1.5 -1.5]
Slicing  [-1.  -1.  -1.5]  to  [-1.  -0.5 -1.5]
Slicing  [-1.  -1.  -0.5]  to  [-1.  -1.5 -0.5]
Slicing  [-1.  -1.  -0.5]  to  [-1.  -0.5 -0.5]
Slicing  [-1.  -0.5 -1. ]  to  [-1.5 -0.5 -1. ]
Slicing  [-1.  -0.5 -1. ]  to  [-0.5 -0.5 -1. ]
Slicing  [-0.5 -1.  -1. ]  to  [-0.5 -1.  -1.5]
Slicing  [-0.5 -1.  -1. ]  to  [-0.5 -1.  -0.5]
Processing BZ [-1 -1 -1], path segments from M to Gamma

12 symmetrically equivalent path segments
[[-0.5 -0.5  0.   0.   0.   0. ]
 [-0.5  0.  -0.5  0.   0.   0. ]
 [-0.5  0.   0.5  0.   0.   0. ]
 [-0.5  0.5  0.   0.   0.   0. ]
 [ 0.  -0.5 -0.5  0.   0.   0. ]
 [ 0.  -0.5  0.5  0.   0.   0. ]
 [ 0.   0.5 -0.5  0.   0.   0. ]
 [ 0.   0.5  0.5  0.   0.   0. ]
 [ 0.5 -0.5  0.   0.   0.   0. ]
 [ 0.5  0.  -0.5  0.   0.   0. ]
 [ 0.5  0.   0.5  0.   0.   0. ]
 [ 0.5  0.5  0.   0.   0.   0. ]]
Slicing  [-1.5 -1.5 -1. ]  to  [-1. -1. -1.]
Slicing  [-1.5 -1.  -1.5]  to  [-1. -1. -1.]
Slicing  [-1.5 -1.  -0.5]  to  [-1. -1. -1.]
Slicing  [-1.5 -0.5 -1. ]  to  [-1. -1. -1.]
Slicing  [-1.  -1.5 -1.5]  to  [-1. -1. -1.]
Slicing  [-1.  -1.5 -0.5]  to  [-1. -1. -1.]
Slicing  [-1.  -0.5 -1.5]  to  [-1. -1. -1.]
Slicing  [-1.  -0.5 -0.5]  to  [-1. -1. -1.]
Slicing  [-0.5 -1.5 -1. ]  to  [-1. -1. -1.]
Slicing  [-0.5 -1.  -1.5]  to  [-1. -1. -1.]
Slicing  [-0.5 -1.  -0.5]  to  [-1. -1. -1.]
Slicing  [-0.5 -0.5 -1. ]  to  [-1. -1. -1.]
Processing BZ [-1 -1 -1], path segments from Gamma to R

4 symmetrically equivalent path segments
[[ 0.   0.   0.  -0.5 -0.5  0.5]
 [ 0.   0.   0.  -0.5  0.5 -0.5]
 [ 0.   0.   0.   0.5 -0.5 -0.5]
 [ 0.   0.   0.   0.5  0.5  0.5]]
Slicing  [-1. -1. -1.]  to  [-1.5 -1.5 -0.5]
Slicing  [-1. -1. -1.]  to  [-1.5 -0.5 -1.5]
Slicing  [-1. -1. -1.]  to  [-0.5 -1.5 -1.5]
Slicing  [-1. -1. -1.]  to  [-0.5 -0.5 -0.5]
Processing BZ [-1 -1 -1], path segments from R to X

12 symmetrically equivalent path segments
[[-0.5 -0.5  0.5 -0.5  0.   0. ]
 [-0.5 -0.5  0.5  0.  -0.5  0. ]
 [-0.5 -0.5  0.5  0.   0.   0.5]
 [-0.5  0.5 -0.5 -0.5  0.   0. ]
 [-0.5  0.5 -0.5  0.   0.  -0.5]
 [-0.5  0.5 -0.5  0.   0.5  0. ]
 [ 0.5 -0.5 -0.5  0.  -0.5  0. ]
 [ 0.5 -0.5 -0.5  0.   0.  -0.5]
 [ 0.5 -0.5 -0.5  0.5  0.   0. ]
 [ 0.5  0.5  0.5  0.   0.   0.5]
 [ 0.5  0.5  0.5  0.   0.5  0. ]
 [ 0.5  0.5  0.5  0.5  0.   0. ]]
Slicing  [-1.5 -1.5 -0.5]  to  [-1.5 -1.  -1. ]
Slicing  [-1.5 -1.5 -0.5]  to  [-1.  -1.5 -1. ]
Slicing  [-1.5 -1.5 -0.5]  to  [-1.  -1.  -0.5]
Slicing  [-1.5 -0.5 -1.5]  to  [-1.5 -1.  -1. ]
Slicing  [-1.5 -0.5 -1.5]  to  [-1.  -1.  -1.5]
Slicing  [-1.5 -0.5 -1.5]  to  [-1.  -0.5 -1. ]
Slicing  [-0.5 -1.5 -1.5]  to  [-1.  -1.5 -1. ]
Slicing  [-0.5 -1.5 -1.5]  to  [-1.  -1.  -1.5]
Slicing  [-0.5 -1.5 -1.5]  to  [-0.5 -1.  -1. ]
Slicing  [-0.5 -0.5 -0.5]  to  [-1.  -1.  -0.5]
Slicing  [-0.5 -0.5 -0.5]  to  [-1.  -0.5 -1. ]
Slicing  [-0.5 -0.5 -0.5]  to  [-0.5 -1.  -1. ]

Generating Report for BZ [-1 -1 -1]

Combining all 29 BZ

BZ [-1 -1 -1] done. Total time elapsed 01:31:13
Processing BZ [-1  0  0], path segments from Gamma to X

6 symmetrically equivalent path segments
[[ 0.   0.   0.  -0.5  0.   0. ]
 [ 0.   0.   0.   0.  -0.5  0. ]
 [ 0.   0.   0.   0.   0.  -0.5]
 [ 0.   0.   0.   0.   0.   0.5]
 [ 0.   0.   0.   0.   0.5  0. ]
 [ 0.   0.   0.   0.5  0.   0. ]]
Slicing  [-1.  0.  0.]  to  [-1.5  0.   0. ]
Slicing  [-1.  0.  0.]  to  [-1.  -0.5  0. ]
Slicing  [-1.  0.  0.]  to  [-1.   0.  -0.5]
Slicing  [-1.  0.  0.]  to  [-1.   0.   0.5]
Slicing  [-1.  0.  0.]  to  [-1.   0.5  0. ]
Slicing  [-1.  0.  0.]  to  [-0.5  0.   0. ]
Processing BZ [-1  0  0], path segments from X to M

12 symmetrically equivalent path segments
[[-0.5  0.   0.  -0.5  0.  -0.5]
 [-0.5  0.   0.  -0.5  0.   0.5]
 [ 0.  -0.5  0.  -0.5 -0.5  0. ]
 [ 0.  -0.5  0.   0.5 -0.5  0. ]
 [ 0.   0.  -0.5  0.  -0.5 -0.5]
 [ 0.   0.  -0.5  0.   0.5 -0.5]
 [ 0.   0.   0.5  0.  -0.5  0.5]
 [ 0.   0.   0.5  0.   0.5  0.5]
 [ 0.   0.5  0.  -0.5  0.5  0. ]
 [ 0.   0.5  0.   0.5  0.5  0. ]
 [ 0.5  0.   0.   0.5  0.  -0.5]
 [ 0.5  0.   0.   0.5  0.   0.5]]
Slicing  [-1.5  0.   0. ]  to  [-1.5  0.  -0.5]
Slicing  [-1.5  0.   0. ]  to  [-1.5  0.   0.5]
Slicing  [-1.  -0.5  0. ]  to  [-1.5 -0.5  0. ]
Slicing  [-1.  -0.5  0. ]  to  [-0.5 -0.5  0. ]
Slicing  [-1.   0.  -0.5]  to  [-1.  -0.5 -0.5]
Slicing  [-1.   0.  -0.5]  to  [-1.   0.5 -0.5]
Slicing  [-1.   0.   0.5]  to  [-1.  -0.5  0.5]
Slicing  [-1.   0.   0.5]  to  [-1.   0.5  0.5]
Slicing  [-1.   0.5  0. ]  to  [-1.5  0.5  0. ]
Slicing  [-1.   0.5  0. ]  to  [-0.5  0.5  0. ]
Slicing  [-0.5  0.   0. ]  to  [-0.5  0.  -0.5]
Slicing  [-0.5  0.   0. ]  to  [-0.5  0.   0.5]
Processing BZ [-1  0  0], path segments from M to Gamma

12 symmetrically equivalent path segments
[[-0.5 -0.5  0.   0.   0.   0. ]
 [-0.5  0.  -0.5  0.   0.   0. ]
 [-0.5  0.   0.5  0.   0.   0. ]
 [-0.5  0.5  0.   0.   0.   0. ]
 [ 0.  -0.5 -0.5  0.   0.   0. ]
 [ 0.  -0.5  0.5  0.   0.   0. ]
 [ 0.   0.5 -0.5  0.   0.   0. ]
 [ 0.   0.5  0.5  0.   0.   0. ]
 [ 0.5 -0.5  0.   0.   0.   0. ]
 [ 0.5  0.  -0.5  0.   0.   0. ]
 [ 0.5  0.   0.5  0.   0.   0. ]
 [ 0.5  0.5  0.   0.   0.   0. ]]
Slicing  [-1.5 -0.5  0. ]  to  [-1.  0.  0.]
Slicing  [-1.5  0.  -0.5]  to  [-1.  0.  0.]
Slicing  [-1.5  0.   0.5]  to  [-1.  0.  0.]
Slicing  [-1.5  0.5  0. ]  to  [-1.  0.  0.]
Slicing  [-1.  -0.5 -0.5]  to  [-1.  0.  0.]
Slicing  [-1.  -0.5  0.5]  to  [-1.  0.  0.]
Slicing  [-1.   0.5 -0.5]  to  [-1.  0.  0.]
Slicing  [-1.   0.5  0.5]  to  [-1.  0.  0.]
Slicing  [-0.5 -0.5  0. ]  to  [-1.  0.  0.]
Slicing  [-0.5  0.  -0.5]  to  [-1.  0.  0.]
Slicing  [-0.5  0.   0.5]  to  [-1.  0.  0.]
Slicing  [-0.5  0.5  0. ]  to  [-1.  0.  0.]
Processing BZ [-1  0  0], path segments from Gamma to R

4 symmetrically equivalent path segments
[[ 0.   0.   0.  -0.5 -0.5  0.5]
 [ 0.   0.   0.  -0.5  0.5 -0.5]
 [ 0.   0.   0.   0.5 -0.5 -0.5]
 [ 0.   0.   0.   0.5  0.5  0.5]]
Slicing  [-1.  0.  0.]  to  [-1.5 -0.5  0.5]
Slicing  [-1.  0.  0.]  to  [-1.5  0.5 -0.5]
Slicing  [-1.  0.  0.]  to  [-0.5 -0.5 -0.5]
Slicing  [-1.  0.  0.]  to  [-0.5  0.5  0.5]
Processing BZ [-1  0  0], path segments from R to X

12 symmetrically equivalent path segments
[[-0.5 -0.5  0.5 -0.5  0.   0. ]
 [-0.5 -0.5  0.5  0.  -0.5  0. ]
 [-0.5 -0.5  0.5  0.   0.   0.5]
 [-0.5  0.5 -0.5 -0.5  0.   0. ]
 [-0.5  0.5 -0.5  0.   0.  -0.5]
 [-0.5  0.5 -0.5  0.   0.5  0. ]
 [ 0.5 -0.5 -0.5  0.  -0.5  0. ]
 [ 0.5 -0.5 -0.5  0.   0.  -0.5]
 [ 0.5 -0.5 -0.5  0.5  0.   0. ]
 [ 0.5  0.5  0.5  0.   0.   0.5]
 [ 0.5  0.5  0.5  0.   0.5  0. ]
 [ 0.5  0.5  0.5  0.5  0.   0. ]]
Slicing  [-1.5 -0.5  0.5]  to  [-1.5  0.   0. ]
Slicing  [-1.5 -0.5  0.5]  to  [-1.  -0.5  0. ]
Slicing  [-1.5 -0.5  0.5]  to  [-1.   0.   0.5]
Slicing  [-1.5  0.5 -0.5]  to  [-1.5  0.   0. ]
Slicing  [-1.5  0.5 -0.5]  to  [-1.   0.  -0.5]
Slicing  [-1.5  0.5 -0.5]  to  [-1.   0.5  0. ]
Slicing  [-0.5 -0.5 -0.5]  to  [-1.  -0.5  0. ]
Slicing  [-0.5 -0.5 -0.5]  to  [-1.   0.  -0.5]
Slicing  [-0.5 -0.5 -0.5]  to  [-0.5  0.   0. ]
Slicing  [-0.5  0.5  0.5]  to  [-1.   0.   0.5]
Slicing  [-0.5  0.5  0.5]  to  [-1.   0.5  0. ]
Slicing  [-0.5  0.5  0.5]  to  [-0.5  0.   0. ]

Generating Report for BZ [-1  0  0]

Combining all 30 BZ

BZ [-1  0  0] done. Total time elapsed 01:34:24
Processing BZ [ 0 -1  0], path segments from Gamma to X

6 symmetrically equivalent path segments
[[ 0.   0.   0.  -0.5  0.   0. ]
 [ 0.   0.   0.   0.  -0.5  0. ]
 [ 0.   0.   0.   0.   0.  -0.5]
 [ 0.   0.   0.   0.   0.   0.5]
 [ 0.   0.   0.   0.   0.5  0. ]
 [ 0.   0.   0.   0.5  0.   0. ]]
Slicing  [ 0. -1.  0.]  to  [-0.5 -1.   0. ]
Slicing  [ 0. -1.  0.]  to  [ 0.  -1.5  0. ]


Processed: 1428/4462 (32.00%) | Elapsed: 01:34:05 | BZ Folding estimated remaining time: 03:19:55


Slicing  [ 0. -1.  0.]  to  [ 0.  -1.  -0.5]
Slicing  [ 0. -1.  0.]  to  [ 0.  -1.   0.5]
Slicing  [ 0. -1.  0.]  to  [ 0.  -0.5  0. ]
Slicing  [ 0. -1.  0.]  to  [ 0.5 -1.   0. ]
Processing BZ [ 0 -1  0], path segments from X to M

12 symmetrically equivalent path segments
[[-0.5  0.   0.  -0.5  0.  -0.5]
 [-0.5  0.   0.  -0.5  0.   0.5]
 [ 0.  -0.5  0.  -0.5 -0.5  0. ]
 [ 0.  -0.5  0.   0.5 -0.5  0. ]
 [ 0.   0.  -0.5  0.  -0.5 -0.5]
 [ 0.   0.  -0.5  0.   0.5 -0.5]
 [ 0.   0.   0.5  0.  -0.5  0.5]
 [ 0.   0.   0.5  0.   0.5  0.5]
 [ 0.   0.5  0.  -0.5  0.5  0. ]
 [ 0.   0.5  0.   0.5  0.5  0. ]
 [ 0.5  0.   0.   0.5  0.  -0.5]
 [ 0.5  0.   0.   0.5  0.   0.5]]
Slicing  [-0.5 -1.   0. ]  to  [-0.5 -1.  -0.5]
Slicing  [-0.5 -1.   0. ]  to  [-0.5 -1.   0.5]
Slicing  [ 0.  -1.5  0. ]  to  [-0.5 -1.5  0. ]
Slicing  [ 0.  -1.5  0. ]  to  [ 0.5 -1.5  0. ]
Slicing  [ 0.  -1.  -0.5]  to  [ 0.  -1.5 -0.5]
Slicing  [ 0.  -1.  -0.5]  to  [ 0.  -0.5 -0.5]
Slicing  [ 0.  -1.   0.5]  to  [ 0.  -1.5  0.5]
Slicing  [ 0.  -1.   0.5]  to  [ 0.  -0.5  0.5]
Slicing  [ 0.  -0.5  0. ]  to  [-0.5 -0.5  0. ]
Slicing  [ 0.  -0.5  0. ]  to  [ 0.5 -0.5  0. ]
Slicing  [ 0.5 -1.   0. ]  to  [ 0.5 -1.  -0.5]
Slicing  [ 0.5 -1.   0. ]  to  [ 0.5 -1.   0.5]
Processing BZ [ 0 -1  0], path segments from M to Gamma

12 symmetrically equivalent path segments
[[-0.5 -0.5  0.   0.   0.   0. ]
 [-0.5  0.  -0.5  0.   0.   0. ]
 [-0.5  0.   0.5  0.   0.   0. ]
 [-0.5  0.5  0.   0.   0.   0. ]
 [ 0.  -0.5 -0.5  0.   0.   0. ]
 [ 0.  -0.5  0.5  0.   0.   0. ]
 [ 0.   0.5 -0.5  0.   0.   0. ]
 [ 0.   0.5  0.5  0.   0.   0. ]
 [ 0.5 -0.5  0.   0.   0.   0. ]
 [ 0.5  0.  -0.5  0.   0.   0. ]
 [ 0.5  0.   0.5  0.   0.   0. ]
 [ 0.5  0.5  0.   0.   0.   0. ]]
Slicing  [-0.5 -1.5  0. ]  to  [ 0. -1.  0.]
Slicing  [-0.5 -1.  -0.5]  to  [ 0. -1.  0.]
Slicing  [-0.5 -1.   0.5]  to  [ 0. -1.  0.]
Slicing  [-0.5 -0.5  0. ]  to  [ 0. -1.  0.]
Slicing  [ 0.  -1.5 -0.5]  to  [ 0. -1.  0.]
Slicing  [ 0.  -1.5  0.5]  to  [ 0. -1.  0.]
Slicing  [ 0.  -0.5 -0.5]  to  [ 0. -1.  0.]
Slicing  [ 0.  -0.5  0.5]  to  [ 0. -1.  0.]
Slicing  [ 0.5 -1.5  0. ]  to  [ 0. -1.  0.]
Slicing  [ 0.5 -1.  -0.5]  to  [ 0. -1.  0.]
Slicing  [ 0.5 -1.   0.5]  to  [ 0. -1.  0.]
Slicing  [ 0.5 -0.5  0. ]  to  [ 0. -1.  0.]
Processing BZ [ 0 -1  0], path segments from Gamma to R

4 symmetrically equivalent path segments
[[ 0.   0.   0.  -0.5 -0.5  0.5]
 [ 0.   0.   0.  -0.5  0.5 -0.5]
 [ 0.   0.   0.   0.5 -0.5 -0.5]
 [ 0.   0.   0.   0.5  0.5  0.5]]
Slicing  [ 0. -1.  0.]  to  [-0.5 -1.5  0.5]
Slicing  [ 0. -1.  0.]  to  [-0.5 -0.5 -0.5]
Slicing  [ 0. -1.  0.]  to  [ 0.5 -1.5 -0.5]
Slicing  [ 0. -1.  0.]  to  [ 0.5 -0.5  0.5]
Processing BZ [ 0 -1  0], path segments from R to X

12 symmetrically equivalent path segments
[[-0.5 -0.5  0.5 -0.5  0.   0. ]
 [-0.5 -0.5  0.5  0.  -0.5  0. ]
 [-0.5 -0.5  0.5  0.   0.   0.5]
 [-0.5  0.5 -0.5 -0.5  0.   0. ]
 [-0.5  0.5 -0.5  0.   0.  -0.5]
 [-0.5  0.5 -0.5  0.   0.5  0. ]
 [ 0.5 -0.5 -0.5  0.  -0.5  0. ]
 [ 0.5 -0.5 -0.5  0.   0.  -0.5]
 [ 0.5 -0.5 -0.5  0.5  0.   0. ]
 [ 0.5  0.5  0.5  0.   0.   0.5]
 [ 0.5  0.5  0.5  0.   0.5  0. ]
 [ 0.5  0.5  0.5  0.5  0.   0. ]]
Slicing  [-0.5 -1.5  0.5]  to  [-0.5 -1.   0. ]
Slicing  [-0.5 -1.5  0.5]  to  [ 0.  -1.5  0. ]
Slicing  [-0.5 -1.5  0.5]  to  [ 0.  -1.   0.5]
Slicing  [-0.5 -0.5 -0.5]  to  [-0.5 -1.   0. ]
Slicing  [-0.5 -0.5 -0.5]  to  [ 0.  -1.  -0.5]
Slicing  [-0.5 -0.5 -0.5]  to  [ 0.  -0.5  0. ]
Slicing  [ 0.5 -1.5 -0.5]  to  [ 0.  -1.5  0. ]
Slicing  [ 0.5 -1.5 -0.5]  to  [ 0.  -1.  -0.5]
Slicing  [ 0.5 -1.5 -0.5]  to  [ 0.5 -1.   0. ]
Slicing  [ 0.5 -0.5  0.5]  to  [ 0.  -1.   0.5]
Slicing  [ 0.5 -0.5  0.5]  to  [ 0.  -0.5  0. ]
Slicing  [ 0.5 -0.5  0.5]  to  [ 0.5 -1.   0. ]

Generating Report for BZ [ 0 -1  0]

Combining all 31 BZ

BZ [ 0 -1  0] done. Total time elapsed 01:37:34
Processing BZ [-1 -3 -1], path segments from Gamma to X

6 symmetrically equivalent path segments
[[ 0.   0.   0.  -0.5  0.   0. ]
 [ 0.   0.   0.   0.  -0.5  0. ]
 [ 0.   0.   0.   0.   0.  -0.5]
 [ 0.   0.   0.   0.   0.   0.5]
 [ 0.   0.   0.   0.   0.5  0. ]
 [ 0.   0.   0.   0.5  0.   0. ]]
Slicing  [-1. -3. -1.]  to  [-1.5 -3.  -1. ]
Slicing  [-1. -3. -1.]  to  [-1.  -3.5 -1. ]
Slicing  [-1. -3. -1.]  to  [-1.  -3.  -1.5]
Slicing  [-1. -3. -1.]  to  [-1.  -3.  -0.5]
Slicing  [-1. -3. -1.]  to  [-1.  -2.5 -1. ]
Slicing  [-1. -3. -1.]  to  [-0.5 -3.  -1. ]
Processing BZ [-1 -3 -1], path segments from X to M

12 symmetrically equivalent path segments
[[-0.5  0.   0.  -0.5  0.  -0.5]
 [-0.5  0.   0.  -0.5  0.   0.5]
 [ 0.  -0.5  0.  -0.5 -0.5  0. ]
 [ 0.  -0.5  0.   0.5 -0.5  0. ]
 [ 0.   0.  -0.5  0.  -0.5 -0.5]
 [ 0.   0.  -0.5  0.   0.5 -0.5]
 [ 0.   0.   0.5  0.  -0.5  0.5]
 [ 0.   0.   0.5  0.   0.5  0.5]
 [ 0.   0.5  0.  -0.5  0.5  0. ]
 [ 0.   0.5  0.   0.5  0.5  0. ]
 [ 0.5  0.   0.   0.5  0.  -0.5]
 [ 0.5  0.   0.   0.5  0.   0.5]]
Slicing  [-1.5 -3.  -1. ]  to  [-1.5 -3.  -1.5]
Slicing  [-1.5 -3.  -1. ]  to  [-1.5 -3.  -0.5]
Slicing  [-1.  -3.5 -1. ]  to  [-1.5 -3.5 -1. ]
Slicing  [-1.  -3.5 -1. ]  to  [-0.5 -3.5 -1. ]
Slicing  [-1.  -3.  -1.5]  to  [-1.  -3.5 -1.5]
Slicing  [-1.  -3.  -1.5]  to  [-1.  -2.5 -1.5]
Slicing  [-1.  -3.  -0.5]  to  [-1.  -3.5 -0.5]
Slicing  [-1.  -3.  -0.5]  to  [-1.  -2.5 -0.5]
Slicing  [-1.  -2.5 -1. ]  to  [-1.5 -2.5 -1. ]
Slicing  [-1.  -2.5 -1. ]  to  [-0.5 -2.5 -1. ]
Slicing  [-0.5 -3.  -1. ]  to  [-0.5 -3.  -1.5]
Slicing  [-0.5 -3.  -1. ]  to  [-0.5 -3.  -0.5]
Processing BZ [-1 -3 -1], path segments from M to Gamma

12 symmetrically equivalent path segments
[[-0.5 -0.5  0.   0.   0.   0. ]
 [-0.5  0.  -0.5  0.   0.   0. ]
 [-0.5  0.   0.5  0.   0.   0. ]
 [-0.5  0.5  0.   0.   0.   0. ]
 [ 0.  -0.5 -0.5  0.   0.   0. ]
 [ 0.  -0.5  0.5  0.   0.   0. ]
 [ 0.   0.5 -0.5  0.   0.   0. ]
 [ 0.   0.5  0.5  0.   0.   0. ]
 [ 0.5 -0.5  0.   0.   0.   0. ]
 [ 0.5  0.  -0.5  0.   0.   0. ]
 [ 0.5  0.   0.5  0.   0.   0. ]
 [ 0.5  0.5  0.   0.   0.   0. ]]
Slicing  [-1.5 -3.5 -1. ]  to  [-1. -3. -1.]
Slicing  [-1.5 -3.  -1.5]  to  [-1. -3. -1.]
Slicing  [-1.5 -3.  -0.5]  to  [-1. -3. -1.]
Slicing  [-1.5 -2.5 -1. ]  to  [-1. -3. -1.]
Slicing  [-1.  -3.5 -1.5]  to  [-1. -3. -1.]
Slicing  [-1.  -3.5 -0.5]  to  [-1. -3. -1.]
Slicing  [-1.  -2.5 -1.5]  to  [-1. -3. -1.]
Slicing  [-1.  -2.5 -0.5]  to  [-1. -3. -1.]
Slicing  [-0.5 -3.5 -1. ]  to  [-1. -3. -1.]
Slicing  [-0.5 -3.  -1.5]  to  [-1. -3. -1.]
Slicing  [-0.5 -3.  -0.5]  to  [-1. -3. -1.]
Slicing  [-0.5 -2.5 -1. ]  to  [-1. -3. -1.]
Processing BZ [-1 -3 -1], path segments from Gamma to R

4 symmetrically equivalent path segments
[[ 0.   0.   0.  -0.5 -0.5  0.5]
 [ 0.   0.   0.  -0.5  0.5 -0.5]
 [ 0.   0.   0.   0.5 -0.5 -0.5]
 [ 0.   0.   0.   0.5  0.5  0.5]]
Slicing  [-1. -3. -1.]  to  [-1.5 -3.5 -0.5]
Slicing  [-1. -3. -1.]  to  [-1.5 -2.5 -1.5]
Slicing  [-1. -3. -1.]  to  [-0.5 -3.5 -1.5]
Slicing  [-1. -3. -1.]  to  [-0.5 -2.5 -0.5]
Processing BZ [-1 -3 -1], path segments from R to X

12 symmetrically equivalent path segments
[[-0.5 -0.5  0.5 -0.5  0.   0. ]
 [-0.5 -0.5  0.5  0.  -0.5  0. ]
 [-0.5 -0.5  0.5  0.   0.   0.5]
 [-0.5  0.5 -0.5 -0.5  0.   0. ]
 [-0.5  0.5 -0.5  0.   0.  -0.5]
 [-0.5  0.5 -0.5  0.   0.5  0. ]
 [ 0.5 -0.5 -0.5  0.  -0.5  0. ]
 [ 0.5 -0.5 -0.5  0.   0.  -0.5]
 [ 0.5 -0.5 -0.5  0.5  0.   0. ]
 [ 0.5  0.5  0.5  0.   0.   0.5]
 [ 0.5  0.5  0.5  0.   0.5  0. ]
 [ 0.5  0.5  0.5  0.5  0.   0. ]]
Slicing  [-1.5 -3.5 -0.5]  to  [-1.5 -3.  -1. ]
Slicing  [-1.5 -3.5 -0.5]  to  [-1.  -3.5 -1. ]
Slicing  [-1.5 -3.5 -0.5]  to  [-1.  -3.  -0.5]
Slicing  [-1.5 -2.5 -1.5]  to  [-1.5 -3.  -1. ]
Slicing  [-1.5 -2.5 -1.5]  to  [-1.  -3.  -1.5]
Slicing  [-1.5 -2.5 -1.5]  to  [-1.  -2.5 -1. ]
Slicing  [-0.5 -3.5 -1.5]  to  [-1.  -3.5 -1. ]
Slicing  [-0.5 -3.5 -1.5]  to  [-1.  -3.  -1.5]
Slicing  [-0.5 -3.5 -1.5]  to  [-0.5 -3.  -1. ]
Slicing  [-0.5 -2.5 -0.5]  to  [-1.  -3.  -0.5]
Slicing  [-0.5 -2.5 -0.5]  to  [-1.  -2.5 -1. ]
Slicing  [-0.5 -2.5 -0.5]  to  [-0.5 -3.  -1. ]


Processed: 1518/4462 (34.02%) | Elapsed: 01:39:54 | BZ Folding estimated remaining time: 03:13:45



Generating Report for BZ [-1 -3 -1]

Combining all 32 BZ

BZ [-1 -3 -1] done. Total time elapsed 01:40:42
Processing BZ [-1 -3  0], path segments from Gamma to X

6 symmetrically equivalent path segments
[[ 0.   0.   0.  -0.5  0.   0. ]
 [ 0.   0.   0.   0.  -0.5  0. ]
 [ 0.   0.   0.   0.   0.  -0.5]
 [ 0.   0.   0.   0.   0.   0.5]
 [ 0.   0.   0.   0.   0.5  0. ]
 [ 0.   0.   0.   0.5  0.   0. ]]
Slicing  [-1. -3.  0.]  to  [-1.5 -3.   0. ]
Slicing  [-1. -3.  0.]  to  [-1.  -3.5  0. ]
Slicing  [-1. -3.  0.]  to  [-1.  -3.  -0.5]
Slicing  [-1. -3.  0.]  to  [-1.  -3.   0.5]
Slicing  [-1. -3.  0.]  to  [-1.  -2.5  0. ]
Slicing  [-1. -3.  0.]  to  [-0.5 -3.   0. ]
Processing BZ [-1 -3  0], path segments from X to M

12 symmetrically equivalent path segments
[[-0.5  0.   0.  -0.5  0.  -0.5]
 [-0.5  0.   0.  -0.5  0.   0.5]
 [ 0.  -0.5  0.  -0.5 -0.5  0. ]
 [ 0.  -0.5  0.   0.5 -0.5  0. ]
 [ 0.   0.  -0.5  0.  -0.5 -0.5]
 [ 0.   0.  -0.5  0.   0.5 -0.5]
 [ 0.   0.   0.5  0.  -0.5  0.5]
 [ 0.   0.   0.5  0.   0.5  0.5]
 [ 0.   0.5  0.  -0.5  0.5  0. ]
 [ 0.   0.5  0.   0.5  0.5  0. ]
 [ 0.5  0.   0.   0.5  0.  -0.5]
 [ 0.5  0.   0.   0.5  0.   0.5]]
Slicing  [-1.5 -3.   0. ]  to  [-1.5 -3.  -0.5]
Slicing  [-1.5 -3.   0. ]  to  [-1.5 -3.   0.5]
Slicing  [-1.  -3.5  0. ]  to  [-1.5 -3.5  0. ]
Slicing  [-1.  -3.5  0. ]  to  [-0.5 -3.5  0. ]
Slicing  [-1.  -3.  -0.5]  to  [-1.  -3.5 -0.5]
Slicing  [-1.  -3.  -0.5]  to  [-1.  -2.5 -0.5]
Slicing  [-1.  -3.   0.5]  to  [-1.  -3.5  0.5]
Slicing  [-1.  -3.   0.5]  to  [-1.  -2.5  0.5]
Slicing  [-1.  -2.5  0. ]  to  [-1.5 -2.5  0. ]
Slicing  [-1.  -2.5  0. ]  to  [-0.5 -2.5  0. ]
Slicing  [-0.5 -3.   0. ]  to  [-0.5 -3.  -0.5]
Slicing  [-0.5 -3.   0. ]  to  [-0.5 -3.   0.5]
Processing BZ [-1 -3  0], path segments from M to Gamma

12 symmetrically equivalent path segments
[[-0.5 -0.5  0.   0.   0.   0. ]
 [-0.5  0.  -0.5  0.   0.   0. ]
 [-0.5  0.   0.5  0.   0.   0. ]
 [-0.5  0.5  0.   0.   0.   0. ]
 [ 0.  -0.5 -0.5  0.   0.   0. ]
 [ 0.  -0.5  0.5  0.   0.   0. ]
 [ 0.   0.5 -0.5  0.   0.   0. ]
 [ 0.   0.5  0.5  0.   0.   0. ]
 [ 0.5 -0.5  0.   0.   0.   0. ]
 [ 0.5  0.  -0.5  0.   0.   0. ]
 [ 0.5  0.   0.5  0.   0.   0. ]
 [ 0.5  0.5  0.   0.   0.   0. ]]
Slicing  [-1.5 -3.5  0. ]  to  [-1. -3.  0.]
Slicing  [-1.5 -3.  -0.5]  to  [-1. -3.  0.]
Slicing  [-1.5 -3.   0.5]  to  [-1. -3.  0.]
Slicing  [-1.5 -2.5  0. ]  to  [-1. -3.  0.]
Slicing  [-1.  -3.5 -0.5]  to  [-1. -3.  0.]
Slicing  [-1.  -3.5  0.5]  to  [-1. -3.  0.]
Slicing  [-1.  -2.5 -0.5]  to  [-1. -3.  0.]
Slicing  [-1.  -2.5  0.5]  to  [-1. -3.  0.]
Slicing  [-0.5 -3.5  0. ]  to  [-1. -3.  0.]
Slicing  [-0.5 -3.  -0.5]  to  [-1. -3.  0.]
Slicing  [-0.5 -3.   0.5]  to  [-1. -3.  0.]
Slicing  [-0.5 -2.5  0. ]  to  [-1. -3.  0.]
Processing BZ [-1 -3  0], path segments from Gamma to R

4 symmetrically equivalent path segments
[[ 0.   0.   0.  -0.5 -0.5  0.5]
 [ 0.   0.   0.  -0.5  0.5 -0.5]
 [ 0.   0.   0.   0.5 -0.5 -0.5]
 [ 0.   0.   0.   0.5  0.5  0.5]]
Slicing  [-1. -3.  0.]  to  [-1.5 -3.5  0.5]
Slicing  [-1. -3.  0.]  to  [-1.5 -2.5 -0.5]
Slicing  [-1. -3.  0.]  to  [-0.5 -3.5 -0.5]
Slicing  [-1. -3.  0.]  to  [-0.5 -2.5  0.5]
Processing BZ [-1 -3  0], path segments from R to X

12 symmetrically equivalent path segments
[[-0.5 -0.5  0.5 -0.5  0.   0. ]
 [-0.5 -0.5  0.5  0.  -0.5  0. ]
 [-0.5 -0.5  0.5  0.   0.   0.5]
 [-0.5  0.5 -0.5 -0.5  0.   0. ]
 [-0.5  0.5 -0.5  0.   0.  -0.5]
 [-0.5  0.5 -0.5  0.   0.5  0. ]
 [ 0.5 -0.5 -0.5  0.  -0.5  0. ]
 [ 0.5 -0.5 -0.5  0.   0.  -0.5]
 [ 0.5 -0.5 -0.5  0.5  0.   0. ]
 [ 0.5  0.5  0.5  0.   0.   0.5]
 [ 0.5  0.5  0.5  0.   0.5  0. ]
 [ 0.5  0.5  0.5  0.5  0.   0. ]]
Slicing  [-1.5 -3.5  0.5]  to  [-1.5 -3.   0. ]
Slicing  [-1.5 -3.5  0.5]  to  [-1.  -3.5  0. ]
Slicing  [-1.5 -3.5  0.5]  to  [-1.  -3.   0.5]
Slicing  [-1.5 -2.5 -0.5]  to  [-1.5 -3.   0. ]
Slicing  [-1.5 -2.5 -0.5]  to  [-1.  -3.  -0.5]
Slicing  [-1.5 -2.5 -0.5]  to  [-1.  -2.5  0. ]
Slicing  [-0.5 -3.5 -0.5]  to  [-1.  -3.5  0. ]
Slicing  [-0.5 -3.5 -0.5]  to  [-1.  -3.  -0.5]
Slicing  [-0.5 -3.5 -0.5]  to  [-0.5 -3.   0. ]
Slicing  [-0.5 -2.5  0.5]  to  [-1.  -3.   0.5]
Slicing  [-0.5 -2.5  0.5]  to  [-1.  -2.5  0. ]
Slicing  [-0.5 -2.5  0.5]  to  [-0.5 -3.   0. ]

Generating Report for BZ [-1 -3  0]

Combining all 33 BZ

BZ [-1 -3  0] done. Total time elapsed 01:43:52
Processing BZ [-1 -1  1], path segments from Gamma to X

6 symmetrically equivalent path segments
[[ 0.   0.   0.  -0.5  0.   0. ]
 [ 0.   0.   0.   0.  -0.5  0. ]
 [ 0.   0.   0.   0.   0.  -0.5]
 [ 0.   0.   0.   0.   0.   0.5]
 [ 0.   0.   0.   0.   0.5  0. ]
 [ 0.   0.   0.   0.5  0.   0. ]]
Slicing  [-1. -1.  1.]  to  [-1.5 -1.   1. ]
Slicing  [-1. -1.  1.]  to  [-1.  -1.5  1. ]
Slicing  [-1. -1.  1.]  to  [-1.  -1.   0.5]
Slicing  [-1. -1.  1.]  to  [-1.  -1.   1.5]
Slicing  [-1. -1.  1.]  to  [-1.  -0.5  1. ]
Slicing  [-1. -1.  1.]  to  [-0.5 -1.   1. ]
Processing BZ [-1 -1  1], path segments from X to M

12 symmetrically equivalent path segments
[[-0.5  0.   0.  -0.5  0.  -0.5]
 [-0.5  0.   0.  -0.5  0.   0.5]
 [ 0.  -0.5  0.  -0.5 -0.5  0. ]
 [ 0.  -0.5  0.   0.5 -0.5  0. ]
 [ 0.   0.  -0.5  0.  -0.5 -0.5]
 [ 0.   0.  -0.5  0.   0.5 -0.5]
 [ 0.   0.   0.5  0.  -0.5  0.5]
 [ 0.   0.   0.5  0.   0.5  0.5]
 [ 0.   0.5  0.  -0.5  0.5  0. ]
 [ 0.   0.5  0.   0.5  0.5  0. ]
 [ 0.5  0.   0.   0.5  0.  -0.5]
 [ 0.5  0.   0.   0.5  0.   0.5]]
Slicing  [-1.5 -1.   1. ]  to  [-1.5 -1.   0.5]
Slicing  [-1.5 -1.   1. ]  to  [-1.5 -1.   1.5]
Slicing  [-1.  -1.5  1. ]  to  [-1.5 -1.5  1. ]
Slicing  [-1.  -1.5  1. ]  to  [-0.5 -1.5  1. ]
Slicing  [-1.  -1.   0.5]  to  [-1.  -1.5  0.5]
Slicing  [-1.  -1.   0.5]  to  [-1.  -0.5  0.5]
Slicing  [-1.  -1.   1.5]  to  [-1.  -1.5  1.5]
Slicing  [-1.  -1.   1.5]  to  [-1.  -0.5  1.5]
Slicing  [-1.  -0.5  1. ]  to  [-1.5 -0.5  1. ]
Slicing  [-1.  -0.5  1. ]  to  [-0.5 -0.5  1. ]
Slicing  [-0.5 -1.   1. ]  to  [-0.5 -1.   0.5]
Slicing  [-0.5 -1.   1. ]  to  [-0.5 -1.   1.5]
Processing BZ [-1 -1  1], path segments from M to Gamma

12 symmetrically equivalent path segments
[[-0.5 -0.5  0.   0.   0.   0. ]
 [-0.5  0.  -0.5  0.   0.   0. ]
 [-0.5  0.   0.5  0.   0.   0. ]
 [-0.5  0.5  0.   0.   0.   0. ]
 [ 0.  -0.5 -0.5  0.   0.   0. ]
 [ 0.  -0.5  0.5  0.   0.   0. ]
 [ 0.   0.5 -0.5  0.   0.   0. ]
 [ 0.   0.5  0.5  0.   0.   0. ]
 [ 0.5 -0.5  0.   0.   0.   0. ]
 [ 0.5  0.  -0.5  0.   0.   0. ]
 [ 0.5  0.   0.5  0.   0.   0. ]
 [ 0.5  0.5  0.   0.   0.   0. ]]
Slicing  [-1.5 -1.5  1. ]  to  [-1. -1.  1.]
Slicing  [-1.5 -1.   0.5]  to  [-1. -1.  1.]
Slicing  [-1.5 -1.   1.5]  to  [-1. -1.  1.]
Slicing  [-1.5 -0.5  1. ]  to  [-1. -1.  1.]
Slicing  [-1.  -1.5  0.5]  to  [-1. -1.  1.]
Slicing  [-1.  -1.5  1.5]  to  [-1. -1.  1.]
Slicing  [-1.  -0.5  0.5]  to  [-1. -1.  1.]
Slicing  [-1.  -0.5  1.5]  to  [-1. -1.  1.]
Slicing  [-0.5 -1.5  1. ]  to  [-1. -1.  1.]
Slicing  [-0.5 -1.   0.5]  to  [-1. -1.  1.]
Slicing  [-0.5 -1.   1.5]  to  [-1. -1.  1.]
Slicing  [-0.5 -0.5  1. ]  to  [-1. -1.  1.]
Processing BZ [-1 -1  1], path segments from Gamma to R

4 symmetrically equivalent path segments
[[ 0.   0.   0.  -0.5 -0.5  0.5]
 [ 0.   0.   0.  -0.5  0.5 -0.5]
 [ 0.   0.   0.   0.5 -0.5 -0.5]
 [ 0.   0.   0.   0.5  0.5  0.5]]
Slicing  [-1. -1.  1.]  to  [-1.5 -1.5  1.5]
Slicing  [-1. -1.  1.]  to  [-1.5 -0.5  0.5]
Slicing  [-1. -1.  1.]  to  [-0.5 -1.5  0.5]
Slicing  [-1. -1.  1.]  to  [-0.5 -0.5  1.5]
Processing BZ [-1 -1  1], path segments from R to X

12 symmetrically equivalent path segments
[[-0.5 -0.5  0.5 -0.5  0.   0. ]
 [-0.5 -0.5  0.5  0.  -0.5  0. ]
 [-0.5 -0.5  0.5  0.   0.   0.5]
 [-0.5  0.5 -0.5 -0.5  0.   0. ]
 [-0.5  0.5 -0.5  0.   0.  -0.5]
 [-0.5  0.5 -0.5  0.   0.5  0. ]
 [ 0.5 -0.5 -0.5  0.  -0.5  0. ]
 [ 0.5 -0.5 -0.5  0.   0.  -0.5]
 [ 0.5 -0.5 -0.5  0.5  0.   0. ]
 [ 0.5  0.5  0.5  0.   0.   0.5]
 [ 0.5  0.5  0.5  0.   0.5  0. ]
 [ 0.5  0.5  0.5  0.5  0.   0. ]]
Slicing  [-1.5 -1.5  1.5]  to  [-1.5 -1.   1. ]
Slicing  [-1.5 -1.5  1.5]  to  [-1.  -1.5  1. ]
Slicing  [-1.5 -1.5  1.5]  to  [-1.  -1.   1.5]
Slicing  [-1.5 -0.5  0.5]  to  [-1.5 -1.   1. ]
Slicing  [-1.5 -0.5  0.5]  to  [-1.  -1.   0.5]
Slicing  [-1.5 -0.5  0.5]  to  [-1.  -0.5  1. ]
Slicing  [-0.5 -1.5  0.5]  to  [-1.  -1.5  1. ]
Slicing  [-0.5 -1.5  0.5]  to  [-1.  -1.   0.5]
Slicing  [-0.5 -1.5  0.5]  to  [-0.5 -1.   1. ]


Processed: 1607/4462 (36.02%) | Elapsed: 01:46:04 | BZ Folding estimated remaining time: 03:08:27


Slicing  [-0.5 -0.5  1.5]  to  [-1.  -1.   1.5]
Slicing  [-0.5 -0.5  1.5]  to  [-1.  -0.5  1. ]
Slicing  [-0.5 -0.5  1.5]  to  [-0.5 -1.   1. ]

Generating Report for BZ [-1 -1  1]

Combining all 34 BZ

BZ [-1 -1  1] done. Total time elapsed 01:47:03
Processing BZ [-4 -3  2], path segments from Gamma to X

6 symmetrically equivalent path segments
[[ 0.   0.   0.  -0.5  0.   0. ]
 [ 0.   0.   0.   0.  -0.5  0. ]
 [ 0.   0.   0.   0.   0.  -0.5]
 [ 0.   0.   0.   0.   0.   0.5]
 [ 0.   0.   0.   0.   0.5  0. ]
 [ 0.   0.   0.   0.5  0.   0. ]]
Slicing  [-4. -3.  2.]  to  [-4.5 -3.   2. ]
Slicing  [-4. -3.  2.]  to  [-4.  -3.5  2. ]
Slicing  [-4. -3.  2.]  to  [-4.  -3.   1.5]
Slicing  [-4. -3.  2.]  to  [-4.  -3.   2.5]
Slicing  [-4. -3.  2.]  to  [-4.  -2.5  2. ]
Slicing  [-4. -3.  2.]  to  [-3.5 -3.   2. ]
Processing BZ [-4 -3  2], path segments from X to M

12 symmetrically equivalent path segments
[[-0.5  0.   0.  -0.5  0.  -0.5]
 [-0.5  0.   0.  -0.5  0.   0.5]
 [ 0.  -0.5  0.  -0.5 -0.5  0. ]
 [ 0.  -0.5  0.   0.5 -0.5  0. ]
 [ 0.   0.  -0.5  0.  -0.5 -0.5]
 [ 0.   0.  -0.5  0.   0.5 -0.5]
 [ 0.   0.   0.5  0.  -0.5  0.5]
 [ 0.   0.   0.5  0.   0.5  0.5]
 [ 0.   0.5  0.  -0.5  0.5  0. ]
 [ 0.   0.5  0.   0.5  0.5  0. ]
 [ 0.5  0.   0.   0.5  0.  -0.5]
 [ 0.5  0.   0.   0.5  0.   0.5]]
Slicing  [-4.5 -3.   2. ]  to  [-4.5 -3.   1.5]
Slicing  [-4.5 -3.   2. ]  to  [-4.5 -3.   2.5]
Slicing  [-4.  -3.5  2. ]  to  [-4.5 -3.5  2. ]
Slicing  [-4.  -3.5  2. ]  to  [-3.5 -3.5  2. ]
Slicing  [-4.  -3.   1.5]  to  [-4.  -3.5  1.5]
Slicing  [-4.  -3.   1.5]  to  [-4.  -2.5  1.5]
Slicing  [-4.  -3.   2.5]  to  [-4.  -3.5  2.5]
Slicing  [-4.  -3.   2.5]  to  [-4.  -2.5  2.5]
Slicing  [-4.  -2.5  2. ]  to  [-4.5 -2.5  2. ]
Slicing  [-4.  -2.5  2. ]  to  [-3.5 -2.5  2. ]
Slicing  [-3.5 -3.   2. ]  to  [-3.5 -3.   1.5]
Slicing  [-3.5 -3.   2. ]  to  [-3.5 -3.   2.5]
Processing BZ [-4 -3  2], path segments from M to Gamma

12 symmetrically equivalent path segments
[[-0.5 -0.5  0.   0.   0.   0. ]
 [-0.5  0.  -0.5  0.   0.   0. ]
 [-0.5  0.   0.5  0.   0.   0. ]
 [-0.5  0.5  0.   0.   0.   0. ]
 [ 0.  -0.5 -0.5  0.   0.   0. ]
 [ 0.  -0.5  0.5  0.   0.   0. ]
 [ 0.   0.5 -0.5  0.   0.   0. ]
 [ 0.   0.5  0.5  0.   0.   0. ]
 [ 0.5 -0.5  0.   0.   0.   0. ]
 [ 0.5  0.  -0.5  0.   0.   0. ]
 [ 0.5  0.   0.5  0.   0.   0. ]
 [ 0.5  0.5  0.   0.   0.   0. ]]
Slicing  [-4.5 -3.5  2. ]  to  [-4. -3.  2.]
Slicing  [-4.5 -3.   1.5]  to  [-4. -3.  2.]
Slicing  [-4.5 -3.   2.5]  to  [-4. -3.  2.]
Slicing  [-4.5 -2.5  2. ]  to  [-4. -3.  2.]
Slicing  [-4.  -3.5  1.5]  to  [-4. -3.  2.]
Slicing  [-4.  -3.5  2.5]  to  [-4. -3.  2.]
Slicing  [-4.  -2.5  1.5]  to  [-4. -3.  2.]
Slicing  [-4.  -2.5  2.5]  to  [-4. -3.  2.]
Slicing  [-3.5 -3.5  2. ]  to  [-4. -3.  2.]
Slicing  [-3.5 -3.   1.5]  to  [-4. -3.  2.]
Slicing  [-3.5 -3.   2.5]  to  [-4. -3.  2.]
Slicing  [-3.5 -2.5  2. ]  to  [-4. -3.  2.]
Processing BZ [-4 -3  2], path segments from Gamma to R

4 symmetrically equivalent path segments
[[ 0.   0.   0.  -0.5 -0.5  0.5]
 [ 0.   0.   0.  -0.5  0.5 -0.5]
 [ 0.   0.   0.   0.5 -0.5 -0.5]
 [ 0.   0.   0.   0.5  0.5  0.5]]
Slicing  [-4. -3.  2.]  to  [-4.5 -3.5  2.5]
Slicing  [-4. -3.  2.]  to  [-4.5 -2.5  1.5]
Slicing  [-4. -3.  2.]  to  [-3.5 -3.5  1.5]
Slicing  [-4. -3.  2.]  to  [-3.5 -2.5  2.5]
Processing BZ [-4 -3  2], path segments from R to X

12 symmetrically equivalent path segments
[[-0.5 -0.5  0.5 -0.5  0.   0. ]
 [-0.5 -0.5  0.5  0.  -0.5  0. ]
 [-0.5 -0.5  0.5  0.   0.   0.5]
 [-0.5  0.5 -0.5 -0.5  0.   0. ]
 [-0.5  0.5 -0.5  0.   0.  -0.5]
 [-0.5  0.5 -0.5  0.   0.5  0. ]
 [ 0.5 -0.5 -0.5  0.  -0.5  0. ]
 [ 0.5 -0.5 -0.5  0.   0.  -0.5]
 [ 0.5 -0.5 -0.5  0.5  0.   0. ]
 [ 0.5  0.5  0.5  0.   0.   0.5]
 [ 0.5  0.5  0.5  0.   0.5  0. ]
 [ 0.5  0.5  0.5  0.5  0.   0. ]]
Slicing  [-4.5 -3.5  2.5]  to  [-4.5 -3.   2. ]
Slicing  [-4.5 -3.5  2.5]  to  [-4.  -3.5  2. ]
Slicing  [-4.5 -3.5  2.5]  to  [-4.  -3.   2.5]
Slicing  [-4.5 -2.5  1.5]  to  [-4.5 -3.   2. ]
Slicing  [-4.5 -2.5  1.5]  to  [-4.  -3.   1.5]
Slicing  [-4.5 -2.5  1.5]  to  [-4.  -2.5  2. ]
Slicing  [-3.5 -3.5  1.5]  to  [-4.  -3.5  2. ]
Slicing  [-3.5 -3.5  1.5]  to  [-4.  -3.   1.5]
Slicing  [-3.5 -3.5  1.5]  to  [-3.5 -3.   2. ]
Slicing  [-3.5 -2.5  2.5]  to  [-4.  -3.   2.5]
Slicing  [-3.5 -2.5  2.5]  to  [-4.  -2.5  2. ]
Slicing  [-3.5 -2.5  2.5]  to  [-3.5 -3.   2. ]

Generating Report for BZ [-4 -3  2]

Combining all 35 BZ

BZ [-4 -3  2] done. Total time elapsed 01:50:28
Processing BZ [-2 -1  1], path segments from Gamma to X

6 symmetrically equivalent path segments
[[ 0.   0.   0.  -0.5  0.   0. ]
 [ 0.   0.   0.   0.  -0.5  0. ]
 [ 0.   0.   0.   0.   0.  -0.5]
 [ 0.   0.   0.   0.   0.   0.5]
 [ 0.   0.   0.   0.   0.5  0. ]
 [ 0.   0.   0.   0.5  0.   0. ]]
Slicing  [-2. -1.  1.]  to  [-2.5 -1.   1. ]
Slicing  [-2. -1.  1.]  to  [-2.  -1.5  1. ]
Slicing  [-2. -1.  1.]  to  [-2.  -1.   0.5]
Slicing  [-2. -1.  1.]  to  [-2.  -1.   1.5]
Slicing  [-2. -1.  1.]  to  [-2.  -0.5  1. ]
Slicing  [-2. -1.  1.]  to  [-1.5 -1.   1. ]
Processing BZ [-2 -1  1], path segments from X to M

12 symmetrically equivalent path segments
[[-0.5  0.   0.  -0.5  0.  -0.5]
 [-0.5  0.   0.  -0.5  0.   0.5]
 [ 0.  -0.5  0.  -0.5 -0.5  0. ]
 [ 0.  -0.5  0.   0.5 -0.5  0. ]
 [ 0.   0.  -0.5  0.  -0.5 -0.5]
 [ 0.   0.  -0.5  0.   0.5 -0.5]
 [ 0.   0.   0.5  0.  -0.5  0.5]
 [ 0.   0.   0.5  0.   0.5  0.5]
 [ 0.   0.5  0.  -0.5  0.5  0. ]
 [ 0.   0.5  0.   0.5  0.5  0. ]
 [ 0.5  0.   0.   0.5  0.  -0.5]
 [ 0.5  0.   0.   0.5  0.   0.5]]
Slicing  [-2.5 -1.   1. ]  to  [-2.5 -1.   0.5]
Slicing  [-2.5 -1.   1. ]  to  [-2.5 -1.   1.5]
Slicing  [-2.  -1.5  1. ]  to  [-2.5 -1.5  1. ]
Slicing  [-2.  -1.5  1. ]  to  [-1.5 -1.5  1. ]
Slicing  [-2.  -1.   0.5]  to  [-2.  -1.5  0.5]
Slicing  [-2.  -1.   0.5]  to  [-2.  -0.5  0.5]
Slicing  [-2.  -1.   1.5]  to  [-2.  -1.5  1.5]
Slicing  [-2.  -1.   1.5]  to  [-2.  -0.5  1.5]
Slicing  [-2.  -0.5  1. ]  to  [-2.5 -0.5  1. ]
Slicing  [-2.  -0.5  1. ]  to  [-1.5 -0.5  1. ]
Slicing  [-1.5 -1.   1. ]  to  [-1.5 -1.   0.5]
Slicing  [-1.5 -1.   1. ]  to  [-1.5 -1.   1.5]
Processing BZ [-2 -1  1], path segments from M to Gamma

12 symmetrically equivalent path segments
[[-0.5 -0.5  0.   0.   0.   0. ]
 [-0.5  0.  -0.5  0.   0.   0. ]
 [-0.5  0.   0.5  0.   0.   0. ]
 [-0.5  0.5  0.   0.   0.   0. ]
 [ 0.  -0.5 -0.5  0.   0.   0. ]
 [ 0.  -0.5  0.5  0.   0.   0. ]
 [ 0.   0.5 -0.5  0.   0.   0. ]
 [ 0.   0.5  0.5  0.   0.   0. ]
 [ 0.5 -0.5  0.   0.   0.   0. ]
 [ 0.5  0.  -0.5  0.   0.   0. ]
 [ 0.5  0.   0.5  0.   0.   0. ]
 [ 0.5  0.5  0.   0.   0.   0. ]]
Slicing  [-2.5 -1.5  1. ]  to  [-2. -1.  1.]
Slicing  [-2.5 -1.   0.5]  to  [-2. -1.  1.]
Slicing  [-2.5 -1.   1.5]  to  [-2. -1.  1.]
Slicing  [-2.5 -0.5  1. ]  to  [-2. -1.  1.]
Slicing  [-2.  -1.5  0.5]  to  [-2. -1.  1.]
Slicing  [-2.  -1.5  1.5]  to  [-2. -1.  1.]
Slicing  [-2.  -0.5  0.5]  to  [-2. -1.  1.]
Slicing  [-2.  -0.5  1.5]  to  [-2. -1.  1.]
Slicing  [-1.5 -1.5  1. ]  to  [-2. -1.  1.]
Slicing  [-1.5 -1.   0.5]  to  [-2. -1.  1.]
Slicing  [-1.5 -1.   1.5]  to  [-2. -1.  1.]
Slicing  [-1.5 -0.5  1. ]  to  [-2. -1.  1.]
Processing BZ [-2 -1  1], path segments from Gamma to R

4 symmetrically equivalent path segments
[[ 0.   0.   0.  -0.5 -0.5  0.5]
 [ 0.   0.   0.  -0.5  0.5 -0.5]
 [ 0.   0.   0.   0.5 -0.5 -0.5]
 [ 0.   0.   0.   0.5  0.5  0.5]]
Slicing  [-2. -1.  1.]  to  [-2.5 -1.5  1.5]
Slicing  [-2. -1.  1.]  to  [-2.5 -0.5  0.5]
Slicing  [-2. -1.  1.]  to  [-1.5 -1.5  0.5]
Slicing  [-2. -1.  1.]  to  [-1.5 -0.5  1.5]
Processing BZ [-2 -1  1], path segments from R to X

12 symmetrically equivalent path segments
[[-0.5 -0.5  0.5 -0.5  0.   0. ]
 [-0.5 -0.5  0.5  0.  -0.5  0. ]
 [-0.5 -0.5  0.5  0.   0.   0.5]
 [-0.5  0.5 -0.5 -0.5  0.   0. ]
 [-0.5  0.5 -0.5  0.   0.  -0.5]
 [-0.5  0.5 -0.5  0.   0.5  0. ]
 [ 0.5 -0.5 -0.5  0.  -0.5  0. ]
 [ 0.5 -0.5 -0.5  0.   0.  -0.5]
 [ 0.5 -0.5 -0.5  0.5  0.   0. ]
 [ 0.5  0.5  0.5  0.   0.   0.5]
 [ 0.5  0.5  0.5  0.   0.5  0. ]
 [ 0.5  0.5  0.5  0.5  0.   0. ]]
Slicing  [-2.5 -1.5  1.5]  to  [-2.5 -1.   1. ]
Slicing  [-2.5 -1.5  1.5]  to  [-2.  -1.5  1. ]
Slicing  [-2.5 -1.5  1.5]  to  [-2.  -1.   1.5]
Slicing  [-2.5 -0.5  0.5]  to  [-2.5 -1.   1. ]
Slicing  [-2.5 -0.5  0.5]  to  [-2.  -1.   0.5]
Slicing  [-2.5 -0.5  0.5]  to  [-2.  -0.5  1. ]


Processed: 1696/4462 (38.01%) | Elapsed: 01:52:27 | BZ Folding estimated remaining time: 03:03:24


Slicing  [-1.5 -1.5  0.5]  to  [-2.  -1.5  1. ]
Slicing  [-1.5 -1.5  0.5]  to  [-2.  -1.   0.5]
Slicing  [-1.5 -1.5  0.5]  to  [-1.5 -1.   1. ]
Slicing  [-1.5 -0.5  1.5]  to  [-2.  -1.   1.5]
Slicing  [-1.5 -0.5  1.5]  to  [-2.  -0.5  1. ]
Slicing  [-1.5 -0.5  1.5]  to  [-1.5 -1.   1. ]

Generating Report for BZ [-2 -1  1]

Combining all 36 BZ

BZ [-2 -1  1] done. Total time elapsed 01:53:38
Processing BZ [-1 -2  1], path segments from Gamma to X

6 symmetrically equivalent path segments
[[ 0.   0.   0.  -0.5  0.   0. ]
 [ 0.   0.   0.   0.  -0.5  0. ]
 [ 0.   0.   0.   0.   0.  -0.5]
 [ 0.   0.   0.   0.   0.   0.5]
 [ 0.   0.   0.   0.   0.5  0. ]
 [ 0.   0.   0.   0.5  0.   0. ]]
Slicing  [-1. -2.  1.]  to  [-1.5 -2.   1. ]
Slicing  [-1. -2.  1.]  to  [-1.  -2.5  1. ]
Slicing  [-1. -2.  1.]  to  [-1.  -2.   0.5]
Slicing  [-1. -2.  1.]  to  [-1.  -2.   1.5]
Slicing  [-1. -2.  1.]  to  [-1.  -1.5  1. ]
Slicing  [-1. -2.  1.]  to  [-0.5 -2.   1. ]
Processing BZ [-1 -2  1], path segments from X to M

12 symmetrically equivalent path segments
[[-0.5  0.   0.  -0.5  0.  -0.5]
 [-0.5  0.   0.  -0.5  0.   0.5]
 [ 0.  -0.5  0.  -0.5 -0.5  0. ]
 [ 0.  -0.5  0.   0.5 -0.5  0. ]
 [ 0.   0.  -0.5  0.  -0.5 -0.5]
 [ 0.   0.  -0.5  0.   0.5 -0.5]
 [ 0.   0.   0.5  0.  -0.5  0.5]
 [ 0.   0.   0.5  0.   0.5  0.5]
 [ 0.   0.5  0.  -0.5  0.5  0. ]
 [ 0.   0.5  0.   0.5  0.5  0. ]
 [ 0.5  0.   0.   0.5  0.  -0.5]
 [ 0.5  0.   0.   0.5  0.   0.5]]
Slicing  [-1.5 -2.   1. ]  to  [-1.5 -2.   0.5]
Slicing  [-1.5 -2.   1. ]  to  [-1.5 -2.   1.5]
Slicing  [-1.  -2.5  1. ]  to  [-1.5 -2.5  1. ]
Slicing  [-1.  -2.5  1. ]  to  [-0.5 -2.5  1. ]
Slicing  [-1.  -2.   0.5]  to  [-1.  -2.5  0.5]
Slicing  [-1.  -2.   0.5]  to  [-1.  -1.5  0.5]
Slicing  [-1.  -2.   1.5]  to  [-1.  -2.5  1.5]
Slicing  [-1.  -2.   1.5]  to  [-1.  -1.5  1.5]
Slicing  [-1.  -1.5  1. ]  to  [-1.5 -1.5  1. ]
Slicing  [-1.  -1.5  1. ]  to  [-0.5 -1.5  1. ]
Slicing  [-0.5 -2.   1. ]  to  [-0.5 -2.   0.5]
Slicing  [-0.5 -2.   1. ]  to  [-0.5 -2.   1.5]
Processing BZ [-1 -2  1], path segments from M to Gamma

12 symmetrically equivalent path segments
[[-0.5 -0.5  0.   0.   0.   0. ]
 [-0.5  0.  -0.5  0.   0.   0. ]
 [-0.5  0.   0.5  0.   0.   0. ]
 [-0.5  0.5  0.   0.   0.   0. ]
 [ 0.  -0.5 -0.5  0.   0.   0. ]
 [ 0.  -0.5  0.5  0.   0.   0. ]
 [ 0.   0.5 -0.5  0.   0.   0. ]
 [ 0.   0.5  0.5  0.   0.   0. ]
 [ 0.5 -0.5  0.   0.   0.   0. ]
 [ 0.5  0.  -0.5  0.   0.   0. ]
 [ 0.5  0.   0.5  0.   0.   0. ]
 [ 0.5  0.5  0.   0.   0.   0. ]]
Slicing  [-1.5 -2.5  1. ]  to  [-1. -2.  1.]
Slicing  [-1.5 -2.   0.5]  to  [-1. -2.  1.]
Slicing  [-1.5 -2.   1.5]  to  [-1. -2.  1.]
Slicing  [-1.5 -1.5  1. ]  to  [-1. -2.  1.]
Slicing  [-1.  -2.5  0.5]  to  [-1. -2.  1.]
Slicing  [-1.  -2.5  1.5]  to  [-1. -2.  1.]
Slicing  [-1.  -1.5  0.5]  to  [-1. -2.  1.]
Slicing  [-1.  -1.5  1.5]  to  [-1. -2.  1.]
Slicing  [-0.5 -2.5  1. ]  to  [-1. -2.  1.]
Slicing  [-0.5 -2.   0.5]  to  [-1. -2.  1.]
Slicing  [-0.5 -2.   1.5]  to  [-1. -2.  1.]
Slicing  [-0.5 -1.5  1. ]  to  [-1. -2.  1.]
Processing BZ [-1 -2  1], path segments from Gamma to R

4 symmetrically equivalent path segments
[[ 0.   0.   0.  -0.5 -0.5  0.5]
 [ 0.   0.   0.  -0.5  0.5 -0.5]
 [ 0.   0.   0.   0.5 -0.5 -0.5]
 [ 0.   0.   0.   0.5  0.5  0.5]]
Slicing  [-1. -2.  1.]  to  [-1.5 -2.5  1.5]
Slicing  [-1. -2.  1.]  to  [-1.5 -1.5  0.5]
Slicing  [-1. -2.  1.]  to  [-0.5 -2.5  0.5]
Slicing  [-1. -2.  1.]  to  [-0.5 -1.5  1.5]
Processing BZ [-1 -2  1], path segments from R to X

12 symmetrically equivalent path segments
[[-0.5 -0.5  0.5 -0.5  0.   0. ]
 [-0.5 -0.5  0.5  0.  -0.5  0. ]
 [-0.5 -0.5  0.5  0.   0.   0.5]
 [-0.5  0.5 -0.5 -0.5  0.   0. ]
 [-0.5  0.5 -0.5  0.   0.  -0.5]
 [-0.5  0.5 -0.5  0.   0.5  0. ]
 [ 0.5 -0.5 -0.5  0.  -0.5  0. ]
 [ 0.5 -0.5 -0.5  0.   0.  -0.5]
 [ 0.5 -0.5 -0.5  0.5  0.   0. ]
 [ 0.5  0.5  0.5  0.   0.   0.5]
 [ 0.5  0.5  0.5  0.   0.5  0. ]
 [ 0.5  0.5  0.5  0.5  0.   0. ]]
Slicing  [-1.5 -2.5  1.5]  to  [-1.5 -2.   1. ]
Slicing  [-1.5 -2.5  1.5]  to  [-1.  -2.5  1. ]
Slicing  [-1.5 -2.5  1.5]  to  [-1.  -2.   1.5]
Slicing  [-1.5 -1.5  0.5]  to  [-1.5 -2.   1. ]
Slicing  [-1.5 -1.5  0.5]  to  [-1.  -2.   0.5]
Slicing  [-1.5 -1.5  0.5]  to  [-1.  -1.5  1. ]
Slicing  [-0.5 -2.5  0.5]  to  [-1.  -2.5  1. ]
Slicing  [-0.5 -2.5  0.5]  to  [-1.  -2.   0.5]
Slicing  [-0.5 -2.5  0.5]  to  [-0.5 -2.   1. ]
Slicing  [-0.5 -1.5  1.5]  to  [-1.  -2.   1.5]
Slicing  [-0.5 -1.5  1.5]  to  [-1.  -1.5  1. ]
Slicing  [-0.5 -1.5  1.5]  to  [-0.5 -2.   1. ]

Generating Report for BZ [-1 -2  1]

Combining all 37 BZ

BZ [-1 -2  1] done. Total time elapsed 01:56:50
Processing BZ [-1  1  1], path segments from Gamma to X

6 symmetrically equivalent path segments
[[ 0.   0.   0.  -0.5  0.   0. ]
 [ 0.   0.   0.   0.  -0.5  0. ]
 [ 0.   0.   0.   0.   0.  -0.5]
 [ 0.   0.   0.   0.   0.   0.5]
 [ 0.   0.   0.   0.   0.5  0. ]
 [ 0.   0.   0.   0.5  0.   0. ]]
Slicing  [-1.  1.  1.]  to  [-1.5  1.   1. ]
Slicing  [-1.  1.  1.]  to  [-1.   0.5  1. ]
Slicing  [-1.  1.  1.]  to  [-1.   1.   0.5]
Slicing  [-1.  1.  1.]  to  [-1.   1.   1.5]
Slicing  [-1.  1.  1.]  to  [-1.   1.5  1. ]
Slicing  [-1.  1.  1.]  to  [-0.5  1.   1. ]
Processing BZ [-1  1  1], path segments from X to M

12 symmetrically equivalent path segments
[[-0.5  0.   0.  -0.5  0.  -0.5]
 [-0.5  0.   0.  -0.5  0.   0.5]
 [ 0.  -0.5  0.  -0.5 -0.5  0. ]
 [ 0.  -0.5  0.   0.5 -0.5  0. ]
 [ 0.   0.  -0.5  0.  -0.5 -0.5]
 [ 0.   0.  -0.5  0.   0.5 -0.5]
 [ 0.   0.   0.5  0.  -0.5  0.5]
 [ 0.   0.   0.5  0.   0.5  0.5]
 [ 0.   0.5  0.  -0.5  0.5  0. ]
 [ 0.   0.5  0.   0.5  0.5  0. ]
 [ 0.5  0.   0.   0.5  0.  -0.5]
 [ 0.5  0.   0.   0.5  0.   0.5]]
Slicing  [-1.5  1.   1. ]  to  [-1.5  1.   0.5]
Slicing  [-1.5  1.   1. ]  to  [-1.5  1.   1.5]
Slicing  [-1.   0.5  1. ]  to  [-1.5  0.5  1. ]
Slicing  [-1.   0.5  1. ]  to  [-0.5  0.5  1. ]
Slicing  [-1.   1.   0.5]  to  [-1.   0.5  0.5]
Slicing  [-1.   1.   0.5]  to  [-1.   1.5  0.5]
Slicing  [-1.   1.   1.5]  to  [-1.   0.5  1.5]
Slicing  [-1.   1.   1.5]  to  [-1.   1.5  1.5]
Slicing  [-1.   1.5  1. ]  to  [-1.5  1.5  1. ]
Slicing  [-1.   1.5  1. ]  to  [-0.5  1.5  1. ]
Slicing  [-0.5  1.   1. ]  to  [-0.5  1.   0.5]
Slicing  [-0.5  1.   1. ]  to  [-0.5  1.   1.5]
Processing BZ [-1  1  1], path segments from M to Gamma

12 symmetrically equivalent path segments
[[-0.5 -0.5  0.   0.   0.   0. ]
 [-0.5  0.  -0.5  0.   0.   0. ]
 [-0.5  0.   0.5  0.   0.   0. ]
 [-0.5  0.5  0.   0.   0.   0. ]
 [ 0.  -0.5 -0.5  0.   0.   0. ]
 [ 0.  -0.5  0.5  0.   0.   0. ]
 [ 0.   0.5 -0.5  0.   0.   0. ]
 [ 0.   0.5  0.5  0.   0.   0. ]
 [ 0.5 -0.5  0.   0.   0.   0. ]
 [ 0.5  0.  -0.5  0.   0.   0. ]
 [ 0.5  0.   0.5  0.   0.   0. ]
 [ 0.5  0.5  0.   0.   0.   0. ]]
Slicing  [-1.5  0.5  1. ]  to  [-1.  1.  1.]
Slicing  [-1.5  1.   0.5]  to  [-1.  1.  1.]
Slicing  [-1.5  1.   1.5]  to  [-1.  1.  1.]
Slicing  [-1.5  1.5  1. ]  to  [-1.  1.  1.]
Slicing  [-1.   0.5  0.5]  to  [-1.  1.  1.]
Slicing  [-1.   0.5  1.5]  to  [-1.  1.  1.]
Slicing  [-1.   1.5  0.5]  to  [-1.  1.  1.]
Slicing  [-1.   1.5  1.5]  to  [-1.  1.  1.]
Slicing  [-0.5  0.5  1. ]  to  [-1.  1.  1.]
Slicing  [-0.5  1.   0.5]  to  [-1.  1.  1.]
Slicing  [-0.5  1.   1.5]  to  [-1.  1.  1.]
Slicing  [-0.5  1.5  1. ]  to  [-1.  1.  1.]
Processing BZ [-1  1  1], path segments from Gamma to R

4 symmetrically equivalent path segments
[[ 0.   0.   0.  -0.5 -0.5  0.5]
 [ 0.   0.   0.  -0.5  0.5 -0.5]
 [ 0.   0.   0.   0.5 -0.5 -0.5]
 [ 0.   0.   0.   0.5  0.5  0.5]]
Slicing  [-1.  1.  1.]  to  [-1.5  0.5  1.5]
Slicing  [-1.  1.  1.]  to  [-1.5  1.5  0.5]
Slicing  [-1.  1.  1.]  to  [-0.5  0.5  0.5]
Slicing  [-1.  1.  1.]  to  [-0.5  1.5  1.5]
Processing BZ [-1  1  1], path segments from R to X

12 symmetrically equivalent path segments
[[-0.5 -0.5  0.5 -0.5  0.   0. ]
 [-0.5 -0.5  0.5  0.  -0.5  0. ]
 [-0.5 -0.5  0.5  0.   0.   0.5]
 [-0.5  0.5 -0.5 -0.5  0.   0. ]
 [-0.5  0.5 -0.5  0.   0.  -0.5]
 [-0.5  0.5 -0.5  0.   0.5  0. ]
 [ 0.5 -0.5 -0.5  0.  -0.5  0. ]
 [ 0.5 -0.5 -0.5  0.   0.  -0.5]
 [ 0.5 -0.5 -0.5  0.5  0.   0. ]
 [ 0.5  0.5  0.5  0.   0.   0.5]
 [ 0.5  0.5  0.5  0.   0.5  0. ]
 [ 0.5  0.5  0.5  0.5  0.   0. ]]
Slicing  [-1.5  0.5  1.5]  to  [-1.5  1.   1. ]
Slicing  [-1.5  0.5  1.5]  to  [-1.   0.5  1. ]
Slicing  [-1.5  0.5  1.5]  to  [-1.   1.   1.5]


Processed: 1785/4462 (40.00%) | Elapsed: 01:58:45 | BZ Folding estimated remaining time: 02:58:05


Slicing  [-1.5  1.5  0.5]  to  [-1.5  1.   1. ]
Slicing  [-1.5  1.5  0.5]  to  [-1.   1.   0.5]
Slicing  [-1.5  1.5  0.5]  to  [-1.   1.5  1. ]
Slicing  [-0.5  0.5  0.5]  to  [-1.   0.5  1. ]
Slicing  [-0.5  0.5  0.5]  to  [-1.   1.   0.5]
Slicing  [-0.5  0.5  0.5]  to  [-0.5  1.   1. ]
Slicing  [-0.5  1.5  1.5]  to  [-1.   1.   1.5]
Slicing  [-0.5  1.5  1.5]  to  [-1.   1.5  1. ]
Slicing  [-0.5  1.5  1.5]  to  [-0.5  1.   1. ]

Generating Report for BZ [-1  1  1]

Combining all 38 BZ

BZ [-1  1  1] done. Total time elapsed 02:00:07
Processing BZ [-4 -2  1], path segments from Gamma to X

6 symmetrically equivalent path segments
[[ 0.   0.   0.  -0.5  0.   0. ]
 [ 0.   0.   0.   0.  -0.5  0. ]
 [ 0.   0.   0.   0.   0.  -0.5]
 [ 0.   0.   0.   0.   0.   0.5]
 [ 0.   0.   0.   0.   0.5  0. ]
 [ 0.   0.   0.   0.5  0.   0. ]]
Slicing  [-4. -2.  1.]  to  [-4.5 -2.   1. ]
Slicing  [-4. -2.  1.]  to  [-4.  -2.5  1. ]
Slicing  [-4. -2.  1.]  to  [-4.  -2.   0.5]
Slicing  [-4. -2.  1.]  to  [-4.  -2.   1.5]
Slicing  [-4. -2.  1.]  to  [-4.  -1.5  1. ]
Slicing  [-4. -2.  1.]  to  [-3.5 -2.   1. ]
Processing BZ [-4 -2  1], path segments from X to M

12 symmetrically equivalent path segments
[[-0.5  0.   0.  -0.5  0.  -0.5]
 [-0.5  0.   0.  -0.5  0.   0.5]
 [ 0.  -0.5  0.  -0.5 -0.5  0. ]
 [ 0.  -0.5  0.   0.5 -0.5  0. ]
 [ 0.   0.  -0.5  0.  -0.5 -0.5]
 [ 0.   0.  -0.5  0.   0.5 -0.5]
 [ 0.   0.   0.5  0.  -0.5  0.5]
 [ 0.   0.   0.5  0.   0.5  0.5]
 [ 0.   0.5  0.  -0.5  0.5  0. ]
 [ 0.   0.5  0.   0.5  0.5  0. ]
 [ 0.5  0.   0.   0.5  0.  -0.5]
 [ 0.5  0.   0.   0.5  0.   0.5]]
Slicing  [-4.5 -2.   1. ]  to  [-4.5 -2.   0.5]
Slicing  [-4.5 -2.   1. ]  to  [-4.5 -2.   1.5]
Slicing  [-4.  -2.5  1. ]  to  [-4.5 -2.5  1. ]
Slicing  [-4.  -2.5  1. ]  to  [-3.5 -2.5  1. ]
Slicing  [-4.  -2.   0.5]  to  [-4.  -2.5  0.5]
Slicing  [-4.  -2.   0.5]  to  [-4.  -1.5  0.5]
Slicing  [-4.  -2.   1.5]  to  [-4.  -2.5  1.5]
Slicing  [-4.  -2.   1.5]  to  [-4.  -1.5  1.5]
Slicing  [-4.  -1.5  1. ]  to  [-4.5 -1.5  1. ]
Slicing  [-4.  -1.5  1. ]  to  [-3.5 -1.5  1. ]
Slicing  [-3.5 -2.   1. ]  to  [-3.5 -2.   0.5]
Slicing  [-3.5 -2.   1. ]  to  [-3.5 -2.   1.5]
Processing BZ [-4 -2  1], path segments from M to Gamma

12 symmetrically equivalent path segments
[[-0.5 -0.5  0.   0.   0.   0. ]
 [-0.5  0.  -0.5  0.   0.   0. ]
 [-0.5  0.   0.5  0.   0.   0. ]
 [-0.5  0.5  0.   0.   0.   0. ]
 [ 0.  -0.5 -0.5  0.   0.   0. ]
 [ 0.  -0.5  0.5  0.   0.   0. ]
 [ 0.   0.5 -0.5  0.   0.   0. ]
 [ 0.   0.5  0.5  0.   0.   0. ]
 [ 0.5 -0.5  0.   0.   0.   0. ]
 [ 0.5  0.  -0.5  0.   0.   0. ]
 [ 0.5  0.   0.5  0.   0.   0. ]
 [ 0.5  0.5  0.   0.   0.   0. ]]
Slicing  [-4.5 -2.5  1. ]  to  [-4. -2.  1.]
Slicing  [-4.5 -2.   0.5]  to  [-4. -2.  1.]
Slicing  [-4.5 -2.   1.5]  to  [-4. -2.  1.]
Slicing  [-4.5 -1.5  1. ]  to  [-4. -2.  1.]
Slicing  [-4.  -2.5  0.5]  to  [-4. -2.  1.]
Slicing  [-4.  -2.5  1.5]  to  [-4. -2.  1.]
Slicing  [-4.  -1.5  0.5]  to  [-4. -2.  1.]
Slicing  [-4.  -1.5  1.5]  to  [-4. -2.  1.]
Slicing  [-3.5 -2.5  1. ]  to  [-4. -2.  1.]
Slicing  [-3.5 -2.   0.5]  to  [-4. -2.  1.]
Slicing  [-3.5 -2.   1.5]  to  [-4. -2.  1.]
Slicing  [-3.5 -1.5  1. ]  to  [-4. -2.  1.]
Processing BZ [-4 -2  1], path segments from Gamma to R

4 symmetrically equivalent path segments
[[ 0.   0.   0.  -0.5 -0.5  0.5]
 [ 0.   0.   0.  -0.5  0.5 -0.5]
 [ 0.   0.   0.   0.5 -0.5 -0.5]
 [ 0.   0.   0.   0.5  0.5  0.5]]
Slicing  [-4. -2.  1.]  to  [-4.5 -2.5  1.5]
Slicing  [-4. -2.  1.]  to  [-4.5 -1.5  0.5]
Slicing  [-4. -2.  1.]  to  [-3.5 -2.5  0.5]
Slicing  [-4. -2.  1.]  to  [-3.5 -1.5  1.5]
Processing BZ [-4 -2  1], path segments from R to X

12 symmetrically equivalent path segments
[[-0.5 -0.5  0.5 -0.5  0.   0. ]
 [-0.5 -0.5  0.5  0.  -0.5  0. ]
 [-0.5 -0.5  0.5  0.   0.   0.5]
 [-0.5  0.5 -0.5 -0.5  0.   0. ]
 [-0.5  0.5 -0.5  0.   0.  -0.5]
 [-0.5  0.5 -0.5  0.   0.5  0. ]
 [ 0.5 -0.5 -0.5  0.  -0.5  0. ]
 [ 0.5 -0.5 -0.5  0.   0.  -0.5]
 [ 0.5 -0.5 -0.5  0.5  0.   0. ]
 [ 0.5  0.5  0.5  0.   0.   0.5]
 [ 0.5  0.5  0.5  0.   0.5  0. ]
 [ 0.5  0.5  0.5  0.5  0.   0. ]]
Slicing  [-4.5 -2.5  1.5]  to  [-4.5 -2.   1. ]
Slicing  [-4.5 -2.5  1.5]  to  [-4.  -2.5  1. ]
Slicing  [-4.5 -2.5  1.5]  to  [-4.  -2.   1.5]
Slicing  [-4.5 -1.5  0.5]  to  [-4.5 -2.   1. ]
Slicing  [-4.5 -1.5  0.5]  to  [-4.  -2.   0.5]
Slicing  [-4.5 -1.5  0.5]  to  [-4.  -1.5  1. ]
Slicing  [-3.5 -2.5  0.5]  to  [-4.  -2.5  1. ]
Slicing  [-3.5 -2.5  0.5]  to  [-4.  -2.   0.5]
Slicing  [-3.5 -2.5  0.5]  to  [-3.5 -2.   1. ]
Slicing  [-3.5 -1.5  1.5]  to  [-4.  -2.   1.5]
Slicing  [-3.5 -1.5  1.5]  to  [-4.  -1.5  1. ]
Slicing  [-3.5 -1.5  1.5]  to  [-3.5 -2.   1. ]

Generating Report for BZ [-4 -2  1]

Combining all 39 BZ

BZ [-4 -2  1] done. Total time elapsed 02:03:11
Processing BZ [-4 -4  1], path segments from Gamma to X

6 symmetrically equivalent path segments
[[ 0.   0.   0.  -0.5  0.   0. ]
 [ 0.   0.   0.   0.  -0.5  0. ]
 [ 0.   0.   0.   0.   0.  -0.5]
 [ 0.   0.   0.   0.   0.   0.5]
 [ 0.   0.   0.   0.   0.5  0. ]
 [ 0.   0.   0.   0.5  0.   0. ]]
Slicing  [-4. -4.  1.]  to  [-4.5 -4.   1. ]
Slicing  [-4. -4.  1.]  to  [-4.  -4.5  1. ]
Slicing  [-4. -4.  1.]  to  [-4.  -4.   0.5]
Slicing  [-4. -4.  1.]  to  [-4.  -4.   1.5]
Slicing  [-4. -4.  1.]  to  [-4.  -3.5  1. ]
Slicing  [-4. -4.  1.]  to  [-3.5 -4.   1. ]
Processing BZ [-4 -4  1], path segments from X to M

12 symmetrically equivalent path segments
[[-0.5  0.   0.  -0.5  0.  -0.5]
 [-0.5  0.   0.  -0.5  0.   0.5]
 [ 0.  -0.5  0.  -0.5 -0.5  0. ]
 [ 0.  -0.5  0.   0.5 -0.5  0. ]
 [ 0.   0.  -0.5  0.  -0.5 -0.5]
 [ 0.   0.  -0.5  0.   0.5 -0.5]
 [ 0.   0.   0.5  0.  -0.5  0.5]
 [ 0.   0.   0.5  0.   0.5  0.5]
 [ 0.   0.5  0.  -0.5  0.5  0. ]
 [ 0.   0.5  0.   0.5  0.5  0. ]
 [ 0.5  0.   0.   0.5  0.  -0.5]
 [ 0.5  0.   0.   0.5  0.   0.5]]
Slicing  [-4.5 -4.   1. ]  to  [-4.5 -4.   0.5]
Slicing  [-4.5 -4.   1. ]  to  [-4.5 -4.   1.5]
Slicing  [-4.  -4.5  1. ]  to  [-4.5 -4.5  1. ]
Slicing  [-4.  -4.5  1. ]  to  [-3.5 -4.5  1. ]
Slicing  [-4.  -4.   0.5]  to  [-4.  -4.5  0.5]
Slicing  [-4.  -4.   0.5]  to  [-4.  -3.5  0.5]
Slicing  [-4.  -4.   1.5]  to  [-4.  -4.5  1.5]
Slicing  [-4.  -4.   1.5]  to  [-4.  -3.5  1.5]
Slicing  [-4.  -3.5  1. ]  to  [-4.5 -3.5  1. ]
Slicing  [-4.  -3.5  1. ]  to  [-3.5 -3.5  1. ]
Slicing  [-3.5 -4.   1. ]  to  [-3.5 -4.   0.5]
Slicing  [-3.5 -4.   1. ]  to  [-3.5 -4.   1.5]
Processing BZ [-4 -4  1], path segments from M to Gamma

12 symmetrically equivalent path segments
[[-0.5 -0.5  0.   0.   0.   0. ]
 [-0.5  0.  -0.5  0.   0.   0. ]
 [-0.5  0.   0.5  0.   0.   0. ]
 [-0.5  0.5  0.   0.   0.   0. ]
 [ 0.  -0.5 -0.5  0.   0.   0. ]
 [ 0.  -0.5  0.5  0.   0.   0. ]
 [ 0.   0.5 -0.5  0.   0.   0. ]
 [ 0.   0.5  0.5  0.   0.   0. ]
 [ 0.5 -0.5  0.   0.   0.   0. ]
 [ 0.5  0.  -0.5  0.   0.   0. ]
 [ 0.5  0.   0.5  0.   0.   0. ]
 [ 0.5  0.5  0.   0.   0.   0. ]]
Slicing  [-4.5 -4.5  1. ]  to  [-4. -4.  1.]
Slicing  [-4.5 -4.   0.5]  to  [-4. -4.  1.]
Slicing  [-4.5 -4.   1.5]  to  [-4. -4.  1.]
Slicing  [-4.5 -3.5  1. ]  to  [-4. -4.  1.]
Slicing  [-4.  -4.5  0.5]  to  [-4. -4.  1.]
Slicing  [-4.  -4.5  1.5]  to  [-4. -4.  1.]
Slicing  [-4.  -3.5  0.5]  to  [-4. -4.  1.]
Slicing  [-4.  -3.5  1.5]  to  [-4. -4.  1.]
Slicing  [-3.5 -4.5  1. ]  to  [-4. -4.  1.]
Slicing  [-3.5 -4.   0.5]  to  [-4. -4.  1.]
Slicing  [-3.5 -4.   1.5]  to  [-4. -4.  1.]
Slicing  [-3.5 -3.5  1. ]  to  [-4. -4.  1.]
Processing BZ [-4 -4  1], path segments from Gamma to R

4 symmetrically equivalent path segments
[[ 0.   0.   0.  -0.5 -0.5  0.5]
 [ 0.   0.   0.  -0.5  0.5 -0.5]
 [ 0.   0.   0.   0.5 -0.5 -0.5]
 [ 0.   0.   0.   0.5  0.5  0.5]]
Slicing  [-4. -4.  1.]  to  [-4.5 -4.5  1.5]
Slicing  [-4. -4.  1.]  to  [-4.5 -3.5  0.5]
Slicing  [-4. -4.  1.]  to  [-3.5 -4.5  0.5]
Slicing  [-4. -4.  1.]  to  [-3.5 -3.5  1.5]
Processing BZ [-4 -4  1], path segments from R to X

12 symmetrically equivalent path segments
[[-0.5 -0.5  0.5 -0.5  0.   0. ]
 [-0.5 -0.5  0.5  0.  -0.5  0. ]
 [-0.5 -0.5  0.5  0.   0.   0.5]
 [-0.5  0.5 -0.5 -0.5  0.   0. ]
 [-0.5  0.5 -0.5  0.   0.  -0.5]
 [-0.5  0.5 -0.5  0.   0.5  0. ]
 [ 0.5 -0.5 -0.5  0.  -0.5  0. ]
 [ 0.5 -0.5 -0.5  0.   0.  -0.5]
 [ 0.5 -0.5 -0.5  0.5  0.   0. ]
 [ 0.5  0.5  0.5  0.   0.   0.5]
 [ 0.5  0.5  0.5  0.   0.5  0. ]
 [ 0.5  0.5  0.5  0.5  0.   0. ]]
Slicing  [-4.5 -4.5  1.5]  to  [-4.5 -4.   1. ]


Processed: 1875/4462 (42.02%) | Elapsed: 02:04:54 | BZ Folding estimated remaining time: 02:52:20


Slicing  [-4.5 -4.5  1.5]  to  [-4.  -4.5  1. ]
Slicing  [-4.5 -4.5  1.5]  to  [-4.  -4.   1.5]
Slicing  [-4.5 -3.5  0.5]  to  [-4.5 -4.   1. ]
Slicing  [-4.5 -3.5  0.5]  to  [-4.  -4.   0.5]
Slicing  [-4.5 -3.5  0.5]  to  [-4.  -3.5  1. ]
Slicing  [-3.5 -4.5  0.5]  to  [-4.  -4.5  1. ]
Slicing  [-3.5 -4.5  0.5]  to  [-4.  -4.   0.5]
Slicing  [-3.5 -4.5  0.5]  to  [-3.5 -4.   1. ]
Slicing  [-3.5 -3.5  1.5]  to  [-4.  -4.   1.5]
Slicing  [-3.5 -3.5  1.5]  to  [-4.  -3.5  1. ]
Slicing  [-3.5 -3.5  1.5]  to  [-3.5 -4.   1. ]

Generating Report for BZ [-4 -4  1]

Combining all 40 BZ

BZ [-4 -4  1] done. Total time elapsed 02:06:16
Processing BZ [-4 -4  0], path segments from Gamma to X

6 symmetrically equivalent path segments
[[ 0.   0.   0.  -0.5  0.   0. ]
 [ 0.   0.   0.   0.  -0.5  0. ]
 [ 0.   0.   0.   0.   0.  -0.5]
 [ 0.   0.   0.   0.   0.   0.5]
 [ 0.   0.   0.   0.   0.5  0. ]
 [ 0.   0.   0.   0.5  0.   0. ]]
Slicing  [-4. -4.  0.]  to  [-4.5 -4.   0. ]
Slicing  [-4. -4.  0.]  to  [-4.  -4.5  0. ]
Slicing  [-4. -4.  0.]  to  [-4.  -4.  -0.5]
Slicing  [-4. -4.  0.]  to  [-4.  -4.   0.5]
Slicing  [-4. -4.  0.]  to  [-4.  -3.5  0. ]
Slicing  [-4. -4.  0.]  to  [-3.5 -4.   0. ]
Processing BZ [-4 -4  0], path segments from X to M

12 symmetrically equivalent path segments
[[-0.5  0.   0.  -0.5  0.  -0.5]
 [-0.5  0.   0.  -0.5  0.   0.5]
 [ 0.  -0.5  0.  -0.5 -0.5  0. ]
 [ 0.  -0.5  0.   0.5 -0.5  0. ]
 [ 0.   0.  -0.5  0.  -0.5 -0.5]
 [ 0.   0.  -0.5  0.   0.5 -0.5]
 [ 0.   0.   0.5  0.  -0.5  0.5]
 [ 0.   0.   0.5  0.   0.5  0.5]
 [ 0.   0.5  0.  -0.5  0.5  0. ]
 [ 0.   0.5  0.   0.5  0.5  0. ]
 [ 0.5  0.   0.   0.5  0.  -0.5]
 [ 0.5  0.   0.   0.5  0.   0.5]]
Slicing  [-4.5 -4.   0. ]  to  [-4.5 -4.  -0.5]
Slicing  [-4.5 -4.   0. ]  to  [-4.5 -4.   0.5]
Slicing  [-4.  -4.5  0. ]  to  [-4.5 -4.5  0. ]
Slicing  [-4.  -4.5  0. ]  to  [-3.5 -4.5  0. ]
Slicing  [-4.  -4.  -0.5]  to  [-4.  -4.5 -0.5]
Slicing  [-4.  -4.  -0.5]  to  [-4.  -3.5 -0.5]
Slicing  [-4.  -4.   0.5]  to  [-4.  -4.5  0.5]
Slicing  [-4.  -4.   0.5]  to  [-4.  -3.5  0.5]
Slicing  [-4.  -3.5  0. ]  to  [-4.5 -3.5  0. ]
Slicing  [-4.  -3.5  0. ]  to  [-3.5 -3.5  0. ]
Slicing  [-3.5 -4.   0. ]  to  [-3.5 -4.  -0.5]
Slicing  [-3.5 -4.   0. ]  to  [-3.5 -4.   0.5]
Processing BZ [-4 -4  0], path segments from M to Gamma

12 symmetrically equivalent path segments
[[-0.5 -0.5  0.   0.   0.   0. ]
 [-0.5  0.  -0.5  0.   0.   0. ]
 [-0.5  0.   0.5  0.   0.   0. ]
 [-0.5  0.5  0.   0.   0.   0. ]
 [ 0.  -0.5 -0.5  0.   0.   0. ]
 [ 0.  -0.5  0.5  0.   0.   0. ]
 [ 0.   0.5 -0.5  0.   0.   0. ]
 [ 0.   0.5  0.5  0.   0.   0. ]
 [ 0.5 -0.5  0.   0.   0.   0. ]
 [ 0.5  0.  -0.5  0.   0.   0. ]
 [ 0.5  0.   0.5  0.   0.   0. ]
 [ 0.5  0.5  0.   0.   0.   0. ]]
Slicing  [-4.5 -4.5  0. ]  to  [-4. -4.  0.]
Slicing  [-4.5 -4.  -0.5]  to  [-4. -4.  0.]
Slicing  [-4.5 -4.   0.5]  to  [-4. -4.  0.]
Slicing  [-4.5 -3.5  0. ]  to  [-4. -4.  0.]
Slicing  [-4.  -4.5 -0.5]  to  [-4. -4.  0.]
Slicing  [-4.  -4.5  0.5]  to  [-4. -4.  0.]
Slicing  [-4.  -3.5 -0.5]  to  [-4. -4.  0.]
Slicing  [-4.  -3.5  0.5]  to  [-4. -4.  0.]
Slicing  [-3.5 -4.5  0. ]  to  [-4. -4.  0.]
Slicing  [-3.5 -4.  -0.5]  to  [-4. -4.  0.]
Slicing  [-3.5 -4.   0.5]  to  [-4. -4.  0.]
Slicing  [-3.5 -3.5  0. ]  to  [-4. -4.  0.]
Processing BZ [-4 -4  0], path segments from Gamma to R

4 symmetrically equivalent path segments
[[ 0.   0.   0.  -0.5 -0.5  0.5]
 [ 0.   0.   0.  -0.5  0.5 -0.5]
 [ 0.   0.   0.   0.5 -0.5 -0.5]
 [ 0.   0.   0.   0.5  0.5  0.5]]
Slicing  [-4. -4.  0.]  to  [-4.5 -4.5  0.5]
Slicing  [-4. -4.  0.]  to  [-4.5 -3.5 -0.5]
Slicing  [-4. -4.  0.]  to  [-3.5 -4.5 -0.5]
Slicing  [-4. -4.  0.]  to  [-3.5 -3.5  0.5]
Processing BZ [-4 -4  0], path segments from R to X

12 symmetrically equivalent path segments
[[-0.5 -0.5  0.5 -0.5  0.   0. ]
 [-0.5 -0.5  0.5  0.  -0.5  0. ]
 [-0.5 -0.5  0.5  0.   0.   0.5]
 [-0.5  0.5 -0.5 -0.5  0.   0. ]
 [-0.5  0.5 -0.5  0.   0.  -0.5]
 [-0.5  0.5 -0.5  0.   0.5  0. ]
 [ 0.5 -0.5 -0.5  0.  -0.5  0. ]
 [ 0.5 -0.5 -0.5  0.   0.  -0.5]
 [ 0.5 -0.5 -0.5  0.5  0.   0. ]
 [ 0.5  0.5  0.5  0.   0.   0.5]
 [ 0.5  0.5  0.5  0.   0.5  0. ]
 [ 0.5  0.5  0.5  0.5  0.   0. ]]
Slicing  [-4.5 -4.5  0.5]  to  [-4.5 -4.   0. ]
Slicing  [-4.5 -4.5  0.5]  to  [-4.  -4.5  0. ]
Slicing  [-4.5 -4.5  0.5]  to  [-4.  -4.   0.5]
Slicing  [-4.5 -3.5 -0.5]  to  [-4.5 -4.   0. ]
Slicing  [-4.5 -3.5 -0.5]  to  [-4.  -4.  -0.5]
Slicing  [-4.5 -3.5 -0.5]  to  [-4.  -3.5  0. ]
Slicing  [-3.5 -4.5 -0.5]  to  [-4.  -4.5  0. ]
Slicing  [-3.5 -4.5 -0.5]  to  [-4.  -4.  -0.5]
Slicing  [-3.5 -4.5 -0.5]  to  [-3.5 -4.   0. ]
Slicing  [-3.5 -3.5  0.5]  to  [-4.  -4.   0.5]
Slicing  [-3.5 -3.5  0.5]  to  [-4.  -3.5  0. ]
Slicing  [-3.5 -3.5  0.5]  to  [-3.5 -4.   0. ]

Generating Report for BZ [-4 -4  0]

Combining all 41 BZ

BZ [-4 -4  0] done. Total time elapsed 02:09:33
Processing BZ [-4 -3 -1], path segments from Gamma to X

6 symmetrically equivalent path segments
[[ 0.   0.   0.  -0.5  0.   0. ]
 [ 0.   0.   0.   0.  -0.5  0. ]
 [ 0.   0.   0.   0.   0.  -0.5]
 [ 0.   0.   0.   0.   0.   0.5]
 [ 0.   0.   0.   0.   0.5  0. ]
 [ 0.   0.   0.   0.5  0.   0. ]]
Slicing  [-4. -3. -1.]  to  [-4.5 -3.  -1. ]
Slicing  [-4. -3. -1.]  to  [-4.  -3.5 -1. ]
Slicing  [-4. -3. -1.]  to  [-4.  -3.  -1.5]
Slicing  [-4. -3. -1.]  to  [-4.  -3.  -0.5]
Slicing  [-4. -3. -1.]  to  [-4.  -2.5 -1. ]
Slicing  [-4. -3. -1.]  to  [-3.5 -3.  -1. ]
Processing BZ [-4 -3 -1], path segments from X to M

12 symmetrically equivalent path segments
[[-0.5  0.   0.  -0.5  0.  -0.5]
 [-0.5  0.   0.  -0.5  0.   0.5]
 [ 0.  -0.5  0.  -0.5 -0.5  0. ]
 [ 0.  -0.5  0.   0.5 -0.5  0. ]
 [ 0.   0.  -0.5  0.  -0.5 -0.5]
 [ 0.   0.  -0.5  0.   0.5 -0.5]
 [ 0.   0.   0.5  0.  -0.5  0.5]
 [ 0.   0.   0.5  0.   0.5  0.5]
 [ 0.   0.5  0.  -0.5  0.5  0. ]
 [ 0.   0.5  0.   0.5  0.5  0. ]
 [ 0.5  0.   0.   0.5  0.  -0.5]
 [ 0.5  0.   0.   0.5  0.   0.5]]
Slicing  [-4.5 -3.  -1. ]  to  [-4.5 -3.  -1.5]
Slicing  [-4.5 -3.  -1. ]  to  [-4.5 -3.  -0.5]
Slicing  [-4.  -3.5 -1. ]  to  [-4.5 -3.5 -1. ]
Slicing  [-4.  -3.5 -1. ]  to  [-3.5 -3.5 -1. ]
Slicing  [-4.  -3.  -1.5]  to  [-4.  -3.5 -1.5]
Slicing  [-4.  -3.  -1.5]  to  [-4.  -2.5 -1.5]
Slicing  [-4.  -3.  -0.5]  to  [-4.  -3.5 -0.5]
Slicing  [-4.  -3.  -0.5]  to  [-4.  -2.5 -0.5]
Slicing  [-4.  -2.5 -1. ]  to  [-4.5 -2.5 -1. ]
Slicing  [-4.  -2.5 -1. ]  to  [-3.5 -2.5 -1. ]
Slicing  [-3.5 -3.  -1. ]  to  [-3.5 -3.  -1.5]
Slicing  [-3.5 -3.  -1. ]  to  [-3.5 -3.  -0.5]
Processing BZ [-4 -3 -1], path segments from M to Gamma

12 symmetrically equivalent path segments
[[-0.5 -0.5  0.   0.   0.   0. ]
 [-0.5  0.  -0.5  0.   0.   0. ]
 [-0.5  0.   0.5  0.   0.   0. ]
 [-0.5  0.5  0.   0.   0.   0. ]
 [ 0.  -0.5 -0.5  0.   0.   0. ]
 [ 0.  -0.5  0.5  0.   0.   0. ]
 [ 0.   0.5 -0.5  0.   0.   0. ]
 [ 0.   0.5  0.5  0.   0.   0. ]
 [ 0.5 -0.5  0.   0.   0.   0. ]
 [ 0.5  0.  -0.5  0.   0.   0. ]
 [ 0.5  0.   0.5  0.   0.   0. ]
 [ 0.5  0.5  0.   0.   0.   0. ]]
Slicing  [-4.5 -3.5 -1. ]  to  [-4. -3. -1.]
Slicing  [-4.5 -3.  -1.5]  to  [-4. -3. -1.]
Slicing  [-4.5 -3.  -0.5]  to  [-4. -3. -1.]
Slicing  [-4.5 -2.5 -1. ]  to  [-4. -3. -1.]
Slicing  [-4.  -3.5 -1.5]  to  [-4. -3. -1.]
Slicing  [-4.  -3.5 -0.5]  to  [-4. -3. -1.]
Slicing  [-4.  -2.5 -1.5]  to  [-4. -3. -1.]
Slicing  [-4.  -2.5 -0.5]  to  [-4. -3. -1.]
Slicing  [-3.5 -3.5 -1. ]  to  [-4. -3. -1.]
Slicing  [-3.5 -3.  -1.5]  to  [-4. -3. -1.]
Slicing  [-3.5 -3.  -0.5]  to  [-4. -3. -1.]
Slicing  [-3.5 -2.5 -1. ]  to  [-4. -3. -1.]
Processing BZ [-4 -3 -1], path segments from Gamma to R

4 symmetrically equivalent path segments
[[ 0.   0.   0.  -0.5 -0.5  0.5]
 [ 0.   0.   0.  -0.5  0.5 -0.5]
 [ 0.   0.   0.   0.5 -0.5 -0.5]
 [ 0.   0.   0.   0.5  0.5  0.5]]
Slicing  [-4. -3. -1.]  to  [-4.5 -3.5 -0.5]
Slicing  [-4. -3. -1.]  to  [-4.5 -2.5 -1.5]


Processed: 1964/4462 (44.02%) | Elapsed: 02:11:05 | BZ Folding estimated remaining time: 02:46:43


Slicing  [-4. -3. -1.]  to  [-3.5 -3.5 -1.5]
Slicing  [-4. -3. -1.]  to  [-3.5 -2.5 -0.5]
Processing BZ [-4 -3 -1], path segments from R to X

12 symmetrically equivalent path segments
[[-0.5 -0.5  0.5 -0.5  0.   0. ]
 [-0.5 -0.5  0.5  0.  -0.5  0. ]
 [-0.5 -0.5  0.5  0.   0.   0.5]
 [-0.5  0.5 -0.5 -0.5  0.   0. ]
 [-0.5  0.5 -0.5  0.   0.  -0.5]
 [-0.5  0.5 -0.5  0.   0.5  0. ]
 [ 0.5 -0.5 -0.5  0.  -0.5  0. ]
 [ 0.5 -0.5 -0.5  0.   0.  -0.5]
 [ 0.5 -0.5 -0.5  0.5  0.   0. ]
 [ 0.5  0.5  0.5  0.   0.   0.5]
 [ 0.5  0.5  0.5  0.   0.5  0. ]
 [ 0.5  0.5  0.5  0.5  0.   0. ]]
Slicing  [-4.5 -3.5 -0.5]  to  [-4.5 -3.  -1. ]
Slicing  [-4.5 -3.5 -0.5]  to  [-4.  -3.5 -1. ]
Slicing  [-4.5 -3.5 -0.5]  to  [-4.  -3.  -0.5]
Slicing  [-4.5 -2.5 -1.5]  to  [-4.5 -3.  -1. ]
Slicing  [-4.5 -2.5 -1.5]  to  [-4.  -3.  -1.5]
Slicing  [-4.5 -2.5 -1.5]  to  [-4.  -2.5 -1. ]
Slicing  [-3.5 -3.5 -1.5]  to  [-4.  -3.5 -1. ]
Slicing  [-3.5 -3.5 -1.5]  to  [-4.  -3.  -1.5]
Slicing  [-3.5 -3.5 -1.5]  to  [-3.5 -3.  -1. ]
Slicing  [-3.5 -2.5 -0.5]  to  [-4.  -3.  -0.5]
Slicing  [-3.5 -2.5 -0.5]  to  [-4.  -2.5 -1. ]
Slicing  [-3.5 -2.5 -0.5]  to  [-3.5 -3.  -1. ]

Generating Report for BZ [-4 -3 -1]

Combining all 42 BZ

BZ [-4 -3 -1] done. Total time elapsed 02:12:50
Processing BZ [-3 -4 -1], path segments from Gamma to X

6 symmetrically equivalent path segments
[[ 0.   0.   0.  -0.5  0.   0. ]
 [ 0.   0.   0.   0.  -0.5  0. ]
 [ 0.   0.   0.   0.   0.  -0.5]
 [ 0.   0.   0.   0.   0.   0.5]
 [ 0.   0.   0.   0.   0.5  0. ]
 [ 0.   0.   0.   0.5  0.   0. ]]
Slicing  [-3. -4. -1.]  to  [-3.5 -4.  -1. ]
Slicing  [-3. -4. -1.]  to  [-3.  -4.5 -1. ]
Slicing  [-3. -4. -1.]  to  [-3.  -4.  -1.5]
Slicing  [-3. -4. -1.]  to  [-3.  -4.  -0.5]
Slicing  [-3. -4. -1.]  to  [-3.  -3.5 -1. ]
Slicing  [-3. -4. -1.]  to  [-2.5 -4.  -1. ]
Processing BZ [-3 -4 -1], path segments from X to M

12 symmetrically equivalent path segments
[[-0.5  0.   0.  -0.5  0.  -0.5]
 [-0.5  0.   0.  -0.5  0.   0.5]
 [ 0.  -0.5  0.  -0.5 -0.5  0. ]
 [ 0.  -0.5  0.   0.5 -0.5  0. ]
 [ 0.   0.  -0.5  0.  -0.5 -0.5]
 [ 0.   0.  -0.5  0.   0.5 -0.5]
 [ 0.   0.   0.5  0.  -0.5  0.5]
 [ 0.   0.   0.5  0.   0.5  0.5]
 [ 0.   0.5  0.  -0.5  0.5  0. ]
 [ 0.   0.5  0.   0.5  0.5  0. ]
 [ 0.5  0.   0.   0.5  0.  -0.5]
 [ 0.5  0.   0.   0.5  0.   0.5]]
Slicing  [-3.5 -4.  -1. ]  to  [-3.5 -4.  -1.5]
Slicing  [-3.5 -4.  -1. ]  to  [-3.5 -4.  -0.5]
Slicing  [-3.  -4.5 -1. ]  to  [-3.5 -4.5 -1. ]
Slicing  [-3.  -4.5 -1. ]  to  [-2.5 -4.5 -1. ]
Slicing  [-3.  -4.  -1.5]  to  [-3.  -4.5 -1.5]
Slicing  [-3.  -4.  -1.5]  to  [-3.  -3.5 -1.5]
Slicing  [-3.  -4.  -0.5]  to  [-3.  -4.5 -0.5]
Slicing  [-3.  -4.  -0.5]  to  [-3.  -3.5 -0.5]
Slicing  [-3.  -3.5 -1. ]  to  [-3.5 -3.5 -1. ]
Slicing  [-3.  -3.5 -1. ]  to  [-2.5 -3.5 -1. ]
Slicing  [-2.5 -4.  -1. ]  to  [-2.5 -4.  -1.5]
Slicing  [-2.5 -4.  -1. ]  to  [-2.5 -4.  -0.5]
Processing BZ [-3 -4 -1], path segments from M to Gamma

12 symmetrically equivalent path segments
[[-0.5 -0.5  0.   0.   0.   0. ]
 [-0.5  0.  -0.5  0.   0.   0. ]
 [-0.5  0.   0.5  0.   0.   0. ]
 [-0.5  0.5  0.   0.   0.   0. ]
 [ 0.  -0.5 -0.5  0.   0.   0. ]
 [ 0.  -0.5  0.5  0.   0.   0. ]
 [ 0.   0.5 -0.5  0.   0.   0. ]
 [ 0.   0.5  0.5  0.   0.   0. ]
 [ 0.5 -0.5  0.   0.   0.   0. ]
 [ 0.5  0.  -0.5  0.   0.   0. ]
 [ 0.5  0.   0.5  0.   0.   0. ]
 [ 0.5  0.5  0.   0.   0.   0. ]]
Slicing  [-3.5 -4.5 -1. ]  to  [-3. -4. -1.]
Slicing  [-3.5 -4.  -1.5]  to  [-3. -4. -1.]
Slicing  [-3.5 -4.  -0.5]  to  [-3. -4. -1.]
Slicing  [-3.5 -3.5 -1. ]  to  [-3. -4. -1.]
Slicing  [-3.  -4.5 -1.5]  to  [-3. -4. -1.]
Slicing  [-3.  -4.5 -0.5]  to  [-3. -4. -1.]
Slicing  [-3.  -3.5 -1.5]  to  [-3. -4. -1.]
Slicing  [-3.  -3.5 -0.5]  to  [-3. -4. -1.]
Slicing  [-2.5 -4.5 -1. ]  to  [-3. -4. -1.]
Slicing  [-2.5 -4.  -1.5]  to  [-3. -4. -1.]
Slicing  [-2.5 -4.  -0.5]  to  [-3. -4. -1.]
Slicing  [-2.5 -3.5 -1. ]  to  [-3. -4. -1.]
Processing BZ [-3 -4 -1], path segments from Gamma to R

4 symmetrically equivalent path segments
[[ 0.   0.   0.  -0.5 -0.5  0.5]
 [ 0.   0.   0.  -0.5  0.5 -0.5]
 [ 0.   0.   0.   0.5 -0.5 -0.5]
 [ 0.   0.   0.   0.5  0.5  0.5]]
Slicing  [-3. -4. -1.]  to  [-3.5 -4.5 -0.5]
Slicing  [-3. -4. -1.]  to  [-3.5 -3.5 -1.5]
Slicing  [-3. -4. -1.]  to  [-2.5 -4.5 -1.5]
Slicing  [-3. -4. -1.]  to  [-2.5 -3.5 -0.5]
Processing BZ [-3 -4 -1], path segments from R to X

12 symmetrically equivalent path segments
[[-0.5 -0.5  0.5 -0.5  0.   0. ]
 [-0.5 -0.5  0.5  0.  -0.5  0. ]
 [-0.5 -0.5  0.5  0.   0.   0.5]
 [-0.5  0.5 -0.5 -0.5  0.   0. ]
 [-0.5  0.5 -0.5  0.   0.  -0.5]
 [-0.5  0.5 -0.5  0.   0.5  0. ]
 [ 0.5 -0.5 -0.5  0.  -0.5  0. ]
 [ 0.5 -0.5 -0.5  0.   0.  -0.5]
 [ 0.5 -0.5 -0.5  0.5  0.   0. ]
 [ 0.5  0.5  0.5  0.   0.   0.5]
 [ 0.5  0.5  0.5  0.   0.5  0. ]
 [ 0.5  0.5  0.5  0.5  0.   0. ]]
Slicing  [-3.5 -4.5 -0.5]  to  [-3.5 -4.  -1. ]
Slicing  [-3.5 -4.5 -0.5]  to  [-3.  -4.5 -1. ]
Slicing  [-3.5 -4.5 -0.5]  to  [-3.  -4.  -0.5]
Slicing  [-3.5 -3.5 -1.5]  to  [-3.5 -4.  -1. ]
Slicing  [-3.5 -3.5 -1.5]  to  [-3.  -4.  -1.5]
Slicing  [-3.5 -3.5 -1.5]  to  [-3.  -3.5 -1. ]
Slicing  [-2.5 -4.5 -1.5]  to  [-3.  -4.5 -1. ]
Slicing  [-2.5 -4.5 -1.5]  to  [-3.  -4.  -1.5]
Slicing  [-2.5 -4.5 -1.5]  to  [-2.5 -4.  -1. ]
Slicing  [-2.5 -3.5 -0.5]  to  [-3.  -4.  -0.5]
Slicing  [-2.5 -3.5 -0.5]  to  [-3.  -3.5 -1. ]
Slicing  [-2.5 -3.5 -0.5]  to  [-2.5 -4.  -1. ]

Generating Report for BZ [-3 -4 -1]

Combining all 43 BZ

BZ [-3 -4 -1] done. Total time elapsed 02:16:02
Processing BZ [-2 -4  1], path segments from Gamma to X

6 symmetrically equivalent path segments
[[ 0.   0.   0.  -0.5  0.   0. ]
 [ 0.   0.   0.   0.  -0.5  0. ]
 [ 0.   0.   0.   0.   0.  -0.5]
 [ 0.   0.   0.   0.   0.   0.5]
 [ 0.   0.   0.   0.   0.5  0. ]
 [ 0.   0.   0.   0.5  0.   0. ]]
Slicing  [-2. -4.  1.]  to  [-2.5 -4.   1. ]
Slicing  [-2. -4.  1.]  to  [-2.  -4.5  1. ]
Slicing  [-2. -4.  1.]  to  [-2.  -4.   0.5]
Slicing  [-2. -4.  1.]  to  [-2.  -4.   1.5]
Slicing  [-2. -4.  1.]  to  [-2.  -3.5  1. ]
Slicing  [-2. -4.  1.]  to  [-1.5 -4.   1. ]
Processing BZ [-2 -4  1], path segments from X to M

12 symmetrically equivalent path segments
[[-0.5  0.   0.  -0.5  0.  -0.5]
 [-0.5  0.   0.  -0.5  0.   0.5]
 [ 0.  -0.5  0.  -0.5 -0.5  0. ]
 [ 0.  -0.5  0.   0.5 -0.5  0. ]
 [ 0.   0.  -0.5  0.  -0.5 -0.5]
 [ 0.   0.  -0.5  0.   0.5 -0.5]
 [ 0.   0.   0.5  0.  -0.5  0.5]
 [ 0.   0.   0.5  0.   0.5  0.5]
 [ 0.   0.5  0.  -0.5  0.5  0. ]
 [ 0.   0.5  0.   0.5  0.5  0. ]
 [ 0.5  0.   0.   0.5  0.  -0.5]
 [ 0.5  0.   0.   0.5  0.   0.5]]
Slicing  [-2.5 -4.   1. ]  to  [-2.5 -4.   0.5]
Slicing  [-2.5 -4.   1. ]  to  [-2.5 -4.   1.5]
Slicing  [-2.  -4.5  1. ]  to  [-2.5 -4.5  1. ]
Slicing  [-2.  -4.5  1. ]  to  [-1.5 -4.5  1. ]
Slicing  [-2.  -4.   0.5]  to  [-2.  -4.5  0.5]
Slicing  [-2.  -4.   0.5]  to  [-2.  -3.5  0.5]
Slicing  [-2.  -4.   1.5]  to  [-2.  -4.5  1.5]
Slicing  [-2.  -4.   1.5]  to  [-2.  -3.5  1.5]
Slicing  [-2.  -3.5  1. ]  to  [-2.5 -3.5  1. ]
Slicing  [-2.  -3.5  1. ]  to  [-1.5 -3.5  1. ]
Slicing  [-1.5 -4.   1. ]  to  [-1.5 -4.   0.5]
Slicing  [-1.5 -4.   1. ]  to  [-1.5 -4.   1.5]
Processing BZ [-2 -4  1], path segments from M to Gamma

12 symmetrically equivalent path segments
[[-0.5 -0.5  0.   0.   0.   0. ]
 [-0.5  0.  -0.5  0.   0.   0. ]
 [-0.5  0.   0.5  0.   0.   0. ]
 [-0.5  0.5  0.   0.   0.   0. ]
 [ 0.  -0.5 -0.5  0.   0.   0. ]
 [ 0.  -0.5  0.5  0.   0.   0. ]
 [ 0.   0.5 -0.5  0.   0.   0. ]
 [ 0.   0.5  0.5  0.   0.   0. ]
 [ 0.5 -0.5  0.   0.   0.   0. ]
 [ 0.5  0.  -0.5  0.   0.   0. ]
 [ 0.5  0.   0.5  0.   0.   0. ]
 [ 0.5  0.5  0.   0.   0.   0. ]]
Slicing  [-2.5 -4.5  1. ]  to  [-2. -4.  1.]
Slicing  [-2.5 -4.   0.5]  to  [-2. -4.  1.]
Slicing  [-2.5 -4.   1.5]  to  [-2. -4.  1.]
Slicing  [-2.5 -3.5  1. ]  to  [-2. -4.  1.]
Slicing  [-2.  -4.5  0.5]  to  [-2. -4.  1.]
Slicing  [-2.  -4.5  1.5]  to  [-2. -4.  1.]
Slicing  [-2.  -3.5  0.5]  to  [-2. -4.  1.]
Slicing  [-2.  -3.5  1.5]  to  [-2. -4.  1.]
Slicing  [-1.5 -4.5  1. ]  to  [-2. -4.  1.]
Slicing  [-1.5 -4.   0.5]  to  [-2. -4.  1.]
Slicing  [-1.5 -4.   1.5]  to  [-2. -4.  1.]


Processed: 2053/4462 (46.01%) | Elapsed: 02:17:22 | BZ Folding estimated remaining time: 02:41:12


Slicing  [-1.5 -3.5  1. ]  to  [-2. -4.  1.]
Processing BZ [-2 -4  1], path segments from Gamma to R

4 symmetrically equivalent path segments
[[ 0.   0.   0.  -0.5 -0.5  0.5]
 [ 0.   0.   0.  -0.5  0.5 -0.5]
 [ 0.   0.   0.   0.5 -0.5 -0.5]
 [ 0.   0.   0.   0.5  0.5  0.5]]
Slicing  [-2. -4.  1.]  to  [-2.5 -4.5  1.5]
Slicing  [-2. -4.  1.]  to  [-2.5 -3.5  0.5]
Slicing  [-2. -4.  1.]  to  [-1.5 -4.5  0.5]
Slicing  [-2. -4.  1.]  to  [-1.5 -3.5  1.5]
Processing BZ [-2 -4  1], path segments from R to X

12 symmetrically equivalent path segments
[[-0.5 -0.5  0.5 -0.5  0.   0. ]
 [-0.5 -0.5  0.5  0.  -0.5  0. ]
 [-0.5 -0.5  0.5  0.   0.   0.5]
 [-0.5  0.5 -0.5 -0.5  0.   0. ]
 [-0.5  0.5 -0.5  0.   0.  -0.5]
 [-0.5  0.5 -0.5  0.   0.5  0. ]
 [ 0.5 -0.5 -0.5  0.  -0.5  0. ]
 [ 0.5 -0.5 -0.5  0.   0.  -0.5]
 [ 0.5 -0.5 -0.5  0.5  0.   0. ]
 [ 0.5  0.5  0.5  0.   0.   0.5]
 [ 0.5  0.5  0.5  0.   0.5  0. ]
 [ 0.5  0.5  0.5  0.5  0.   0. ]]
Slicing  [-2.5 -4.5  1.5]  to  [-2.5 -4.   1. ]
Slicing  [-2.5 -4.5  1.5]  to  [-2.  -4.5  1. ]
Slicing  [-2.5 -4.5  1.5]  to  [-2.  -4.   1.5]
Slicing  [-2.5 -3.5  0.5]  to  [-2.5 -4.   1. ]
Slicing  [-2.5 -3.5  0.5]  to  [-2.  -4.   0.5]
Slicing  [-2.5 -3.5  0.5]  to  [-2.  -3.5  1. ]
Slicing  [-1.5 -4.5  0.5]  to  [-2.  -4.5  1. ]
Slicing  [-1.5 -4.5  0.5]  to  [-2.  -4.   0.5]
Slicing  [-1.5 -4.5  0.5]  to  [-1.5 -4.   1. ]
Slicing  [-1.5 -3.5  1.5]  to  [-2.  -4.   1.5]
Slicing  [-1.5 -3.5  1.5]  to  [-2.  -3.5  1. ]
Slicing  [-1.5 -3.5  1.5]  to  [-1.5 -4.   1. ]

Generating Report for BZ [-2 -4  1]

Combining all 44 BZ

BZ [-2 -4  1] done. Total time elapsed 02:19:19
Processing BZ [-4 -2  0], path segments from Gamma to X

6 symmetrically equivalent path segments
[[ 0.   0.   0.  -0.5  0.   0. ]
 [ 0.   0.   0.   0.  -0.5  0. ]
 [ 0.   0.   0.   0.   0.  -0.5]
 [ 0.   0.   0.   0.   0.   0.5]
 [ 0.   0.   0.   0.   0.5  0. ]
 [ 0.   0.   0.   0.5  0.   0. ]]
Slicing  [-4. -2.  0.]  to  [-4.5 -2.   0. ]
Slicing  [-4. -2.  0.]  to  [-4.  -2.5  0. ]
Slicing  [-4. -2.  0.]  to  [-4.  -2.  -0.5]
Slicing  [-4. -2.  0.]  to  [-4.  -2.   0.5]
Slicing  [-4. -2.  0.]  to  [-4.  -1.5  0. ]
Slicing  [-4. -2.  0.]  to  [-3.5 -2.   0. ]
Processing BZ [-4 -2  0], path segments from X to M

12 symmetrically equivalent path segments
[[-0.5  0.   0.  -0.5  0.  -0.5]
 [-0.5  0.   0.  -0.5  0.   0.5]
 [ 0.  -0.5  0.  -0.5 -0.5  0. ]
 [ 0.  -0.5  0.   0.5 -0.5  0. ]
 [ 0.   0.  -0.5  0.  -0.5 -0.5]
 [ 0.   0.  -0.5  0.   0.5 -0.5]
 [ 0.   0.   0.5  0.  -0.5  0.5]
 [ 0.   0.   0.5  0.   0.5  0.5]
 [ 0.   0.5  0.  -0.5  0.5  0. ]
 [ 0.   0.5  0.   0.5  0.5  0. ]
 [ 0.5  0.   0.   0.5  0.  -0.5]
 [ 0.5  0.   0.   0.5  0.   0.5]]
Slicing  [-4.5 -2.   0. ]  to  [-4.5 -2.  -0.5]
Slicing  [-4.5 -2.   0. ]  to  [-4.5 -2.   0.5]
Slicing  [-4.  -2.5  0. ]  to  [-4.5 -2.5  0. ]
Slicing  [-4.  -2.5  0. ]  to  [-3.5 -2.5  0. ]
Slicing  [-4.  -2.  -0.5]  to  [-4.  -2.5 -0.5]
Slicing  [-4.  -2.  -0.5]  to  [-4.  -1.5 -0.5]
Slicing  [-4.  -2.   0.5]  to  [-4.  -2.5  0.5]
Slicing  [-4.  -2.   0.5]  to  [-4.  -1.5  0.5]
Slicing  [-4.  -1.5  0. ]  to  [-4.5 -1.5  0. ]
Slicing  [-4.  -1.5  0. ]  to  [-3.5 -1.5  0. ]
Slicing  [-3.5 -2.   0. ]  to  [-3.5 -2.  -0.5]
Slicing  [-3.5 -2.   0. ]  to  [-3.5 -2.   0.5]
Processing BZ [-4 -2  0], path segments from M to Gamma

12 symmetrically equivalent path segments
[[-0.5 -0.5  0.   0.   0.   0. ]
 [-0.5  0.  -0.5  0.   0.   0. ]
 [-0.5  0.   0.5  0.   0.   0. ]
 [-0.5  0.5  0.   0.   0.   0. ]
 [ 0.  -0.5 -0.5  0.   0.   0. ]
 [ 0.  -0.5  0.5  0.   0.   0. ]
 [ 0.   0.5 -0.5  0.   0.   0. ]
 [ 0.   0.5  0.5  0.   0.   0. ]
 [ 0.5 -0.5  0.   0.   0.   0. ]
 [ 0.5  0.  -0.5  0.   0.   0. ]
 [ 0.5  0.   0.5  0.   0.   0. ]
 [ 0.5  0.5  0.   0.   0.   0. ]]
Slicing  [-4.5 -2.5  0. ]  to  [-4. -2.  0.]
Slicing  [-4.5 -2.  -0.5]  to  [-4. -2.  0.]
Slicing  [-4.5 -2.   0.5]  to  [-4. -2.  0.]
Slicing  [-4.5 -1.5  0. ]  to  [-4. -2.  0.]
Slicing  [-4.  -2.5 -0.5]  to  [-4. -2.  0.]
Slicing  [-4.  -2.5  0.5]  to  [-4. -2.  0.]
Slicing  [-4.  -1.5 -0.5]  to  [-4. -2.  0.]
Slicing  [-4.  -1.5  0.5]  to  [-4. -2.  0.]
Slicing  [-3.5 -2.5  0. ]  to  [-4. -2.  0.]
Slicing  [-3.5 -2.  -0.5]  to  [-4. -2.  0.]
Slicing  [-3.5 -2.   0.5]  to  [-4. -2.  0.]
Slicing  [-3.5 -1.5  0. ]  to  [-4. -2.  0.]
Processing BZ [-4 -2  0], path segments from Gamma to R

4 symmetrically equivalent path segments
[[ 0.   0.   0.  -0.5 -0.5  0.5]
 [ 0.   0.   0.  -0.5  0.5 -0.5]
 [ 0.   0.   0.   0.5 -0.5 -0.5]
 [ 0.   0.   0.   0.5  0.5  0.5]]
Slicing  [-4. -2.  0.]  to  [-4.5 -2.5  0.5]
Slicing  [-4. -2.  0.]  to  [-4.5 -1.5 -0.5]
Slicing  [-4. -2.  0.]  to  [-3.5 -2.5 -0.5]
Slicing  [-4. -2.  0.]  to  [-3.5 -1.5  0.5]
Processing BZ [-4 -2  0], path segments from R to X

12 symmetrically equivalent path segments
[[-0.5 -0.5  0.5 -0.5  0.   0. ]
 [-0.5 -0.5  0.5  0.  -0.5  0. ]
 [-0.5 -0.5  0.5  0.   0.   0.5]
 [-0.5  0.5 -0.5 -0.5  0.   0. ]
 [-0.5  0.5 -0.5  0.   0.  -0.5]
 [-0.5  0.5 -0.5  0.   0.5  0. ]
 [ 0.5 -0.5 -0.5  0.  -0.5  0. ]
 [ 0.5 -0.5 -0.5  0.   0.  -0.5]
 [ 0.5 -0.5 -0.5  0.5  0.   0. ]
 [ 0.5  0.5  0.5  0.   0.   0.5]
 [ 0.5  0.5  0.5  0.   0.5  0. ]
 [ 0.5  0.5  0.5  0.5  0.   0. ]]
Slicing  [-4.5 -2.5  0.5]  to  [-4.5 -2.   0. ]
Slicing  [-4.5 -2.5  0.5]  to  [-4.  -2.5  0. ]
Slicing  [-4.5 -2.5  0.5]  to  [-4.  -2.   0.5]
Slicing  [-4.5 -1.5 -0.5]  to  [-4.5 -2.   0. ]
Slicing  [-4.5 -1.5 -0.5]  to  [-4.  -2.  -0.5]
Slicing  [-4.5 -1.5 -0.5]  to  [-4.  -1.5  0. ]
Slicing  [-3.5 -2.5 -0.5]  to  [-4.  -2.5  0. ]
Slicing  [-3.5 -2.5 -0.5]  to  [-4.  -2.  -0.5]
Slicing  [-3.5 -2.5 -0.5]  to  [-3.5 -2.   0. ]
Slicing  [-3.5 -1.5  0.5]  to  [-4.  -2.   0.5]
Slicing  [-3.5 -1.5  0.5]  to  [-4.  -1.5  0. ]
Slicing  [-3.5 -1.5  0.5]  to  [-3.5 -2.   0. ]

Generating Report for BZ [-4 -2  0]

Combining all 45 BZ

BZ [-4 -2  0] done. Total time elapsed 02:22:23
Processing BZ [ 0 -2  0], path segments from Gamma to X

6 symmetrically equivalent path segments
[[ 0.   0.   0.  -0.5  0.   0. ]
 [ 0.   0.   0.   0.  -0.5  0. ]
 [ 0.   0.   0.   0.   0.  -0.5]
 [ 0.   0.   0.   0.   0.   0.5]
 [ 0.   0.   0.   0.   0.5  0. ]
 [ 0.   0.   0.   0.5  0.   0. ]]
Slicing  [ 0. -2.  0.]  to  [-0.5 -2.   0. ]
Slicing  [ 0. -2.  0.]  to  [ 0.  -2.5  0. ]
Slicing  [ 0. -2.  0.]  to  [ 0.  -2.  -0.5]
Slicing  [ 0. -2.  0.]  to  [ 0.  -2.   0.5]
Slicing  [ 0. -2.  0.]  to  [ 0.  -1.5  0. ]
Slicing  [ 0. -2.  0.]  to  [ 0.5 -2.   0. ]
Processing BZ [ 0 -2  0], path segments from X to M

12 symmetrically equivalent path segments
[[-0.5  0.   0.  -0.5  0.  -0.5]
 [-0.5  0.   0.  -0.5  0.   0.5]
 [ 0.  -0.5  0.  -0.5 -0.5  0. ]
 [ 0.  -0.5  0.   0.5 -0.5  0. ]
 [ 0.   0.  -0.5  0.  -0.5 -0.5]
 [ 0.   0.  -0.5  0.   0.5 -0.5]
 [ 0.   0.   0.5  0.  -0.5  0.5]
 [ 0.   0.   0.5  0.   0.5  0.5]
 [ 0.   0.5  0.  -0.5  0.5  0. ]
 [ 0.   0.5  0.   0.5  0.5  0. ]
 [ 0.5  0.   0.   0.5  0.  -0.5]
 [ 0.5  0.   0.   0.5  0.   0.5]]
Slicing  [-0.5 -2.   0. ]  to  [-0.5 -2.  -0.5]
Slicing  [-0.5 -2.   0. ]  to  [-0.5 -2.   0.5]
Slicing  [ 0.  -2.5  0. ]  to  [-0.5 -2.5  0. ]
Slicing  [ 0.  -2.5  0. ]  to  [ 0.5 -2.5  0. ]
Slicing  [ 0.  -2.  -0.5]  to  [ 0.  -2.5 -0.5]
Slicing  [ 0.  -2.  -0.5]  to  [ 0.  -1.5 -0.5]
Slicing  [ 0.  -2.   0.5]  to  [ 0.  -2.5  0.5]
Slicing  [ 0.  -2.   0.5]  to  [ 0.  -1.5  0.5]
Slicing  [ 0.  -1.5  0. ]  to  [-0.5 -1.5  0. ]
Slicing  [ 0.  -1.5  0. ]  to  [ 0.5 -1.5  0. ]
Slicing  [ 0.5 -2.   0. ]  to  [ 0.5 -2.  -0.5]
Slicing  [ 0.5 -2.   0. ]  to  [ 0.5 -2.   0.5]
Processing BZ [ 0 -2  0], path segments from M to Gamma

12 symmetrically equivalent path segments
[[-0.5 -0.5  0.   0.   0.   0. ]
 [-0.5  0.  -0.5  0.   0.   0. ]
 [-0.5  0.   0.5  0.   0.   0. ]
 [-0.5  0.5  0.   0.   0.   0. ]
 [ 0.  -0.5 -0.5  0.   0.   0. ]
 [ 0.  -0.5  0.5  0.   0.   0. ]
 [ 0.   0.5 -0.5  0.   0.   0. ]
 [ 0.   0.5  0.5  0.   0.   0. ]
 [ 0.5 -0.5  0.   0.   0.   0. ]
 [ 0.5  0.  -0.5  0.   0.   0. ]
 [ 0.5  0.   0.5  0.   0.   0. ]
 [ 0.5  0.5  0.   0.   0.   0. ]]
Slicing  [-0.5 -2.5  0. ]  to  [ 0. -2.  0.]
Slicing  [-0.5 -2.  -0.5]  to  [ 0. -2.  0.]
Slicing  [-0.5 -2.   0.5]  to  [ 0. -2.  0.]
Slicing  [-0.5 -1.5  0. ]  to  [ 0. -2.  0.]
Slicing  [ 0.  -2.5 -0.5]  to  [ 0. -2.  0.]
Slicing  [ 0.  -2.5  0.5]  to  [ 0. -2.  0.]
Slicing  [ 0.  -1.5 -0.5]  to  [ 0. -2.  0.]
Slicing  [ 0.  -1.5  0.5]  to  [ 0. -2.  0.]


Processed: 2142/4462 (48.01%) | Elapsed: 02:23:45 | BZ Folding estimated remaining time: 02:35:42


Slicing  [ 0.5 -2.5  0. ]  to  [ 0. -2.  0.]
Slicing  [ 0.5 -2.  -0.5]  to  [ 0. -2.  0.]
Slicing  [ 0.5 -2.   0.5]  to  [ 0. -2.  0.]
Slicing  [ 0.5 -1.5  0. ]  to  [ 0. -2.  0.]
Processing BZ [ 0 -2  0], path segments from Gamma to R

4 symmetrically equivalent path segments
[[ 0.   0.   0.  -0.5 -0.5  0.5]
 [ 0.   0.   0.  -0.5  0.5 -0.5]
 [ 0.   0.   0.   0.5 -0.5 -0.5]
 [ 0.   0.   0.   0.5  0.5  0.5]]
Slicing  [ 0. -2.  0.]  to  [-0.5 -2.5  0.5]
Slicing  [ 0. -2.  0.]  to  [-0.5 -1.5 -0.5]
Slicing  [ 0. -2.  0.]  to  [ 0.5 -2.5 -0.5]
Slicing  [ 0. -2.  0.]  to  [ 0.5 -1.5  0.5]
Processing BZ [ 0 -2  0], path segments from R to X

12 symmetrically equivalent path segments
[[-0.5 -0.5  0.5 -0.5  0.   0. ]
 [-0.5 -0.5  0.5  0.  -0.5  0. ]
 [-0.5 -0.5  0.5  0.   0.   0.5]
 [-0.5  0.5 -0.5 -0.5  0.   0. ]
 [-0.5  0.5 -0.5  0.   0.  -0.5]
 [-0.5  0.5 -0.5  0.   0.5  0. ]
 [ 0.5 -0.5 -0.5  0.  -0.5  0. ]
 [ 0.5 -0.5 -0.5  0.   0.  -0.5]
 [ 0.5 -0.5 -0.5  0.5  0.   0. ]
 [ 0.5  0.5  0.5  0.   0.   0.5]
 [ 0.5  0.5  0.5  0.   0.5  0. ]
 [ 0.5  0.5  0.5  0.5  0.   0. ]]
Slicing  [-0.5 -2.5  0.5]  to  [-0.5 -2.   0. ]
Slicing  [-0.5 -2.5  0.5]  to  [ 0.  -2.5  0. ]
Slicing  [-0.5 -2.5  0.5]  to  [ 0.  -2.   0.5]
Slicing  [-0.5 -1.5 -0.5]  to  [-0.5 -2.   0. ]
Slicing  [-0.5 -1.5 -0.5]  to  [ 0.  -2.  -0.5]
Slicing  [-0.5 -1.5 -0.5]  to  [ 0.  -1.5  0. ]
Slicing  [ 0.5 -2.5 -0.5]  to  [ 0.  -2.5  0. ]
Slicing  [ 0.5 -2.5 -0.5]  to  [ 0.  -2.  -0.5]
Slicing  [ 0.5 -2.5 -0.5]  to  [ 0.5 -2.   0. ]
Slicing  [ 0.5 -1.5  0.5]  to  [ 0.  -2.   0.5]
Slicing  [ 0.5 -1.5  0.5]  to  [ 0.  -1.5  0. ]
Slicing  [ 0.5 -1.5  0.5]  to  [ 0.5 -2.   0. ]

Generating Report for BZ [ 0 -2  0]

Combining all 46 BZ

BZ [ 0 -2  0] done. Total time elapsed 02:25:50
Processing BZ [-3 -3  3], path segments from Gamma to X

6 symmetrically equivalent path segments
[[ 0.   0.   0.  -0.5  0.   0. ]
 [ 0.   0.   0.   0.  -0.5  0. ]
 [ 0.   0.   0.   0.   0.  -0.5]
 [ 0.   0.   0.   0.   0.   0.5]
 [ 0.   0.   0.   0.   0.5  0. ]
 [ 0.   0.   0.   0.5  0.   0. ]]
Slicing  [-3. -3.  3.]  to  [-3.5 -3.   3. ]
Slicing  [-3. -3.  3.]  to  [-3.  -3.5  3. ]
Slicing  [-3. -3.  3.]  to  [-3.  -3.   2.5]
Slicing  [-3. -3.  3.]  to  [-3.  -3.   3.5]
Slicing  [-3. -3.  3.]  to  [-3.  -2.5  3. ]
Slicing  [-3. -3.  3.]  to  [-2.5 -3.   3. ]
Processing BZ [-3 -3  3], path segments from X to M

12 symmetrically equivalent path segments
[[-0.5  0.   0.  -0.5  0.  -0.5]
 [-0.5  0.   0.  -0.5  0.   0.5]
 [ 0.  -0.5  0.  -0.5 -0.5  0. ]
 [ 0.  -0.5  0.   0.5 -0.5  0. ]
 [ 0.   0.  -0.5  0.  -0.5 -0.5]
 [ 0.   0.  -0.5  0.   0.5 -0.5]
 [ 0.   0.   0.5  0.  -0.5  0.5]
 [ 0.   0.   0.5  0.   0.5  0.5]
 [ 0.   0.5  0.  -0.5  0.5  0. ]
 [ 0.   0.5  0.   0.5  0.5  0. ]
 [ 0.5  0.   0.   0.5  0.  -0.5]
 [ 0.5  0.   0.   0.5  0.   0.5]]
Slicing  [-3.5 -3.   3. ]  to  [-3.5 -3.   2.5]
Slicing  [-3.5 -3.   3. ]  to  [-3.5 -3.   3.5]
Slicing  [-3.  -3.5  3. ]  to  [-3.5 -3.5  3. ]
Slicing  [-3.  -3.5  3. ]  to  [-2.5 -3.5  3. ]
Slicing  [-3.  -3.   2.5]  to  [-3.  -3.5  2.5]
Slicing  [-3.  -3.   2.5]  to  [-3.  -2.5  2.5]
Slicing  [-3.  -3.   3.5]  to  [-3.  -3.5  3.5]
Slicing  [-3.  -3.   3.5]  to  [-3.  -2.5  3.5]
Slicing  [-3.  -2.5  3. ]  to  [-3.5 -2.5  3. ]
Slicing  [-3.  -2.5  3. ]  to  [-2.5 -2.5  3. ]
Slicing  [-2.5 -3.   3. ]  to  [-2.5 -3.   2.5]
Slicing  [-2.5 -3.   3. ]  to  [-2.5 -3.   3.5]
Processing BZ [-3 -3  3], path segments from M to Gamma

12 symmetrically equivalent path segments
[[-0.5 -0.5  0.   0.   0.   0. ]
 [-0.5  0.  -0.5  0.   0.   0. ]
 [-0.5  0.   0.5  0.   0.   0. ]
 [-0.5  0.5  0.   0.   0.   0. ]
 [ 0.  -0.5 -0.5  0.   0.   0. ]
 [ 0.  -0.5  0.5  0.   0.   0. ]
 [ 0.   0.5 -0.5  0.   0.   0. ]
 [ 0.   0.5  0.5  0.   0.   0. ]
 [ 0.5 -0.5  0.   0.   0.   0. ]
 [ 0.5  0.  -0.5  0.   0.   0. ]
 [ 0.5  0.   0.5  0.   0.   0. ]
 [ 0.5  0.5  0.   0.   0.   0. ]]
Slicing  [-3.5 -3.5  3. ]  to  [-3. -3.  3.]
Slicing  [-3.5 -3.   2.5]  to  [-3. -3.  3.]
Slicing  [-3.5 -3.   3.5]  to  [-3. -3.  3.]
Slicing  [-3.5 -2.5  3. ]  to  [-3. -3.  3.]
Slicing  [-3.  -3.5  2.5]  to  [-3. -3.  3.]
Slicing  [-3.  -3.5  3.5]  to  [-3. -3.  3.]
Slicing  [-3.  -2.5  2.5]  to  [-3. -3.  3.]
Slicing  [-3.  -2.5  3.5]  to  [-3. -3.  3.]
Slicing  [-2.5 -3.5  3. ]  to  [-3. -3.  3.]
Slicing  [-2.5 -3.   2.5]  to  [-3. -3.  3.]
Slicing  [-2.5 -3.   3.5]  to  [-3. -3.  3.]
Slicing  [-2.5 -2.5  3. ]  to  [-3. -3.  3.]
Processing BZ [-3 -3  3], path segments from Gamma to R

4 symmetrically equivalent path segments
[[ 0.   0.   0.  -0.5 -0.5  0.5]
 [ 0.   0.   0.  -0.5  0.5 -0.5]
 [ 0.   0.   0.   0.5 -0.5 -0.5]
 [ 0.   0.   0.   0.5  0.5  0.5]]
Slicing  [-3. -3.  3.]  to  [-3.5 -3.5  3.5]
Slicing  [-3. -3.  3.]  to  [-3.5 -2.5  2.5]
Slicing  [-3. -3.  3.]  to  [-2.5 -3.5  2.5]
Slicing  [-3. -3.  3.]  to  [-2.5 -2.5  3.5]
Processing BZ [-3 -3  3], path segments from R to X

12 symmetrically equivalent path segments
[[-0.5 -0.5  0.5 -0.5  0.   0. ]
 [-0.5 -0.5  0.5  0.  -0.5  0. ]
 [-0.5 -0.5  0.5  0.   0.   0.5]
 [-0.5  0.5 -0.5 -0.5  0.   0. ]
 [-0.5  0.5 -0.5  0.   0.  -0.5]
 [-0.5  0.5 -0.5  0.   0.5  0. ]
 [ 0.5 -0.5 -0.5  0.  -0.5  0. ]
 [ 0.5 -0.5 -0.5  0.   0.  -0.5]
 [ 0.5 -0.5 -0.5  0.5  0.   0. ]
 [ 0.5  0.5  0.5  0.   0.   0.5]
 [ 0.5  0.5  0.5  0.   0.5  0. ]
 [ 0.5  0.5  0.5  0.5  0.   0. ]]
Slicing  [-3.5 -3.5  3.5]  to  [-3.5 -3.   3. ]
Slicing  [-3.5 -3.5  3.5]  to  [-3.  -3.5  3. ]
Slicing  [-3.5 -3.5  3.5]  to  [-3.  -3.   3.5]
Slicing  [-3.5 -2.5  2.5]  to  [-3.5 -3.   3. ]
Slicing  [-3.5 -2.5  2.5]  to  [-3.  -3.   2.5]
Slicing  [-3.5 -2.5  2.5]  to  [-3.  -2.5  3. ]
Slicing  [-2.5 -3.5  2.5]  to  [-3.  -3.5  3. ]
Slicing  [-2.5 -3.5  2.5]  to  [-3.  -3.   2.5]
Slicing  [-2.5 -3.5  2.5]  to  [-2.5 -3.   3. ]
Slicing  [-2.5 -2.5  3.5]  to  [-3.  -3.   3.5]
Slicing  [-2.5 -2.5  3.5]  to  [-3.  -2.5  3. ]
Slicing  [-2.5 -2.5  3.5]  to  [-2.5 -3.   3. ]

Generating Report for BZ [-3 -3  3]

Combining all 47 BZ

BZ [-3 -3  3] done. Total time elapsed 02:28:57
Processing BZ [-2 -4 -1], path segments from Gamma to X

6 symmetrically equivalent path segments
[[ 0.   0.   0.  -0.5  0.   0. ]
 [ 0.   0.   0.   0.  -0.5  0. ]
 [ 0.   0.   0.   0.   0.  -0.5]
 [ 0.   0.   0.   0.   0.   0.5]
 [ 0.   0.   0.   0.   0.5  0. ]
 [ 0.   0.   0.   0.5  0.   0. ]]
Slicing  [-2. -4. -1.]  to  [-2.5 -4.  -1. ]
Slicing  [-2. -4. -1.]  to  [-2.  -4.5 -1. ]
Slicing  [-2. -4. -1.]  to  [-2.  -4.  -1.5]
Slicing  [-2. -4. -1.]  to  [-2.  -4.  -0.5]
Slicing  [-2. -4. -1.]  to  [-2.  -3.5 -1. ]
Slicing  [-2. -4. -1.]  to  [-1.5 -4.  -1. ]
Processing BZ [-2 -4 -1], path segments from X to M

12 symmetrically equivalent path segments
[[-0.5  0.   0.  -0.5  0.  -0.5]
 [-0.5  0.   0.  -0.5  0.   0.5]
 [ 0.  -0.5  0.  -0.5 -0.5  0. ]
 [ 0.  -0.5  0.   0.5 -0.5  0. ]
 [ 0.   0.  -0.5  0.  -0.5 -0.5]
 [ 0.   0.  -0.5  0.   0.5 -0.5]
 [ 0.   0.   0.5  0.  -0.5  0.5]
 [ 0.   0.   0.5  0.   0.5  0.5]
 [ 0.   0.5  0.  -0.5  0.5  0. ]
 [ 0.   0.5  0.   0.5  0.5  0. ]
 [ 0.5  0.   0.   0.5  0.  -0.5]
 [ 0.5  0.   0.   0.5  0.   0.5]]
Slicing  [-2.5 -4.  -1. ]  to  [-2.5 -4.  -1.5]
Slicing  [-2.5 -4.  -1. ]  to  [-2.5 -4.  -0.5]
Slicing  [-2.  -4.5 -1. ]  to  [-2.5 -4.5 -1. ]
Slicing  [-2.  -4.5 -1. ]  to  [-1.5 -4.5 -1. ]
Slicing  [-2.  -4.  -1.5]  to  [-2.  -4.5 -1.5]
Slicing  [-2.  -4.  -1.5]  to  [-2.  -3.5 -1.5]
Slicing  [-2.  -4.  -0.5]  to  [-2.  -4.5 -0.5]
Slicing  [-2.  -4.  -0.5]  to  [-2.  -3.5 -0.5]
Slicing  [-2.  -3.5 -1. ]  to  [-2.5 -3.5 -1. ]
Slicing  [-2.  -3.5 -1. ]  to  [-1.5 -3.5 -1. ]
Slicing  [-1.5 -4.  -1. ]  to  [-1.5 -4.  -1.5]
Slicing  [-1.5 -4.  -1. ]  to  [-1.5 -4.  -0.5]
Processing BZ [-2 -4 -1], path segments from M to Gamma

12 symmetrically equivalent path segments
[[-0.5 -0.5  0.   0.   0.   0. ]
 [-0.5  0.  -0.5  0.   0.   0. ]
 [-0.5  0.   0.5  0.   0.   0. ]
 [-0.5  0.5  0.   0.   0.   0. ]
 [ 0.  -0.5 -0.5  0.   0.   0. ]
 [ 0.  -0.5  0.5  0.   0.   0. ]
 [ 0.   0.5 -0.5  0.   0.   0. ]
 [ 0.   0.5  0.5  0.   0.   0. ]
 [ 0.5 -0.5  0.   0.   0.   0. ]
 [ 0.5  0.  -0.5  0.   0.   0. ]
 [ 0.5  0.   0.5  0.   0.   0. ]
 [ 0.5  0.5  0.   0.   0.   0. ]]
Slicing  [-2.5 -4.5 -1. ]  to  [-2. -4. -1.]
Slicing  [-2.5 -4.  -1.5]  to  [-2. -4. -1.]
Slicing  [-2.5 -4.  -0.5]  to  [-2. -4. -1.]
Slicing  [-2.5 -3.5 -1. ]  to  [-2. -4. -1.]
Slicing  [-2.  -4.5 -1.5]  to  [-2. -4. -1.]


Processed: 2231/4462 (50.00%) | Elapsed: 02:29:58 | BZ Folding estimated remaining time: 02:29:58


Slicing  [-2.  -4.5 -0.5]  to  [-2. -4. -1.]
Slicing  [-2.  -3.5 -1.5]  to  [-2. -4. -1.]
Slicing  [-2.  -3.5 -0.5]  to  [-2. -4. -1.]
Slicing  [-1.5 -4.5 -1. ]  to  [-2. -4. -1.]
Slicing  [-1.5 -4.  -1.5]  to  [-2. -4. -1.]
Slicing  [-1.5 -4.  -0.5]  to  [-2. -4. -1.]
Slicing  [-1.5 -3.5 -1. ]  to  [-2. -4. -1.]
Processing BZ [-2 -4 -1], path segments from Gamma to R

4 symmetrically equivalent path segments
[[ 0.   0.   0.  -0.5 -0.5  0.5]
 [ 0.   0.   0.  -0.5  0.5 -0.5]
 [ 0.   0.   0.   0.5 -0.5 -0.5]
 [ 0.   0.   0.   0.5  0.5  0.5]]
Slicing  [-2. -4. -1.]  to  [-2.5 -4.5 -0.5]
Slicing  [-2. -4. -1.]  to  [-2.5 -3.5 -1.5]
Slicing  [-2. -4. -1.]  to  [-1.5 -4.5 -1.5]
Slicing  [-2. -4. -1.]  to  [-1.5 -3.5 -0.5]
Processing BZ [-2 -4 -1], path segments from R to X

12 symmetrically equivalent path segments
[[-0.5 -0.5  0.5 -0.5  0.   0. ]
 [-0.5 -0.5  0.5  0.  -0.5  0. ]
 [-0.5 -0.5  0.5  0.   0.   0.5]
 [-0.5  0.5 -0.5 -0.5  0.   0. ]
 [-0.5  0.5 -0.5  0.   0.  -0.5]
 [-0.5  0.5 -0.5  0.   0.5  0. ]
 [ 0.5 -0.5 -0.5  0.  -0.5  0. ]
 [ 0.5 -0.5 -0.5  0.   0.  -0.5]
 [ 0.5 -0.5 -0.5  0.5  0.   0. ]
 [ 0.5  0.5  0.5  0.   0.   0.5]
 [ 0.5  0.5  0.5  0.   0.5  0. ]
 [ 0.5  0.5  0.5  0.5  0.   0. ]]
Slicing  [-2.5 -4.5 -0.5]  to  [-2.5 -4.  -1. ]
Slicing  [-2.5 -4.5 -0.5]  to  [-2.  -4.5 -1. ]
Slicing  [-2.5 -4.5 -0.5]  to  [-2.  -4.  -0.5]
Slicing  [-2.5 -3.5 -1.5]  to  [-2.5 -4.  -1. ]
Slicing  [-2.5 -3.5 -1.5]  to  [-2.  -4.  -1.5]
Slicing  [-2.5 -3.5 -1.5]  to  [-2.  -3.5 -1. ]
Slicing  [-1.5 -4.5 -1.5]  to  [-2.  -4.5 -1. ]
Slicing  [-1.5 -4.5 -1.5]  to  [-2.  -4.  -1.5]
Slicing  [-1.5 -4.5 -1.5]  to  [-1.5 -4.  -1. ]
Slicing  [-1.5 -3.5 -0.5]  to  [-2.  -4.  -0.5]
Slicing  [-1.5 -3.5 -0.5]  to  [-2.  -3.5 -1. ]
Slicing  [-1.5 -3.5 -0.5]  to  [-1.5 -4.  -1. ]

Generating Report for BZ [-2 -4 -1]

Combining all 48 BZ

BZ [-2 -4 -1] done. Total time elapsed 02:32:17
Processing BZ [-3 -1 -1], path segments from Gamma to X

6 symmetrically equivalent path segments
[[ 0.   0.   0.  -0.5  0.   0. ]
 [ 0.   0.   0.   0.  -0.5  0. ]
 [ 0.   0.   0.   0.   0.  -0.5]
 [ 0.   0.   0.   0.   0.   0.5]
 [ 0.   0.   0.   0.   0.5  0. ]
 [ 0.   0.   0.   0.5  0.   0. ]]
Slicing  [-3. -1. -1.]  to  [-3.5 -1.  -1. ]
Slicing  [-3. -1. -1.]  to  [-3.  -1.5 -1. ]
Slicing  [-3. -1. -1.]  to  [-3.  -1.  -1.5]
Slicing  [-3. -1. -1.]  to  [-3.  -1.  -0.5]
Slicing  [-3. -1. -1.]  to  [-3.  -0.5 -1. ]
Slicing  [-3. -1. -1.]  to  [-2.5 -1.  -1. ]
Processing BZ [-3 -1 -1], path segments from X to M

12 symmetrically equivalent path segments
[[-0.5  0.   0.  -0.5  0.  -0.5]
 [-0.5  0.   0.  -0.5  0.   0.5]
 [ 0.  -0.5  0.  -0.5 -0.5  0. ]
 [ 0.  -0.5  0.   0.5 -0.5  0. ]
 [ 0.   0.  -0.5  0.  -0.5 -0.5]
 [ 0.   0.  -0.5  0.   0.5 -0.5]
 [ 0.   0.   0.5  0.  -0.5  0.5]
 [ 0.   0.   0.5  0.   0.5  0.5]
 [ 0.   0.5  0.  -0.5  0.5  0. ]
 [ 0.   0.5  0.   0.5  0.5  0. ]
 [ 0.5  0.   0.   0.5  0.  -0.5]
 [ 0.5  0.   0.   0.5  0.   0.5]]
Slicing  [-3.5 -1.  -1. ]  to  [-3.5 -1.  -1.5]
Slicing  [-3.5 -1.  -1. ]  to  [-3.5 -1.  -0.5]
Slicing  [-3.  -1.5 -1. ]  to  [-3.5 -1.5 -1. ]
Slicing  [-3.  -1.5 -1. ]  to  [-2.5 -1.5 -1. ]
Slicing  [-3.  -1.  -1.5]  to  [-3.  -1.5 -1.5]
Slicing  [-3.  -1.  -1.5]  to  [-3.  -0.5 -1.5]
Slicing  [-3.  -1.  -0.5]  to  [-3.  -1.5 -0.5]
Slicing  [-3.  -1.  -0.5]  to  [-3.  -0.5 -0.5]
Slicing  [-3.  -0.5 -1. ]  to  [-3.5 -0.5 -1. ]
Slicing  [-3.  -0.5 -1. ]  to  [-2.5 -0.5 -1. ]
Slicing  [-2.5 -1.  -1. ]  to  [-2.5 -1.  -1.5]
Slicing  [-2.5 -1.  -1. ]  to  [-2.5 -1.  -0.5]
Processing BZ [-3 -1 -1], path segments from M to Gamma

12 symmetrically equivalent path segments
[[-0.5 -0.5  0.   0.   0.   0. ]
 [-0.5  0.  -0.5  0.   0.   0. ]
 [-0.5  0.   0.5  0.   0.   0. ]
 [-0.5  0.5  0.   0.   0.   0. ]
 [ 0.  -0.5 -0.5  0.   0.   0. ]
 [ 0.  -0.5  0.5  0.   0.   0. ]
 [ 0.   0.5 -0.5  0.   0.   0. ]
 [ 0.   0.5  0.5  0.   0.   0. ]
 [ 0.5 -0.5  0.   0.   0.   0. ]
 [ 0.5  0.  -0.5  0.   0.   0. ]
 [ 0.5  0.   0.5  0.   0.   0. ]
 [ 0.5  0.5  0.   0.   0.   0. ]]
Slicing  [-3.5 -1.5 -1. ]  to  [-3. -1. -1.]
Slicing  [-3.5 -1.  -1.5]  to  [-3. -1. -1.]
Slicing  [-3.5 -1.  -0.5]  to  [-3. -1. -1.]
Slicing  [-3.5 -0.5 -1. ]  to  [-3. -1. -1.]
Slicing  [-3.  -1.5 -1.5]  to  [-3. -1. -1.]
Slicing  [-3.  -1.5 -0.5]  to  [-3. -1. -1.]
Slicing  [-3.  -0.5 -1.5]  to  [-3. -1. -1.]
Slicing  [-3.  -0.5 -0.5]  to  [-3. -1. -1.]
Slicing  [-2.5 -1.5 -1. ]  to  [-3. -1. -1.]
Slicing  [-2.5 -1.  -1.5]  to  [-3. -1. -1.]
Slicing  [-2.5 -1.  -0.5]  to  [-3. -1. -1.]
Slicing  [-2.5 -0.5 -1. ]  to  [-3. -1. -1.]
Processing BZ [-3 -1 -1], path segments from Gamma to R

4 symmetrically equivalent path segments
[[ 0.   0.   0.  -0.5 -0.5  0.5]
 [ 0.   0.   0.  -0.5  0.5 -0.5]
 [ 0.   0.   0.   0.5 -0.5 -0.5]
 [ 0.   0.   0.   0.5  0.5  0.5]]
Slicing  [-3. -1. -1.]  to  [-3.5 -1.5 -0.5]
Slicing  [-3. -1. -1.]  to  [-3.5 -0.5 -1.5]
Slicing  [-3. -1. -1.]  to  [-2.5 -1.5 -1.5]
Slicing  [-3. -1. -1.]  to  [-2.5 -0.5 -0.5]
Processing BZ [-3 -1 -1], path segments from R to X

12 symmetrically equivalent path segments
[[-0.5 -0.5  0.5 -0.5  0.   0. ]
 [-0.5 -0.5  0.5  0.  -0.5  0. ]
 [-0.5 -0.5  0.5  0.   0.   0.5]
 [-0.5  0.5 -0.5 -0.5  0.   0. ]
 [-0.5  0.5 -0.5  0.   0.  -0.5]
 [-0.5  0.5 -0.5  0.   0.5  0. ]
 [ 0.5 -0.5 -0.5  0.  -0.5  0. ]
 [ 0.5 -0.5 -0.5  0.   0.  -0.5]
 [ 0.5 -0.5 -0.5  0.5  0.   0. ]
 [ 0.5  0.5  0.5  0.   0.   0.5]
 [ 0.5  0.5  0.5  0.   0.5  0. ]
 [ 0.5  0.5  0.5  0.5  0.   0. ]]
Slicing  [-3.5 -1.5 -0.5]  to  [-3.5 -1.  -1. ]
Slicing  [-3.5 -1.5 -0.5]  to  [-3.  -1.5 -1. ]
Slicing  [-3.5 -1.5 -0.5]  to  [-3.  -1.  -0.5]
Slicing  [-3.5 -0.5 -1.5]  to  [-3.5 -1.  -1. ]
Slicing  [-3.5 -0.5 -1.5]  to  [-3.  -1.  -1.5]
Slicing  [-3.5 -0.5 -1.5]  to  [-3.  -0.5 -1. ]
Slicing  [-2.5 -1.5 -1.5]  to  [-3.  -1.5 -1. ]
Slicing  [-2.5 -1.5 -1.5]  to  [-3.  -1.  -1.5]
Slicing  [-2.5 -1.5 -1.5]  to  [-2.5 -1.  -1. ]
Slicing  [-2.5 -0.5 -0.5]  to  [-3.  -1.  -0.5]
Slicing  [-2.5 -0.5 -0.5]  to  [-3.  -0.5 -1. ]
Slicing  [-2.5 -0.5 -0.5]  to  [-2.5 -1.  -1. ]

Generating Report for BZ [-3 -1 -1]

Combining all 49 BZ

BZ [-3 -1 -1] done. Total time elapsed 02:35:34
Processing BZ [-3 -1  0], path segments from Gamma to X

6 symmetrically equivalent path segments
[[ 0.   0.   0.  -0.5  0.   0. ]
 [ 0.   0.   0.   0.  -0.5  0. ]
 [ 0.   0.   0.   0.   0.  -0.5]
 [ 0.   0.   0.   0.   0.   0.5]
 [ 0.   0.   0.   0.   0.5  0. ]
 [ 0.   0.   0.   0.5  0.   0. ]]
Slicing  [-3. -1.  0.]  to  [-3.5 -1.   0. ]
Slicing  [-3. -1.  0.]  to  [-3.  -1.5  0. ]
Slicing  [-3. -1.  0.]  to  [-3.  -1.  -0.5]
Slicing  [-3. -1.  0.]  to  [-3.  -1.   0.5]
Slicing  [-3. -1.  0.]  to  [-3.  -0.5  0. ]
Slicing  [-3. -1.  0.]  to  [-2.5 -1.   0. ]
Processing BZ [-3 -1  0], path segments from X to M

12 symmetrically equivalent path segments
[[-0.5  0.   0.  -0.5  0.  -0.5]
 [-0.5  0.   0.  -0.5  0.   0.5]
 [ 0.  -0.5  0.  -0.5 -0.5  0. ]
 [ 0.  -0.5  0.   0.5 -0.5  0. ]
 [ 0.   0.  -0.5  0.  -0.5 -0.5]
 [ 0.   0.  -0.5  0.   0.5 -0.5]
 [ 0.   0.   0.5  0.  -0.5  0.5]
 [ 0.   0.   0.5  0.   0.5  0.5]
 [ 0.   0.5  0.  -0.5  0.5  0. ]
 [ 0.   0.5  0.   0.5  0.5  0. ]
 [ 0.5  0.   0.   0.5  0.  -0.5]
 [ 0.5  0.   0.   0.5  0.   0.5]]
Slicing  [-3.5 -1.   0. ]  to  [-3.5 -1.  -0.5]
Slicing  [-3.5 -1.   0. ]  to  [-3.5 -1.   0.5]
Slicing  [-3.  -1.5  0. ]  to  [-3.5 -1.5  0. ]
Slicing  [-3.  -1.5  0. ]  to  [-2.5 -1.5  0. ]
Slicing  [-3.  -1.  -0.5]  to  [-3.  -1.5 -0.5]
Slicing  [-3.  -1.  -0.5]  to  [-3.  -0.5 -0.5]
Slicing  [-3.  -1.   0.5]  to  [-3.  -1.5  0.5]
Slicing  [-3.  -1.   0.5]  to  [-3.  -0.5  0.5]
Slicing  [-3.  -0.5  0. ]  to  [-3.5 -0.5  0. ]
Slicing  [-3.  -0.5  0. ]  to  [-2.5 -0.5  0. ]
Slicing  [-2.5 -1.   0. ]  to  [-2.5 -1.  -0.5]
Slicing  [-2.5 -1.   0. ]  to  [-2.5 -1.   0.5]
Processing BZ [-3 -1  0], path segments from M to Gamma

12 symmetrically equivalent path segments
[[-0.5 -0.5  0.   0.   0.   0. ]
 [-0.5  0.  -0.5  0.   0.   0. ]
 [-0.5  0.   0.5  0.   0.   0. ]
 [-0.5  0.5  0.   0.   0.   0. ]
 [ 0.  -0.5 -0.5  0.   0.   0. ]
 [ 0.  -0.5  0.5  0.   0.   0. ]
 [ 0.   0.5 -0.5  0.   0.   0. ]
 [ 0.   0.5  0.5  0.   0.   0. ]
 [ 0.5 -0.5  0.   0.   0.   0. ]
 [ 0.5  0.  -0.5  0.   0.   0. ]
 [ 0.5  0.   0.5  0.   0.   0. ]
 [ 0.5  0.5  0.   0.   0.   0. ]]
Slicing  [-3.5 -1.5  0. ]  to  [-3. -1.  0.]
Slicing  [-3.5 -1.  -0.5]  to  [-3. -1.  0.]
Slicing  [-3.5 -1.   0.5]  to  [-3. -1.  0.]


Processed: 2321/4462 (52.02%) | Elapsed: 02:36:25 | BZ Folding estimated remaining time: 02:24:17


Slicing  [-3.5 -0.5  0. ]  to  [-3. -1.  0.]
Slicing  [-3.  -1.5 -0.5]  to  [-3. -1.  0.]
Slicing  [-3.  -1.5  0.5]  to  [-3. -1.  0.]
Slicing  [-3.  -0.5 -0.5]  to  [-3. -1.  0.]
Slicing  [-3.  -0.5  0.5]  to  [-3. -1.  0.]
Slicing  [-2.5 -1.5  0. ]  to  [-3. -1.  0.]
Slicing  [-2.5 -1.  -0.5]  to  [-3. -1.  0.]
Slicing  [-2.5 -1.   0.5]  to  [-3. -1.  0.]
Slicing  [-2.5 -0.5  0. ]  to  [-3. -1.  0.]
Processing BZ [-3 -1  0], path segments from Gamma to R

4 symmetrically equivalent path segments
[[ 0.   0.   0.  -0.5 -0.5  0.5]
 [ 0.   0.   0.  -0.5  0.5 -0.5]
 [ 0.   0.   0.   0.5 -0.5 -0.5]
 [ 0.   0.   0.   0.5  0.5  0.5]]
Slicing  [-3. -1.  0.]  to  [-3.5 -1.5  0.5]
Slicing  [-3. -1.  0.]  to  [-3.5 -0.5 -0.5]
Slicing  [-3. -1.  0.]  to  [-2.5 -1.5 -0.5]
Slicing  [-3. -1.  0.]  to  [-2.5 -0.5  0.5]
Processing BZ [-3 -1  0], path segments from R to X

12 symmetrically equivalent path segments
[[-0.5 -0.5  0.5 -0.5  0.   0. ]
 [-0.5 -0.5  0.5  0.  -0.5  0. ]
 [-0.5 -0.5  0.5  0.   0.   0.5]
 [-0.5  0.5 -0.5 -0.5  0.   0. ]
 [-0.5  0.5 -0.5  0.   0.  -0.5]
 [-0.5  0.5 -0.5  0.   0.5  0. ]
 [ 0.5 -0.5 -0.5  0.  -0.5  0. ]
 [ 0.5 -0.5 -0.5  0.   0.  -0.5]
 [ 0.5 -0.5 -0.5  0.5  0.   0. ]
 [ 0.5  0.5  0.5  0.   0.   0.5]
 [ 0.5  0.5  0.5  0.   0.5  0. ]
 [ 0.5  0.5  0.5  0.5  0.   0. ]]
Slicing  [-3.5 -1.5  0.5]  to  [-3.5 -1.   0. ]
Slicing  [-3.5 -1.5  0.5]  to  [-3.  -1.5  0. ]
Slicing  [-3.5 -1.5  0.5]  to  [-3.  -1.   0.5]
Slicing  [-3.5 -0.5 -0.5]  to  [-3.5 -1.   0. ]
Slicing  [-3.5 -0.5 -0.5]  to  [-3.  -1.  -0.5]
Slicing  [-3.5 -0.5 -0.5]  to  [-3.  -0.5  0. ]
Slicing  [-2.5 -1.5 -0.5]  to  [-3.  -1.5  0. ]
Slicing  [-2.5 -1.5 -0.5]  to  [-3.  -1.  -0.5]
Slicing  [-2.5 -1.5 -0.5]  to  [-2.5 -1.   0. ]
Slicing  [-2.5 -0.5  0.5]  to  [-3.  -1.   0.5]
Slicing  [-2.5 -0.5  0.5]  to  [-3.  -0.5  0. ]
Slicing  [-2.5 -0.5  0.5]  to  [-2.5 -1.   0. ]

Generating Report for BZ [-3 -1  0]

Combining all 50 BZ

BZ [-3 -1  0] done. Total time elapsed 02:38:49
Processing BZ [ 0 -2 -1], path segments from Gamma to X

6 symmetrically equivalent path segments
[[ 0.   0.   0.  -0.5  0.   0. ]
 [ 0.   0.   0.   0.  -0.5  0. ]
 [ 0.   0.   0.   0.   0.  -0.5]
 [ 0.   0.   0.   0.   0.   0.5]
 [ 0.   0.   0.   0.   0.5  0. ]
 [ 0.   0.   0.   0.5  0.   0. ]]
Slicing  [ 0. -2. -1.]  to  [-0.5 -2.  -1. ]
Slicing  [ 0. -2. -1.]  to  [ 0.  -2.5 -1. ]
Slicing  [ 0. -2. -1.]  to  [ 0.  -2.  -1.5]
Slicing  [ 0. -2. -1.]  to  [ 0.  -2.  -0.5]
Slicing  [ 0. -2. -1.]  to  [ 0.  -1.5 -1. ]
Slicing  [ 0. -2. -1.]  to  [ 0.5 -2.  -1. ]
Processing BZ [ 0 -2 -1], path segments from X to M

12 symmetrically equivalent path segments
[[-0.5  0.   0.  -0.5  0.  -0.5]
 [-0.5  0.   0.  -0.5  0.   0.5]
 [ 0.  -0.5  0.  -0.5 -0.5  0. ]
 [ 0.  -0.5  0.   0.5 -0.5  0. ]
 [ 0.   0.  -0.5  0.  -0.5 -0.5]
 [ 0.   0.  -0.5  0.   0.5 -0.5]
 [ 0.   0.   0.5  0.  -0.5  0.5]
 [ 0.   0.   0.5  0.   0.5  0.5]
 [ 0.   0.5  0.  -0.5  0.5  0. ]
 [ 0.   0.5  0.   0.5  0.5  0. ]
 [ 0.5  0.   0.   0.5  0.  -0.5]
 [ 0.5  0.   0.   0.5  0.   0.5]]
Slicing  [-0.5 -2.  -1. ]  to  [-0.5 -2.  -1.5]
Slicing  [-0.5 -2.  -1. ]  to  [-0.5 -2.  -0.5]
Slicing  [ 0.  -2.5 -1. ]  to  [-0.5 -2.5 -1. ]
Slicing  [ 0.  -2.5 -1. ]  to  [ 0.5 -2.5 -1. ]
Slicing  [ 0.  -2.  -1.5]  to  [ 0.  -2.5 -1.5]
Slicing  [ 0.  -2.  -1.5]  to  [ 0.  -1.5 -1.5]
Slicing  [ 0.  -2.  -0.5]  to  [ 0.  -2.5 -0.5]
Slicing  [ 0.  -2.  -0.5]  to  [ 0.  -1.5 -0.5]
Slicing  [ 0.  -1.5 -1. ]  to  [-0.5 -1.5 -1. ]
Slicing  [ 0.  -1.5 -1. ]  to  [ 0.5 -1.5 -1. ]
Slicing  [ 0.5 -2.  -1. ]  to  [ 0.5 -2.  -1.5]
Slicing  [ 0.5 -2.  -1. ]  to  [ 0.5 -2.  -0.5]
Processing BZ [ 0 -2 -1], path segments from M to Gamma

12 symmetrically equivalent path segments
[[-0.5 -0.5  0.   0.   0.   0. ]
 [-0.5  0.  -0.5  0.   0.   0. ]
 [-0.5  0.   0.5  0.   0.   0. ]
 [-0.5  0.5  0.   0.   0.   0. ]
 [ 0.  -0.5 -0.5  0.   0.   0. ]
 [ 0.  -0.5  0.5  0.   0.   0. ]
 [ 0.   0.5 -0.5  0.   0.   0. ]
 [ 0.   0.5  0.5  0.   0.   0. ]
 [ 0.5 -0.5  0.   0.   0.   0. ]
 [ 0.5  0.  -0.5  0.   0.   0. ]
 [ 0.5  0.   0.5  0.   0.   0. ]
 [ 0.5  0.5  0.   0.   0.   0. ]]
Slicing  [-0.5 -2.5 -1. ]  to  [ 0. -2. -1.]
Slicing  [-0.5 -2.  -1.5]  to  [ 0. -2. -1.]
Slicing  [-0.5 -2.  -0.5]  to  [ 0. -2. -1.]
Slicing  [-0.5 -1.5 -1. ]  to  [ 0. -2. -1.]
Slicing  [ 0.  -2.5 -1.5]  to  [ 0. -2. -1.]
Slicing  [ 0.  -2.5 -0.5]  to  [ 0. -2. -1.]
Slicing  [ 0.  -1.5 -1.5]  to  [ 0. -2. -1.]
Slicing  [ 0.  -1.5 -0.5]  to  [ 0. -2. -1.]
Slicing  [ 0.5 -2.5 -1. ]  to  [ 0. -2. -1.]
Slicing  [ 0.5 -2.  -1.5]  to  [ 0. -2. -1.]
Slicing  [ 0.5 -2.  -0.5]  to  [ 0. -2. -1.]
Slicing  [ 0.5 -1.5 -1. ]  to  [ 0. -2. -1.]
Processing BZ [ 0 -2 -1], path segments from Gamma to R

4 symmetrically equivalent path segments
[[ 0.   0.   0.  -0.5 -0.5  0.5]
 [ 0.   0.   0.  -0.5  0.5 -0.5]
 [ 0.   0.   0.   0.5 -0.5 -0.5]
 [ 0.   0.   0.   0.5  0.5  0.5]]
Slicing  [ 0. -2. -1.]  to  [-0.5 -2.5 -0.5]
Slicing  [ 0. -2. -1.]  to  [-0.5 -1.5 -1.5]
Slicing  [ 0. -2. -1.]  to  [ 0.5 -2.5 -1.5]
Slicing  [ 0. -2. -1.]  to  [ 0.5 -1.5 -0.5]
Processing BZ [ 0 -2 -1], path segments from R to X

12 symmetrically equivalent path segments
[[-0.5 -0.5  0.5 -0.5  0.   0. ]
 [-0.5 -0.5  0.5  0.  -0.5  0. ]
 [-0.5 -0.5  0.5  0.   0.   0.5]
 [-0.5  0.5 -0.5 -0.5  0.   0. ]
 [-0.5  0.5 -0.5  0.   0.  -0.5]
 [-0.5  0.5 -0.5  0.   0.5  0. ]
 [ 0.5 -0.5 -0.5  0.  -0.5  0. ]
 [ 0.5 -0.5 -0.5  0.   0.  -0.5]
 [ 0.5 -0.5 -0.5  0.5  0.   0. ]
 [ 0.5  0.5  0.5  0.   0.   0.5]
 [ 0.5  0.5  0.5  0.   0.5  0. ]
 [ 0.5  0.5  0.5  0.5  0.   0. ]]
Slicing  [-0.5 -2.5 -0.5]  to  [-0.5 -2.  -1. ]
Slicing  [-0.5 -2.5 -0.5]  to  [ 0.  -2.5 -1. ]
Slicing  [-0.5 -2.5 -0.5]  to  [ 0.  -2.  -0.5]
Slicing  [-0.5 -1.5 -1.5]  to  [-0.5 -2.  -1. ]
Slicing  [-0.5 -1.5 -1.5]  to  [ 0.  -2.  -1.5]
Slicing  [-0.5 -1.5 -1.5]  to  [ 0.  -1.5 -1. ]
Slicing  [ 0.5 -2.5 -1.5]  to  [ 0.  -2.5 -1. ]
Slicing  [ 0.5 -2.5 -1.5]  to  [ 0.  -2.  -1.5]
Slicing  [ 0.5 -2.5 -1.5]  to  [ 0.5 -2.  -1. ]
Slicing  [ 0.5 -1.5 -0.5]  to  [ 0.  -2.  -0.5]
Slicing  [ 0.5 -1.5 -0.5]  to  [ 0.  -1.5 -1. ]
Slicing  [ 0.5 -1.5 -0.5]  to  [ 0.5 -2.  -1. ]

Generating Report for BZ [ 0 -2 -1]

Combining all 51 BZ

BZ [ 0 -2 -1] done. Total time elapsed 02:42:05
Processing BZ [-2  0  0], path segments from Gamma to X

6 symmetrically equivalent path segments
[[ 0.   0.   0.  -0.5  0.   0. ]
 [ 0.   0.   0.   0.  -0.5  0. ]
 [ 0.   0.   0.   0.   0.  -0.5]
 [ 0.   0.   0.   0.   0.   0.5]
 [ 0.   0.   0.   0.   0.5  0. ]
 [ 0.   0.   0.   0.5  0.   0. ]]
Slicing  [-2.  0.  0.]  to  [-2.5  0.   0. ]
Slicing  [-2.  0.  0.]  to  [-2.  -0.5  0. ]
Slicing  [-2.  0.  0.]  to  [-2.   0.  -0.5]
Slicing  [-2.  0.  0.]  to  [-2.   0.   0.5]
Slicing  [-2.  0.  0.]  to  [-2.   0.5  0. ]
Slicing  [-2.  0.  0.]  to  [-1.5  0.   0. ]
Processing BZ [-2  0  0], path segments from X to M

12 symmetrically equivalent path segments
[[-0.5  0.   0.  -0.5  0.  -0.5]
 [-0.5  0.   0.  -0.5  0.   0.5]
 [ 0.  -0.5  0.  -0.5 -0.5  0. ]
 [ 0.  -0.5  0.   0.5 -0.5  0. ]
 [ 0.   0.  -0.5  0.  -0.5 -0.5]
 [ 0.   0.  -0.5  0.   0.5 -0.5]
 [ 0.   0.   0.5  0.  -0.5  0.5]
 [ 0.   0.   0.5  0.   0.5  0.5]
 [ 0.   0.5  0.  -0.5  0.5  0. ]
 [ 0.   0.5  0.   0.5  0.5  0. ]
 [ 0.5  0.   0.   0.5  0.  -0.5]
 [ 0.5  0.   0.   0.5  0.   0.5]]
Slicing  [-2.5  0.   0. ]  to  [-2.5  0.  -0.5]
Slicing  [-2.5  0.   0. ]  to  [-2.5  0.   0.5]
Slicing  [-2.  -0.5  0. ]  to  [-2.5 -0.5  0. ]
Slicing  [-2.  -0.5  0. ]  to  [-1.5 -0.5  0. ]
Slicing  [-2.   0.  -0.5]  to  [-2.  -0.5 -0.5]
Slicing  [-2.   0.  -0.5]  to  [-2.   0.5 -0.5]
Slicing  [-2.   0.   0.5]  to  [-2.  -0.5  0.5]
Slicing  [-2.   0.   0.5]  to  [-2.   0.5  0.5]
Slicing  [-2.   0.5  0. ]  to  [-2.5  0.5  0. ]
Slicing  [-2.   0.5  0. ]  to  [-1.5  0.5  0. ]
Slicing  [-1.5  0.   0. ]  to  [-1.5  0.  -0.5]
Slicing  [-1.5  0.   0. ]  to  [-1.5  0.   0.5]


Processed: 2410/4462 (54.01%) | Elapsed: 02:42:45 | BZ Folding estimated remaining time: 02:18:34


Processing BZ [-2  0  0], path segments from M to Gamma

12 symmetrically equivalent path segments
[[-0.5 -0.5  0.   0.   0.   0. ]
 [-0.5  0.  -0.5  0.   0.   0. ]
 [-0.5  0.   0.5  0.   0.   0. ]
 [-0.5  0.5  0.   0.   0.   0. ]
 [ 0.  -0.5 -0.5  0.   0.   0. ]
 [ 0.  -0.5  0.5  0.   0.   0. ]
 [ 0.   0.5 -0.5  0.   0.   0. ]
 [ 0.   0.5  0.5  0.   0.   0. ]
 [ 0.5 -0.5  0.   0.   0.   0. ]
 [ 0.5  0.  -0.5  0.   0.   0. ]
 [ 0.5  0.   0.5  0.   0.   0. ]
 [ 0.5  0.5  0.   0.   0.   0. ]]
Slicing  [-2.5 -0.5  0. ]  to  [-2.  0.  0.]
Slicing  [-2.5  0.  -0.5]  to  [-2.  0.  0.]
Slicing  [-2.5  0.   0.5]  to  [-2.  0.  0.]
Slicing  [-2.5  0.5  0. ]  to  [-2.  0.  0.]
Slicing  [-2.  -0.5 -0.5]  to  [-2.  0.  0.]
Slicing  [-2.  -0.5  0.5]  to  [-2.  0.  0.]
Slicing  [-2.   0.5 -0.5]  to  [-2.  0.  0.]
Slicing  [-2.   0.5  0.5]  to  [-2.  0.  0.]
Slicing  [-1.5 -0.5  0. ]  to  [-2.  0.  0.]
Slicing  [-1.5  0.  -0.5]  to  [-2.  0.  0.]
Slicing  [-1.5  0.   0.5]  to  [-2.  0.  0.]
Slicing  [-1.5  0.5  0. ]  to  [-2.  0.  0.]
Processing BZ [-2  0  0], path segments from Gamma to R

4 symmetrically equivalent path segments
[[ 0.   0.   0.  -0.5 -0.5  0.5]
 [ 0.   0.   0.  -0.5  0.5 -0.5]
 [ 0.   0.   0.   0.5 -0.5 -0.5]
 [ 0.   0.   0.   0.5  0.5  0.5]]
Slicing  [-2.  0.  0.]  to  [-2.5 -0.5  0.5]
Slicing  [-2.  0.  0.]  to  [-2.5  0.5 -0.5]
Slicing  [-2.  0.  0.]  to  [-1.5 -0.5 -0.5]
Slicing  [-2.  0.  0.]  to  [-1.5  0.5  0.5]
Processing BZ [-2  0  0], path segments from R to X

12 symmetrically equivalent path segments
[[-0.5 -0.5  0.5 -0.5  0.   0. ]
 [-0.5 -0.5  0.5  0.  -0.5  0. ]
 [-0.5 -0.5  0.5  0.   0.   0.5]
 [-0.5  0.5 -0.5 -0.5  0.   0. ]
 [-0.5  0.5 -0.5  0.   0.  -0.5]
 [-0.5  0.5 -0.5  0.   0.5  0. ]
 [ 0.5 -0.5 -0.5  0.  -0.5  0. ]
 [ 0.5 -0.5 -0.5  0.   0.  -0.5]
 [ 0.5 -0.5 -0.5  0.5  0.   0. ]
 [ 0.5  0.5  0.5  0.   0.   0.5]
 [ 0.5  0.5  0.5  0.   0.5  0. ]
 [ 0.5  0.5  0.5  0.5  0.   0. ]]
Slicing  [-2.5 -0.5  0.5]  to  [-2.5  0.   0. ]
Slicing  [-2.5 -0.5  0.5]  to  [-2.  -0.5  0. ]
Slicing  [-2.5 -0.5  0.5]  to  [-2.   0.   0.5]
Slicing  [-2.5  0.5 -0.5]  to  [-2.5  0.   0. ]
Slicing  [-2.5  0.5 -0.5]  to  [-2.   0.  -0.5]
Slicing  [-2.5  0.5 -0.5]  to  [-2.   0.5  0. ]
Slicing  [-1.5 -0.5 -0.5]  to  [-2.  -0.5  0. ]
Slicing  [-1.5 -0.5 -0.5]  to  [-2.   0.  -0.5]
Slicing  [-1.5 -0.5 -0.5]  to  [-1.5  0.   0. ]
Slicing  [-1.5  0.5  0.5]  to  [-2.   0.   0.5]
Slicing  [-1.5  0.5  0.5]  to  [-2.   0.5  0. ]
Slicing  [-1.5  0.5  0.5]  to  [-1.5  0.   0. ]

Generating Report for BZ [-2  0  0]

Combining all 52 BZ

BZ [-2  0  0] done. Total time elapsed 02:45:11
Processing BZ [0 0 2], path segments from Gamma to X

6 symmetrically equivalent path segments
[[ 0.   0.   0.  -0.5  0.   0. ]
 [ 0.   0.   0.   0.  -0.5  0. ]
 [ 0.   0.   0.   0.   0.  -0.5]
 [ 0.   0.   0.   0.   0.   0.5]
 [ 0.   0.   0.   0.   0.5  0. ]
 [ 0.   0.   0.   0.5  0.   0. ]]
Slicing  [0. 0. 2.]  to  [-0.5  0.   2. ]
Slicing  [0. 0. 2.]  to  [ 0.  -0.5  2. ]
Slicing  [0. 0. 2.]  to  [0.  0.  1.5]
Slicing  [0. 0. 2.]  to  [0.  0.  2.5]
Slicing  [0. 0. 2.]  to  [0.  0.5 2. ]
Slicing  [0. 0. 2.]  to  [0.5 0.  2. ]
Processing BZ [0 0 2], path segments from X to M

12 symmetrically equivalent path segments
[[-0.5  0.   0.  -0.5  0.  -0.5]
 [-0.5  0.   0.  -0.5  0.   0.5]
 [ 0.  -0.5  0.  -0.5 -0.5  0. ]
 [ 0.  -0.5  0.   0.5 -0.5  0. ]
 [ 0.   0.  -0.5  0.  -0.5 -0.5]
 [ 0.   0.  -0.5  0.   0.5 -0.5]
 [ 0.   0.   0.5  0.  -0.5  0.5]
 [ 0.   0.   0.5  0.   0.5  0.5]
 [ 0.   0.5  0.  -0.5  0.5  0. ]
 [ 0.   0.5  0.   0.5  0.5  0. ]
 [ 0.5  0.   0.   0.5  0.  -0.5]
 [ 0.5  0.   0.   0.5  0.   0.5]]
Slicing  [-0.5  0.   2. ]  to  [-0.5  0.   1.5]
Slicing  [-0.5  0.   2. ]  to  [-0.5  0.   2.5]
Slicing  [ 0.  -0.5  2. ]  to  [-0.5 -0.5  2. ]
Slicing  [ 0.  -0.5  2. ]  to  [ 0.5 -0.5  2. ]
Slicing  [0.  0.  1.5]  to  [ 0.  -0.5  1.5]
Slicing  [0.  0.  1.5]  to  [0.  0.5 1.5]
Slicing  [0.  0.  2.5]  to  [ 0.  -0.5  2.5]
Slicing  [0.  0.  2.5]  to  [0.  0.5 2.5]
Slicing  [0.  0.5 2. ]  to  [-0.5  0.5  2. ]
Slicing  [0.  0.5 2. ]  to  [0.5 0.5 2. ]
Slicing  [0.5 0.  2. ]  to  [0.5 0.  1.5]
Slicing  [0.5 0.  2. ]  to  [0.5 0.  2.5]
Processing BZ [0 0 2], path segments from M to Gamma

12 symmetrically equivalent path segments
[[-0.5 -0.5  0.   0.   0.   0. ]
 [-0.5  0.  -0.5  0.   0.   0. ]
 [-0.5  0.   0.5  0.   0.   0. ]
 [-0.5  0.5  0.   0.   0.   0. ]
 [ 0.  -0.5 -0.5  0.   0.   0. ]
 [ 0.  -0.5  0.5  0.   0.   0. ]
 [ 0.   0.5 -0.5  0.   0.   0. ]
 [ 0.   0.5  0.5  0.   0.   0. ]
 [ 0.5 -0.5  0.   0.   0.   0. ]
 [ 0.5  0.  -0.5  0.   0.   0. ]
 [ 0.5  0.   0.5  0.   0.   0. ]
 [ 0.5  0.5  0.   0.   0.   0. ]]
Slicing  [-0.5 -0.5  2. ]  to  [0. 0. 2.]
Slicing  [-0.5  0.   1.5]  to  [0. 0. 2.]
Slicing  [-0.5  0.   2.5]  to  [0. 0. 2.]
Slicing  [-0.5  0.5  2. ]  to  [0. 0. 2.]
Slicing  [ 0.  -0.5  1.5]  to  [0. 0. 2.]
Slicing  [ 0.  -0.5  2.5]  to  [0. 0. 2.]
Slicing  [0.  0.5 1.5]  to  [0. 0. 2.]
Slicing  [0.  0.5 2.5]  to  [0. 0. 2.]
Slicing  [ 0.5 -0.5  2. ]  to  [0. 0. 2.]
Slicing  [0.5 0.  1.5]  to  [0. 0. 2.]
Slicing  [0.5 0.  2.5]  to  [0. 0. 2.]
Slicing  [0.5 0.5 2. ]  to  [0. 0. 2.]
Processing BZ [0 0 2], path segments from Gamma to R

4 symmetrically equivalent path segments
[[ 0.   0.   0.  -0.5 -0.5  0.5]
 [ 0.   0.   0.  -0.5  0.5 -0.5]
 [ 0.   0.   0.   0.5 -0.5 -0.5]
 [ 0.   0.   0.   0.5  0.5  0.5]]
Slicing  [0. 0. 2.]  to  [-0.5 -0.5  2.5]
Slicing  [0. 0. 2.]  to  [-0.5  0.5  1.5]
Slicing  [0. 0. 2.]  to  [ 0.5 -0.5  1.5]
Slicing  [0. 0. 2.]  to  [0.5 0.5 2.5]
Processing BZ [0 0 2], path segments from R to X

12 symmetrically equivalent path segments
[[-0.5 -0.5  0.5 -0.5  0.   0. ]
 [-0.5 -0.5  0.5  0.  -0.5  0. ]
 [-0.5 -0.5  0.5  0.   0.   0.5]
 [-0.5  0.5 -0.5 -0.5  0.   0. ]
 [-0.5  0.5 -0.5  0.   0.  -0.5]
 [-0.5  0.5 -0.5  0.   0.5  0. ]
 [ 0.5 -0.5 -0.5  0.  -0.5  0. ]
 [ 0.5 -0.5 -0.5  0.   0.  -0.5]
 [ 0.5 -0.5 -0.5  0.5  0.   0. ]
 [ 0.5  0.5  0.5  0.   0.   0.5]
 [ 0.5  0.5  0.5  0.   0.5  0. ]
 [ 0.5  0.5  0.5  0.5  0.   0. ]]
Slicing  [-0.5 -0.5  2.5]  to  [-0.5  0.   2. ]
Slicing  [-0.5 -0.5  2.5]  to  [ 0.  -0.5  2. ]
Slicing  [-0.5 -0.5  2.5]  to  [0.  0.  2.5]
Slicing  [-0.5  0.5  1.5]  to  [-0.5  0.   2. ]
Slicing  [-0.5  0.5  1.5]  to  [0.  0.  1.5]
Slicing  [-0.5  0.5  1.5]  to  [0.  0.5 2. ]
Slicing  [ 0.5 -0.5  1.5]  to  [ 0.  -0.5  2. ]
Slicing  [ 0.5 -0.5  1.5]  to  [0.  0.  1.5]
Slicing  [ 0.5 -0.5  1.5]  to  [0.5 0.  2. ]
Slicing  [0.5 0.5 2.5]  to  [0.  0.  2.5]
Slicing  [0.5 0.5 2.5]  to  [0.  0.5 2. ]
Slicing  [0.5 0.5 2.5]  to  [0.5 0.  2. ]

Generating Report for BZ [0 0 2]

Combining all 53 BZ

BZ [0 0 2] done. Total time elapsed 02:48:26
Processing BZ [-4 -2  2], path segments from Gamma to X

6 symmetrically equivalent path segments
[[ 0.   0.   0.  -0.5  0.   0. ]
 [ 0.   0.   0.   0.  -0.5  0. ]
 [ 0.   0.   0.   0.   0.  -0.5]
 [ 0.   0.   0.   0.   0.   0.5]
 [ 0.   0.   0.   0.   0.5  0. ]
 [ 0.   0.   0.   0.5  0.   0. ]]
Slicing  [-4. -2.  2.]  to  [-4.5 -2.   2. ]
Slicing  [-4. -2.  2.]  to  [-4.  -2.5  2. ]
Slicing  [-4. -2.  2.]  to  [-4.  -2.   1.5]
Slicing  [-4. -2.  2.]  to  [-4.  -2.   2.5]
Slicing  [-4. -2.  2.]  to  [-4.  -1.5  2. ]
Slicing  [-4. -2.  2.]  to  [-3.5 -2.   2. ]
Processing BZ [-4 -2  2], path segments from X to M

12 symmetrically equivalent path segments
[[-0.5  0.   0.  -0.5  0.  -0.5]
 [-0.5  0.   0.  -0.5  0.   0.5]
 [ 0.  -0.5  0.  -0.5 -0.5  0. ]
 [ 0.  -0.5  0.   0.5 -0.5  0. ]
 [ 0.   0.  -0.5  0.  -0.5 -0.5]
 [ 0.   0.  -0.5  0.   0.5 -0.5]
 [ 0.   0.   0.5  0.  -0.5  0.5]
 [ 0.   0.   0.5  0.   0.5  0.5]
 [ 0.   0.5  0.  -0.5  0.5  0. ]
 [ 0.   0.5  0.   0.5  0.5  0. ]
 [ 0.5  0.   0.   0.5  0.  -0.5]
 [ 0.5  0.   0.   0.5  0.   0.5]]
Slicing  [-4.5 -2.   2. ]  to  [-4.5 -2.   1.5]
Slicing  [-4.5 -2.   2. ]  to  [-4.5 -2.   2.5]
Slicing  [-4.  -2.5  2. ]  to  [-4.5 -2.5  2. ]
Slicing  [-4.  -2.5  2. ]  to  [-3.5 -2.5  2. ]
Slicing  [-4.  -2.   1.5]  to  [-4.  -2.5  1.5]
Slicing  [-4.  -2.   1.5]  to  [-4.  -1.5  1.5]
Slicing  [-4.  -2.   2.5]  to  [-4.  -2.5  2.5]
Slicing  [-4.  -2.   2.5]  to  [-4.  -1.5  2.5]
Slicing  [-4.  -1.5  2. ]  to  [-4.5 -1.5  2. ]


Processed: 2499/4462 (56.01%) | Elapsed: 02:48:54 | BZ Folding estimated remaining time: 02:12:40


Slicing  [-4.  -1.5  2. ]  to  [-3.5 -1.5  2. ]
Slicing  [-3.5 -2.   2. ]  to  [-3.5 -2.   1.5]
Slicing  [-3.5 -2.   2. ]  to  [-3.5 -2.   2.5]
Processing BZ [-4 -2  2], path segments from M to Gamma

12 symmetrically equivalent path segments
[[-0.5 -0.5  0.   0.   0.   0. ]
 [-0.5  0.  -0.5  0.   0.   0. ]
 [-0.5  0.   0.5  0.   0.   0. ]
 [-0.5  0.5  0.   0.   0.   0. ]
 [ 0.  -0.5 -0.5  0.   0.   0. ]
 [ 0.  -0.5  0.5  0.   0.   0. ]
 [ 0.   0.5 -0.5  0.   0.   0. ]
 [ 0.   0.5  0.5  0.   0.   0. ]
 [ 0.5 -0.5  0.   0.   0.   0. ]
 [ 0.5  0.  -0.5  0.   0.   0. ]
 [ 0.5  0.   0.5  0.   0.   0. ]
 [ 0.5  0.5  0.   0.   0.   0. ]]
Slicing  [-4.5 -2.5  2. ]  to  [-4. -2.  2.]
Slicing  [-4.5 -2.   1.5]  to  [-4. -2.  2.]
Slicing  [-4.5 -2.   2.5]  to  [-4. -2.  2.]
Slicing  [-4.5 -1.5  2. ]  to  [-4. -2.  2.]
Slicing  [-4.  -2.5  1.5]  to  [-4. -2.  2.]
Slicing  [-4.  -2.5  2.5]  to  [-4. -2.  2.]
Slicing  [-4.  -1.5  1.5]  to  [-4. -2.  2.]
Slicing  [-4.  -1.5  2.5]  to  [-4. -2.  2.]
Slicing  [-3.5 -2.5  2. ]  to  [-4. -2.  2.]
Slicing  [-3.5 -2.   1.5]  to  [-4. -2.  2.]
Slicing  [-3.5 -2.   2.5]  to  [-4. -2.  2.]
Slicing  [-3.5 -1.5  2. ]  to  [-4. -2.  2.]
Processing BZ [-4 -2  2], path segments from Gamma to R

4 symmetrically equivalent path segments
[[ 0.   0.   0.  -0.5 -0.5  0.5]
 [ 0.   0.   0.  -0.5  0.5 -0.5]
 [ 0.   0.   0.   0.5 -0.5 -0.5]
 [ 0.   0.   0.   0.5  0.5  0.5]]
Slicing  [-4. -2.  2.]  to  [-4.5 -2.5  2.5]
Slicing  [-4. -2.  2.]  to  [-4.5 -1.5  1.5]
Slicing  [-4. -2.  2.]  to  [-3.5 -2.5  1.5]
Slicing  [-4. -2.  2.]  to  [-3.5 -1.5  2.5]
Processing BZ [-4 -2  2], path segments from R to X

12 symmetrically equivalent path segments
[[-0.5 -0.5  0.5 -0.5  0.   0. ]
 [-0.5 -0.5  0.5  0.  -0.5  0. ]
 [-0.5 -0.5  0.5  0.   0.   0.5]
 [-0.5  0.5 -0.5 -0.5  0.   0. ]
 [-0.5  0.5 -0.5  0.   0.  -0.5]
 [-0.5  0.5 -0.5  0.   0.5  0. ]
 [ 0.5 -0.5 -0.5  0.  -0.5  0. ]
 [ 0.5 -0.5 -0.5  0.   0.  -0.5]
 [ 0.5 -0.5 -0.5  0.5  0.   0. ]
 [ 0.5  0.5  0.5  0.   0.   0.5]
 [ 0.5  0.5  0.5  0.   0.5  0. ]
 [ 0.5  0.5  0.5  0.5  0.   0. ]]
Slicing  [-4.5 -2.5  2.5]  to  [-4.5 -2.   2. ]
Slicing  [-4.5 -2.5  2.5]  to  [-4.  -2.5  2. ]
Slicing  [-4.5 -2.5  2.5]  to  [-4.  -2.   2.5]
Slicing  [-4.5 -1.5  1.5]  to  [-4.5 -2.   2. ]
Slicing  [-4.5 -1.5  1.5]  to  [-4.  -2.   1.5]
Slicing  [-4.5 -1.5  1.5]  to  [-4.  -1.5  2. ]
Slicing  [-3.5 -2.5  1.5]  to  [-4.  -2.5  2. ]
Slicing  [-3.5 -2.5  1.5]  to  [-4.  -2.   1.5]
Slicing  [-3.5 -2.5  1.5]  to  [-3.5 -2.   2. ]
Slicing  [-3.5 -1.5  2.5]  to  [-4.  -2.   2.5]
Slicing  [-3.5 -1.5  2.5]  to  [-4.  -1.5  2. ]
Slicing  [-3.5 -1.5  2.5]  to  [-3.5 -2.   2. ]

Generating Report for BZ [-4 -2  2]

Combining all 54 BZ

BZ [-4 -2  2] done. Total time elapsed 02:51:33
Processing BZ [ 0 -1  2], path segments from Gamma to X

6 symmetrically equivalent path segments
[[ 0.   0.   0.  -0.5  0.   0. ]
 [ 0.   0.   0.   0.  -0.5  0. ]
 [ 0.   0.   0.   0.   0.  -0.5]
 [ 0.   0.   0.   0.   0.   0.5]
 [ 0.   0.   0.   0.   0.5  0. ]
 [ 0.   0.   0.   0.5  0.   0. ]]
Slicing  [ 0. -1.  2.]  to  [-0.5 -1.   2. ]
Slicing  [ 0. -1.  2.]  to  [ 0.  -1.5  2. ]
Slicing  [ 0. -1.  2.]  to  [ 0.  -1.   1.5]
Slicing  [ 0. -1.  2.]  to  [ 0.  -1.   2.5]
Slicing  [ 0. -1.  2.]  to  [ 0.  -0.5  2. ]
Slicing  [ 0. -1.  2.]  to  [ 0.5 -1.   2. ]
Processing BZ [ 0 -1  2], path segments from X to M

12 symmetrically equivalent path segments
[[-0.5  0.   0.  -0.5  0.  -0.5]
 [-0.5  0.   0.  -0.5  0.   0.5]
 [ 0.  -0.5  0.  -0.5 -0.5  0. ]
 [ 0.  -0.5  0.   0.5 -0.5  0. ]
 [ 0.   0.  -0.5  0.  -0.5 -0.5]
 [ 0.   0.  -0.5  0.   0.5 -0.5]
 [ 0.   0.   0.5  0.  -0.5  0.5]
 [ 0.   0.   0.5  0.   0.5  0.5]
 [ 0.   0.5  0.  -0.5  0.5  0. ]
 [ 0.   0.5  0.   0.5  0.5  0. ]
 [ 0.5  0.   0.   0.5  0.  -0.5]
 [ 0.5  0.   0.   0.5  0.   0.5]]
Slicing  [-0.5 -1.   2. ]  to  [-0.5 -1.   1.5]
Slicing  [-0.5 -1.   2. ]  to  [-0.5 -1.   2.5]
Slicing  [ 0.  -1.5  2. ]  to  [-0.5 -1.5  2. ]
Slicing  [ 0.  -1.5  2. ]  to  [ 0.5 -1.5  2. ]
Slicing  [ 0.  -1.   1.5]  to  [ 0.  -1.5  1.5]
Slicing  [ 0.  -1.   1.5]  to  [ 0.  -0.5  1.5]
Slicing  [ 0.  -1.   2.5]  to  [ 0.  -1.5  2.5]
Slicing  [ 0.  -1.   2.5]  to  [ 0.  -0.5  2.5]
Slicing  [ 0.  -0.5  2. ]  to  [-0.5 -0.5  2. ]
Slicing  [ 0.  -0.5  2. ]  to  [ 0.5 -0.5  2. ]
Slicing  [ 0.5 -1.   2. ]  to  [ 0.5 -1.   1.5]
Slicing  [ 0.5 -1.   2. ]  to  [ 0.5 -1.   2.5]
Processing BZ [ 0 -1  2], path segments from M to Gamma

12 symmetrically equivalent path segments
[[-0.5 -0.5  0.   0.   0.   0. ]
 [-0.5  0.  -0.5  0.   0.   0. ]
 [-0.5  0.   0.5  0.   0.   0. ]
 [-0.5  0.5  0.   0.   0.   0. ]
 [ 0.  -0.5 -0.5  0.   0.   0. ]
 [ 0.  -0.5  0.5  0.   0.   0. ]
 [ 0.   0.5 -0.5  0.   0.   0. ]
 [ 0.   0.5  0.5  0.   0.   0. ]
 [ 0.5 -0.5  0.   0.   0.   0. ]
 [ 0.5  0.  -0.5  0.   0.   0. ]
 [ 0.5  0.   0.5  0.   0.   0. ]
 [ 0.5  0.5  0.   0.   0.   0. ]]
Slicing  [-0.5 -1.5  2. ]  to  [ 0. -1.  2.]
Slicing  [-0.5 -1.   1.5]  to  [ 0. -1.  2.]
Slicing  [-0.5 -1.   2.5]  to  [ 0. -1.  2.]
Slicing  [-0.5 -0.5  2. ]  to  [ 0. -1.  2.]
Slicing  [ 0.  -1.5  1.5]  to  [ 0. -1.  2.]
Slicing  [ 0.  -1.5  2.5]  to  [ 0. -1.  2.]
Slicing  [ 0.  -0.5  1.5]  to  [ 0. -1.  2.]
Slicing  [ 0.  -0.5  2.5]  to  [ 0. -1.  2.]
Slicing  [ 0.5 -1.5  2. ]  to  [ 0. -1.  2.]
Slicing  [ 0.5 -1.   1.5]  to  [ 0. -1.  2.]
Slicing  [ 0.5 -1.   2.5]  to  [ 0. -1.  2.]
Slicing  [ 0.5 -0.5  2. ]  to  [ 0. -1.  2.]
Processing BZ [ 0 -1  2], path segments from Gamma to R

4 symmetrically equivalent path segments
[[ 0.   0.   0.  -0.5 -0.5  0.5]
 [ 0.   0.   0.  -0.5  0.5 -0.5]
 [ 0.   0.   0.   0.5 -0.5 -0.5]
 [ 0.   0.   0.   0.5  0.5  0.5]]
Slicing  [ 0. -1.  2.]  to  [-0.5 -1.5  2.5]
Slicing  [ 0. -1.  2.]  to  [-0.5 -0.5  1.5]
Slicing  [ 0. -1.  2.]  to  [ 0.5 -1.5  1.5]
Slicing  [ 0. -1.  2.]  to  [ 0.5 -0.5  2.5]
Processing BZ [ 0 -1  2], path segments from R to X

12 symmetrically equivalent path segments
[[-0.5 -0.5  0.5 -0.5  0.   0. ]
 [-0.5 -0.5  0.5  0.  -0.5  0. ]
 [-0.5 -0.5  0.5  0.   0.   0.5]
 [-0.5  0.5 -0.5 -0.5  0.   0. ]
 [-0.5  0.5 -0.5  0.   0.  -0.5]
 [-0.5  0.5 -0.5  0.   0.5  0. ]
 [ 0.5 -0.5 -0.5  0.  -0.5  0. ]
 [ 0.5 -0.5 -0.5  0.   0.  -0.5]
 [ 0.5 -0.5 -0.5  0.5  0.   0. ]
 [ 0.5  0.5  0.5  0.   0.   0.5]
 [ 0.5  0.5  0.5  0.   0.5  0. ]
 [ 0.5  0.5  0.5  0.5  0.   0. ]]
Slicing  [-0.5 -1.5  2.5]  to  [-0.5 -1.   2. ]
Slicing  [-0.5 -1.5  2.5]  to  [ 0.  -1.5  2. ]
Slicing  [-0.5 -1.5  2.5]  to  [ 0.  -1.   2.5]
Slicing  [-0.5 -0.5  1.5]  to  [-0.5 -1.   2. ]
Slicing  [-0.5 -0.5  1.5]  to  [ 0.  -1.   1.5]
Slicing  [-0.5 -0.5  1.5]  to  [ 0.  -0.5  2. ]
Slicing  [ 0.5 -1.5  1.5]  to  [ 0.  -1.5  2. ]
Slicing  [ 0.5 -1.5  1.5]  to  [ 0.  -1.   1.5]
Slicing  [ 0.5 -1.5  1.5]  to  [ 0.5 -1.   2. ]
Slicing  [ 0.5 -0.5  2.5]  to  [ 0.  -1.   2.5]
Slicing  [ 0.5 -0.5  2.5]  to  [ 0.  -0.5  2. ]
Slicing  [ 0.5 -0.5  2.5]  to  [ 0.5 -1.   2. ]

Generating Report for BZ [ 0 -1  2]

Combining all 55 BZ

BZ [ 0 -1  2] done. Total time elapsed 02:54:46
Processing BZ [0 1 1], path segments from Gamma to X

6 symmetrically equivalent path segments
[[ 0.   0.   0.  -0.5  0.   0. ]
 [ 0.   0.   0.   0.  -0.5  0. ]
 [ 0.   0.   0.   0.   0.  -0.5]
 [ 0.   0.   0.   0.   0.   0.5]
 [ 0.   0.   0.   0.   0.5  0. ]
 [ 0.   0.   0.   0.5  0.   0. ]]
Slicing  [0. 1. 1.]  to  [-0.5  1.   1. ]
Slicing  [0. 1. 1.]  to  [0.  0.5 1. ]
Slicing  [0. 1. 1.]  to  [0.  1.  0.5]
Slicing  [0. 1. 1.]  to  [0.  1.  1.5]
Slicing  [0. 1. 1.]  to  [0.  1.5 1. ]
Slicing  [0. 1. 1.]  to  [0.5 1.  1. ]
Processing BZ [0 1 1], path segments from X to M

12 symmetrically equivalent path segments
[[-0.5  0.   0.  -0.5  0.  -0.5]
 [-0.5  0.   0.  -0.5  0.   0.5]
 [ 0.  -0.5  0.  -0.5 -0.5  0. ]
 [ 0.  -0.5  0.   0.5 -0.5  0. ]
 [ 0.   0.  -0.5  0.  -0.5 -0.5]
 [ 0.   0.  -0.5  0.   0.5 -0.5]
 [ 0.   0.   0.5  0.  -0.5  0.5]
 [ 0.   0.   0.5  0.   0.5  0.5]
 [ 0.   0.5  0.  -0.5  0.5  0. ]
 [ 0.   0.5  0.   0.5  0.5  0. ]
 [ 0.5  0.   0.   0.5  0.  -0.5]
 [ 0.5  0.   0.   0.5  0.   0.5]]
Slicing  [-0.5  1.   1. ]  to  [-0.5  1.   0.5]
Slicing  [-0.5  1.   1. ]  to  [-0.5  1.   1.5]
Slicing  [0.  0.5 1. ]  to  [-0.5  0.5  1. ]
Slicing  [0.  0.5 1. ]  to  [0.5 0.5 1. ]
Slicing  [0.  1.  0.5]  to  [0.  0.5 0.5]
Slicing  [0.  1.  0.5]  to  [0.  1.5 0.5]


Processed: 2588/4462 (58.00%) | Elapsed: 02:55:03 | BZ Folding estimated remaining time: 02:06:45


Slicing  [0.  1.  1.5]  to  [0.  0.5 1.5]
Slicing  [0.  1.  1.5]  to  [0.  1.5 1.5]
Slicing  [0.  1.5 1. ]  to  [-0.5  1.5  1. ]
Slicing  [0.  1.5 1. ]  to  [0.5 1.5 1. ]
Slicing  [0.5 1.  1. ]  to  [0.5 1.  0.5]
Slicing  [0.5 1.  1. ]  to  [0.5 1.  1.5]
Processing BZ [0 1 1], path segments from M to Gamma

12 symmetrically equivalent path segments
[[-0.5 -0.5  0.   0.   0.   0. ]
 [-0.5  0.  -0.5  0.   0.   0. ]
 [-0.5  0.   0.5  0.   0.   0. ]
 [-0.5  0.5  0.   0.   0.   0. ]
 [ 0.  -0.5 -0.5  0.   0.   0. ]
 [ 0.  -0.5  0.5  0.   0.   0. ]
 [ 0.   0.5 -0.5  0.   0.   0. ]
 [ 0.   0.5  0.5  0.   0.   0. ]
 [ 0.5 -0.5  0.   0.   0.   0. ]
 [ 0.5  0.  -0.5  0.   0.   0. ]
 [ 0.5  0.   0.5  0.   0.   0. ]
 [ 0.5  0.5  0.   0.   0.   0. ]]
Slicing  [-0.5  0.5  1. ]  to  [0. 1. 1.]
Slicing  [-0.5  1.   0.5]  to  [0. 1. 1.]
Slicing  [-0.5  1.   1.5]  to  [0. 1. 1.]
Slicing  [-0.5  1.5  1. ]  to  [0. 1. 1.]
Slicing  [0.  0.5 0.5]  to  [0. 1. 1.]
Slicing  [0.  0.5 1.5]  to  [0. 1. 1.]
Slicing  [0.  1.5 0.5]  to  [0. 1. 1.]
Slicing  [0.  1.5 1.5]  to  [0. 1. 1.]
Slicing  [0.5 0.5 1. ]  to  [0. 1. 1.]
Slicing  [0.5 1.  0.5]  to  [0. 1. 1.]
Slicing  [0.5 1.  1.5]  to  [0. 1. 1.]
Slicing  [0.5 1.5 1. ]  to  [0. 1. 1.]
Processing BZ [0 1 1], path segments from Gamma to R

4 symmetrically equivalent path segments
[[ 0.   0.   0.  -0.5 -0.5  0.5]
 [ 0.   0.   0.  -0.5  0.5 -0.5]
 [ 0.   0.   0.   0.5 -0.5 -0.5]
 [ 0.   0.   0.   0.5  0.5  0.5]]
Slicing  [0. 1. 1.]  to  [-0.5  0.5  1.5]
Slicing  [0. 1. 1.]  to  [-0.5  1.5  0.5]
Slicing  [0. 1. 1.]  to  [0.5 0.5 0.5]
Slicing  [0. 1. 1.]  to  [0.5 1.5 1.5]
Processing BZ [0 1 1], path segments from R to X

12 symmetrically equivalent path segments
[[-0.5 -0.5  0.5 -0.5  0.   0. ]
 [-0.5 -0.5  0.5  0.  -0.5  0. ]
 [-0.5 -0.5  0.5  0.   0.   0.5]
 [-0.5  0.5 -0.5 -0.5  0.   0. ]
 [-0.5  0.5 -0.5  0.   0.  -0.5]
 [-0.5  0.5 -0.5  0.   0.5  0. ]
 [ 0.5 -0.5 -0.5  0.  -0.5  0. ]
 [ 0.5 -0.5 -0.5  0.   0.  -0.5]
 [ 0.5 -0.5 -0.5  0.5  0.   0. ]
 [ 0.5  0.5  0.5  0.   0.   0.5]
 [ 0.5  0.5  0.5  0.   0.5  0. ]
 [ 0.5  0.5  0.5  0.5  0.   0. ]]
Slicing  [-0.5  0.5  1.5]  to  [-0.5  1.   1. ]
Slicing  [-0.5  0.5  1.5]  to  [0.  0.5 1. ]
Slicing  [-0.5  0.5  1.5]  to  [0.  1.  1.5]
Slicing  [-0.5  1.5  0.5]  to  [-0.5  1.   1. ]
Slicing  [-0.5  1.5  0.5]  to  [0.  1.  0.5]
Slicing  [-0.5  1.5  0.5]  to  [0.  1.5 1. ]
Slicing  [0.5 0.5 0.5]  to  [0.  0.5 1. ]
Slicing  [0.5 0.5 0.5]  to  [0.  1.  0.5]
Slicing  [0.5 0.5 0.5]  to  [0.5 1.  1. ]
Slicing  [0.5 1.5 1.5]  to  [0.  1.  1.5]
Slicing  [0.5 1.5 1.5]  to  [0.  1.5 1. ]
Slicing  [0.5 1.5 1.5]  to  [0.5 1.  1. ]

Generating Report for BZ [0 1 1]

Combining all 56 BZ

BZ [0 1 1] done. Total time elapsed 02:57:52
Processing BZ [-2 -2  2], path segments from Gamma to X

6 symmetrically equivalent path segments
[[ 0.   0.   0.  -0.5  0.   0. ]
 [ 0.   0.   0.   0.  -0.5  0. ]
 [ 0.   0.   0.   0.   0.  -0.5]
 [ 0.   0.   0.   0.   0.   0.5]
 [ 0.   0.   0.   0.   0.5  0. ]
 [ 0.   0.   0.   0.5  0.   0. ]]
Slicing  [-2. -2.  2.]  to  [-2.5 -2.   2. ]
Slicing  [-2. -2.  2.]  to  [-2.  -2.5  2. ]
Slicing  [-2. -2.  2.]  to  [-2.  -2.   1.5]
Slicing  [-2. -2.  2.]  to  [-2.  -2.   2.5]
Slicing  [-2. -2.  2.]  to  [-2.  -1.5  2. ]
Slicing  [-2. -2.  2.]  to  [-1.5 -2.   2. ]
Processing BZ [-2 -2  2], path segments from X to M

12 symmetrically equivalent path segments
[[-0.5  0.   0.  -0.5  0.  -0.5]
 [-0.5  0.   0.  -0.5  0.   0.5]
 [ 0.  -0.5  0.  -0.5 -0.5  0. ]
 [ 0.  -0.5  0.   0.5 -0.5  0. ]
 [ 0.   0.  -0.5  0.  -0.5 -0.5]
 [ 0.   0.  -0.5  0.   0.5 -0.5]
 [ 0.   0.   0.5  0.  -0.5  0.5]
 [ 0.   0.   0.5  0.   0.5  0.5]
 [ 0.   0.5  0.  -0.5  0.5  0. ]
 [ 0.   0.5  0.   0.5  0.5  0. ]
 [ 0.5  0.   0.   0.5  0.  -0.5]
 [ 0.5  0.   0.   0.5  0.   0.5]]
Slicing  [-2.5 -2.   2. ]  to  [-2.5 -2.   1.5]
Slicing  [-2.5 -2.   2. ]  to  [-2.5 -2.   2.5]
Slicing  [-2.  -2.5  2. ]  to  [-2.5 -2.5  2. ]
Slicing  [-2.  -2.5  2. ]  to  [-1.5 -2.5  2. ]
Slicing  [-2.  -2.   1.5]  to  [-2.  -2.5  1.5]
Slicing  [-2.  -2.   1.5]  to  [-2.  -1.5  1.5]
Slicing  [-2.  -2.   2.5]  to  [-2.  -2.5  2.5]
Slicing  [-2.  -2.   2.5]  to  [-2.  -1.5  2.5]
Slicing  [-2.  -1.5  2. ]  to  [-2.5 -1.5  2. ]
Slicing  [-2.  -1.5  2. ]  to  [-1.5 -1.5  2. ]
Slicing  [-1.5 -2.   2. ]  to  [-1.5 -2.   1.5]
Slicing  [-1.5 -2.   2. ]  to  [-1.5 -2.   2.5]
Processing BZ [-2 -2  2], path segments from M to Gamma

12 symmetrically equivalent path segments
[[-0.5 -0.5  0.   0.   0.   0. ]
 [-0.5  0.  -0.5  0.   0.   0. ]
 [-0.5  0.   0.5  0.   0.   0. ]
 [-0.5  0.5  0.   0.   0.   0. ]
 [ 0.  -0.5 -0.5  0.   0.   0. ]
 [ 0.  -0.5  0.5  0.   0.   0. ]
 [ 0.   0.5 -0.5  0.   0.   0. ]
 [ 0.   0.5  0.5  0.   0.   0. ]
 [ 0.5 -0.5  0.   0.   0.   0. ]
 [ 0.5  0.  -0.5  0.   0.   0. ]
 [ 0.5  0.   0.5  0.   0.   0. ]
 [ 0.5  0.5  0.   0.   0.   0. ]]
Slicing  [-2.5 -2.5  2. ]  to  [-2. -2.  2.]
Slicing  [-2.5 -2.   1.5]  to  [-2. -2.  2.]
Slicing  [-2.5 -2.   2.5]  to  [-2. -2.  2.]
Slicing  [-2.5 -1.5  2. ]  to  [-2. -2.  2.]
Slicing  [-2.  -2.5  1.5]  to  [-2. -2.  2.]
Slicing  [-2.  -2.5  2.5]  to  [-2. -2.  2.]
Slicing  [-2.  -1.5  1.5]  to  [-2. -2.  2.]
Slicing  [-2.  -1.5  2.5]  to  [-2. -2.  2.]
Slicing  [-1.5 -2.5  2. ]  to  [-2. -2.  2.]
Slicing  [-1.5 -2.   1.5]  to  [-2. -2.  2.]
Slicing  [-1.5 -2.   2.5]  to  [-2. -2.  2.]
Slicing  [-1.5 -1.5  2. ]  to  [-2. -2.  2.]
Processing BZ [-2 -2  2], path segments from Gamma to R

4 symmetrically equivalent path segments
[[ 0.   0.   0.  -0.5 -0.5  0.5]
 [ 0.   0.   0.  -0.5  0.5 -0.5]
 [ 0.   0.   0.   0.5 -0.5 -0.5]
 [ 0.   0.   0.   0.5  0.5  0.5]]
Slicing  [-2. -2.  2.]  to  [-2.5 -2.5  2.5]
Slicing  [-2. -2.  2.]  to  [-2.5 -1.5  1.5]
Slicing  [-2. -2.  2.]  to  [-1.5 -2.5  1.5]
Slicing  [-2. -2.  2.]  to  [-1.5 -1.5  2.5]
Processing BZ [-2 -2  2], path segments from R to X

12 symmetrically equivalent path segments
[[-0.5 -0.5  0.5 -0.5  0.   0. ]
 [-0.5 -0.5  0.5  0.  -0.5  0. ]
 [-0.5 -0.5  0.5  0.   0.   0.5]
 [-0.5  0.5 -0.5 -0.5  0.   0. ]
 [-0.5  0.5 -0.5  0.   0.  -0.5]
 [-0.5  0.5 -0.5  0.   0.5  0. ]
 [ 0.5 -0.5 -0.5  0.  -0.5  0. ]
 [ 0.5 -0.5 -0.5  0.   0.  -0.5]
 [ 0.5 -0.5 -0.5  0.5  0.   0. ]
 [ 0.5  0.5  0.5  0.   0.   0.5]
 [ 0.5  0.5  0.5  0.   0.5  0. ]
 [ 0.5  0.5  0.5  0.5  0.   0. ]]
Slicing  [-2.5 -2.5  2.5]  to  [-2.5 -2.   2. ]
Slicing  [-2.5 -2.5  2.5]  to  [-2.  -2.5  2. ]
Slicing  [-2.5 -2.5  2.5]  to  [-2.  -2.   2.5]
Slicing  [-2.5 -1.5  1.5]  to  [-2.5 -2.   2. ]
Slicing  [-2.5 -1.5  1.5]  to  [-2.  -2.   1.5]
Slicing  [-2.5 -1.5  1.5]  to  [-2.  -1.5  2. ]
Slicing  [-1.5 -2.5  1.5]  to  [-2.  -2.5  2. ]
Slicing  [-1.5 -2.5  1.5]  to  [-2.  -2.   1.5]
Slicing  [-1.5 -2.5  1.5]  to  [-1.5 -2.   2. ]
Slicing  [-1.5 -1.5  2.5]  to  [-2.  -2.   2.5]
Slicing  [-1.5 -1.5  2.5]  to  [-2.  -1.5  2. ]
Slicing  [-1.5 -1.5  2.5]  to  [-1.5 -2.   2. ]

Generating Report for BZ [-2 -2  2]

Combining all 57 BZ

BZ [-2 -2  2] done. Total time elapsed 03:01:02
Processing BZ [-1  0 -1], path segments from Gamma to X

6 symmetrically equivalent path segments
[[ 0.   0.   0.  -0.5  0.   0. ]
 [ 0.   0.   0.   0.  -0.5  0. ]
 [ 0.   0.   0.   0.   0.  -0.5]
 [ 0.   0.   0.   0.   0.   0.5]
 [ 0.   0.   0.   0.   0.5  0. ]
 [ 0.   0.   0.   0.5  0.   0. ]]
Slicing  [-1.  0. -1.]  to  [-1.5  0.  -1. ]
Slicing  [-1.  0. -1.]  to  [-1.  -0.5 -1. ]
Slicing  [-1.  0. -1.]  to  [-1.   0.  -1.5]
Slicing  [-1.  0. -1.]  to  [-1.   0.  -0.5]
Slicing  [-1.  0. -1.]  to  [-1.   0.5 -1. ]
Slicing  [-1.  0. -1.]  to  [-0.5  0.  -1. ]
Processing BZ [-1  0 -1], path segments from X to M

12 symmetrically equivalent path segments
[[-0.5  0.   0.  -0.5  0.  -0.5]
 [-0.5  0.   0.  -0.5  0.   0.5]
 [ 0.  -0.5  0.  -0.5 -0.5  0. ]
 [ 0.  -0.5  0.   0.5 -0.5  0. ]
 [ 0.   0.  -0.5  0.  -0.5 -0.5]
 [ 0.   0.  -0.5  0.   0.5 -0.5]
 [ 0.   0.   0.5  0.  -0.5  0.5]
 [ 0.   0.   0.5  0.   0.5  0.5]
 [ 0.   0.5  0.  -0.5  0.5  0. ]
 [ 0.   0.5  0.   0.5  0.5  0. ]
 [ 0.5  0.   0.   0.5  0.  -0.5]
 [ 0.5  0.   0.   0.5  0.   0.5]]
Slicing  [-1.5  0.  -1. ]  to  [-1.5  0.  -1.5]
Slicing  [-1.5  0.  -1. ]  to  [-1.5  0.  -0.5]
Slicing  [-1.  -0.5 -1. ]  to  [-1.5 -0.5 -1. ]
Slicing  [-1.  -0.5 -1. ]  to  [-0.5 -0.5 -1. ]


Processed: 2678/4462 (60.02%) | Elapsed: 03:01:15 | BZ Folding estimated remaining time: 02:00:45


Slicing  [-1.   0.  -1.5]  to  [-1.  -0.5 -1.5]
Slicing  [-1.   0.  -1.5]  to  [-1.   0.5 -1.5]
Slicing  [-1.   0.  -0.5]  to  [-1.  -0.5 -0.5]
Slicing  [-1.   0.  -0.5]  to  [-1.   0.5 -0.5]
Slicing  [-1.   0.5 -1. ]  to  [-1.5  0.5 -1. ]
Slicing  [-1.   0.5 -1. ]  to  [-0.5  0.5 -1. ]
Slicing  [-0.5  0.  -1. ]  to  [-0.5  0.  -1.5]
Slicing  [-0.5  0.  -1. ]  to  [-0.5  0.  -0.5]
Processing BZ [-1  0 -1], path segments from M to Gamma

12 symmetrically equivalent path segments
[[-0.5 -0.5  0.   0.   0.   0. ]
 [-0.5  0.  -0.5  0.   0.   0. ]
 [-0.5  0.   0.5  0.   0.   0. ]
 [-0.5  0.5  0.   0.   0.   0. ]
 [ 0.  -0.5 -0.5  0.   0.   0. ]
 [ 0.  -0.5  0.5  0.   0.   0. ]
 [ 0.   0.5 -0.5  0.   0.   0. ]
 [ 0.   0.5  0.5  0.   0.   0. ]
 [ 0.5 -0.5  0.   0.   0.   0. ]
 [ 0.5  0.  -0.5  0.   0.   0. ]
 [ 0.5  0.   0.5  0.   0.   0. ]
 [ 0.5  0.5  0.   0.   0.   0. ]]
Slicing  [-1.5 -0.5 -1. ]  to  [-1.  0. -1.]
Slicing  [-1.5  0.  -1.5]  to  [-1.  0. -1.]
Slicing  [-1.5  0.  -0.5]  to  [-1.  0. -1.]
Slicing  [-1.5  0.5 -1. ]  to  [-1.  0. -1.]
Slicing  [-1.  -0.5 -1.5]  to  [-1.  0. -1.]
Slicing  [-1.  -0.5 -0.5]  to  [-1.  0. -1.]
Slicing  [-1.   0.5 -1.5]  to  [-1.  0. -1.]
Slicing  [-1.   0.5 -0.5]  to  [-1.  0. -1.]
Slicing  [-0.5 -0.5 -1. ]  to  [-1.  0. -1.]
Slicing  [-0.5  0.  -1.5]  to  [-1.  0. -1.]
Slicing  [-0.5  0.  -0.5]  to  [-1.  0. -1.]
Slicing  [-0.5  0.5 -1. ]  to  [-1.  0. -1.]
Processing BZ [-1  0 -1], path segments from Gamma to R

4 symmetrically equivalent path segments
[[ 0.   0.   0.  -0.5 -0.5  0.5]
 [ 0.   0.   0.  -0.5  0.5 -0.5]
 [ 0.   0.   0.   0.5 -0.5 -0.5]
 [ 0.   0.   0.   0.5  0.5  0.5]]
Slicing  [-1.  0. -1.]  to  [-1.5 -0.5 -0.5]
Slicing  [-1.  0. -1.]  to  [-1.5  0.5 -1.5]
Slicing  [-1.  0. -1.]  to  [-0.5 -0.5 -1.5]
Slicing  [-1.  0. -1.]  to  [-0.5  0.5 -0.5]
Processing BZ [-1  0 -1], path segments from R to X

12 symmetrically equivalent path segments
[[-0.5 -0.5  0.5 -0.5  0.   0. ]
 [-0.5 -0.5  0.5  0.  -0.5  0. ]
 [-0.5 -0.5  0.5  0.   0.   0.5]
 [-0.5  0.5 -0.5 -0.5  0.   0. ]
 [-0.5  0.5 -0.5  0.   0.  -0.5]
 [-0.5  0.5 -0.5  0.   0.5  0. ]
 [ 0.5 -0.5 -0.5  0.  -0.5  0. ]
 [ 0.5 -0.5 -0.5  0.   0.  -0.5]
 [ 0.5 -0.5 -0.5  0.5  0.   0. ]
 [ 0.5  0.5  0.5  0.   0.   0.5]
 [ 0.5  0.5  0.5  0.   0.5  0. ]
 [ 0.5  0.5  0.5  0.5  0.   0. ]]
Slicing  [-1.5 -0.5 -0.5]  to  [-1.5  0.  -1. ]
Slicing  [-1.5 -0.5 -0.5]  to  [-1.  -0.5 -1. ]
Slicing  [-1.5 -0.5 -0.5]  to  [-1.   0.  -0.5]
Slicing  [-1.5  0.5 -1.5]  to  [-1.5  0.  -1. ]
Slicing  [-1.5  0.5 -1.5]  to  [-1.   0.  -1.5]
Slicing  [-1.5  0.5 -1.5]  to  [-1.   0.5 -1. ]
Slicing  [-0.5 -0.5 -1.5]  to  [-1.  -0.5 -1. ]
Slicing  [-0.5 -0.5 -1.5]  to  [-1.   0.  -1.5]
Slicing  [-0.5 -0.5 -1.5]  to  [-0.5  0.  -1. ]
Slicing  [-0.5  0.5 -0.5]  to  [-1.   0.  -0.5]
Slicing  [-0.5  0.5 -0.5]  to  [-1.   0.5 -1. ]
Slicing  [-0.5  0.5 -0.5]  to  [-0.5  0.  -1. ]

Generating Report for BZ [-1  0 -1]

Combining all 58 BZ

BZ [-1  0 -1] done. Total time elapsed 03:04:28
Processing BZ [1 0 1], path segments from Gamma to X

6 symmetrically equivalent path segments
[[ 0.   0.   0.  -0.5  0.   0. ]
 [ 0.   0.   0.   0.  -0.5  0. ]
 [ 0.   0.   0.   0.   0.  -0.5]
 [ 0.   0.   0.   0.   0.   0.5]
 [ 0.   0.   0.   0.   0.5  0. ]
 [ 0.   0.   0.   0.5  0.   0. ]]
Slicing  [1. 0. 1.]  to  [0.5 0.  1. ]
Slicing  [1. 0. 1.]  to  [ 1.  -0.5  1. ]
Slicing  [1. 0. 1.]  to  [1.  0.  0.5]
Slicing  [1. 0. 1.]  to  [1.  0.  1.5]
Slicing  [1. 0. 1.]  to  [1.  0.5 1. ]
Slicing  [1. 0. 1.]  to  [1.5 0.  1. ]
Processing BZ [1 0 1], path segments from X to M

12 symmetrically equivalent path segments
[[-0.5  0.   0.  -0.5  0.  -0.5]
 [-0.5  0.   0.  -0.5  0.   0.5]
 [ 0.  -0.5  0.  -0.5 -0.5  0. ]
 [ 0.  -0.5  0.   0.5 -0.5  0. ]
 [ 0.   0.  -0.5  0.  -0.5 -0.5]
 [ 0.   0.  -0.5  0.   0.5 -0.5]
 [ 0.   0.   0.5  0.  -0.5  0.5]
 [ 0.   0.   0.5  0.   0.5  0.5]
 [ 0.   0.5  0.  -0.5  0.5  0. ]
 [ 0.   0.5  0.   0.5  0.5  0. ]
 [ 0.5  0.   0.   0.5  0.  -0.5]
 [ 0.5  0.   0.   0.5  0.   0.5]]
Slicing  [0.5 0.  1. ]  to  [0.5 0.  0.5]
Slicing  [0.5 0.  1. ]  to  [0.5 0.  1.5]
Slicing  [ 1.  -0.5  1. ]  to  [ 0.5 -0.5  1. ]
Slicing  [ 1.  -0.5  1. ]  to  [ 1.5 -0.5  1. ]
Slicing  [1.  0.  0.5]  to  [ 1.  -0.5  0.5]
Slicing  [1.  0.  0.5]  to  [1.  0.5 0.5]
Slicing  [1.  0.  1.5]  to  [ 1.  -0.5  1.5]
Slicing  [1.  0.  1.5]  to  [1.  0.5 1.5]
Slicing  [1.  0.5 1. ]  to  [0.5 0.5 1. ]
Slicing  [1.  0.5 1. ]  to  [1.5 0.5 1. ]
Slicing  [1.5 0.  1. ]  to  [1.5 0.  0.5]
Slicing  [1.5 0.  1. ]  to  [1.5 0.  1.5]
Processing BZ [1 0 1], path segments from M to Gamma

12 symmetrically equivalent path segments
[[-0.5 -0.5  0.   0.   0.   0. ]
 [-0.5  0.  -0.5  0.   0.   0. ]
 [-0.5  0.   0.5  0.   0.   0. ]
 [-0.5  0.5  0.   0.   0.   0. ]
 [ 0.  -0.5 -0.5  0.   0.   0. ]
 [ 0.  -0.5  0.5  0.   0.   0. ]
 [ 0.   0.5 -0.5  0.   0.   0. ]
 [ 0.   0.5  0.5  0.   0.   0. ]
 [ 0.5 -0.5  0.   0.   0.   0. ]
 [ 0.5  0.  -0.5  0.   0.   0. ]
 [ 0.5  0.   0.5  0.   0.   0. ]
 [ 0.5  0.5  0.   0.   0.   0. ]]
Slicing  [ 0.5 -0.5  1. ]  to  [1. 0. 1.]
Slicing  [0.5 0.  0.5]  to  [1. 0. 1.]
Slicing  [0.5 0.  1.5]  to  [1. 0. 1.]
Slicing  [0.5 0.5 1. ]  to  [1. 0. 1.]
Slicing  [ 1.  -0.5  0.5]  to  [1. 0. 1.]
Slicing  [ 1.  -0.5  1.5]  to  [1. 0. 1.]
Slicing  [1.  0.5 0.5]  to  [1. 0. 1.]
Slicing  [1.  0.5 1.5]  to  [1. 0. 1.]
Slicing  [ 1.5 -0.5  1. ]  to  [1. 0. 1.]
Slicing  [1.5 0.  0.5]  to  [1. 0. 1.]
Slicing  [1.5 0.  1.5]  to  [1. 0. 1.]
Slicing  [1.5 0.5 1. ]  to  [1. 0. 1.]
Processing BZ [1 0 1], path segments from Gamma to R

4 symmetrically equivalent path segments
[[ 0.   0.   0.  -0.5 -0.5  0.5]
 [ 0.   0.   0.  -0.5  0.5 -0.5]
 [ 0.   0.   0.   0.5 -0.5 -0.5]
 [ 0.   0.   0.   0.5  0.5  0.5]]
Slicing  [1. 0. 1.]  to  [ 0.5 -0.5  1.5]
Slicing  [1. 0. 1.]  to  [0.5 0.5 0.5]
Slicing  [1. 0. 1.]  to  [ 1.5 -0.5  0.5]
Slicing  [1. 0. 1.]  to  [1.5 0.5 1.5]
Processing BZ [1 0 1], path segments from R to X

12 symmetrically equivalent path segments
[[-0.5 -0.5  0.5 -0.5  0.   0. ]
 [-0.5 -0.5  0.5  0.  -0.5  0. ]
 [-0.5 -0.5  0.5  0.   0.   0.5]
 [-0.5  0.5 -0.5 -0.5  0.   0. ]
 [-0.5  0.5 -0.5  0.   0.  -0.5]
 [-0.5  0.5 -0.5  0.   0.5  0. ]
 [ 0.5 -0.5 -0.5  0.  -0.5  0. ]
 [ 0.5 -0.5 -0.5  0.   0.  -0.5]
 [ 0.5 -0.5 -0.5  0.5  0.   0. ]
 [ 0.5  0.5  0.5  0.   0.   0.5]
 [ 0.5  0.5  0.5  0.   0.5  0. ]
 [ 0.5  0.5  0.5  0.5  0.   0. ]]
Slicing  [ 0.5 -0.5  1.5]  to  [0.5 0.  1. ]
Slicing  [ 0.5 -0.5  1.5]  to  [ 1.  -0.5  1. ]
Slicing  [ 0.5 -0.5  1.5]  to  [1.  0.  1.5]
Slicing  [0.5 0.5 0.5]  to  [0.5 0.  1. ]
Slicing  [0.5 0.5 0.5]  to  [1.  0.  0.5]
Slicing  [0.5 0.5 0.5]  to  [1.  0.5 1. ]
Slicing  [ 1.5 -0.5  0.5]  to  [ 1.  -0.5  1. ]
Slicing  [ 1.5 -0.5  0.5]  to  [1.  0.  0.5]
Slicing  [ 1.5 -0.5  0.5]  to  [1.5 0.  1. ]
Slicing  [1.5 0.5 1.5]  to  [1.  0.  1.5]
Slicing  [1.5 0.5 1.5]  to  [1.  0.5 1. ]
Slicing  [1.5 0.5 1.5]  to  [1.5 0.  1. ]

Generating Report for BZ [1 0 1]

Combining all 59 BZ

BZ [1 0 1] done. Total time elapsed 03:07:50
Processing BZ [0 0 0], path segments from Gamma to X

6 symmetrically equivalent path segments
[[ 0.   0.   0.  -0.5  0.   0. ]
 [ 0.   0.   0.   0.  -0.5  0. ]
 [ 0.   0.   0.   0.   0.  -0.5]
 [ 0.   0.   0.   0.   0.   0.5]
 [ 0.   0.   0.   0.   0.5  0. ]
 [ 0.   0.   0.   0.5  0.   0. ]]
Slicing  [0. 0. 0.]  to  [-0.5  0.   0. ]
Slicing  [0. 0. 0.]  to  [ 0.  -0.5  0. ]
Slicing  [0. 0. 0.]  to  [ 0.   0.  -0.5]
Slicing  [0. 0. 0.]  to  [0.  0.  0.5]
Slicing  [0. 0. 0.]  to  [0.  0.5 0. ]
Slicing  [0. 0. 0.]  to  [0.5 0.  0. ]
Processing BZ [0 0 0], path segments from X to M

12 symmetrically equivalent path segments
[[-0.5  0.   0.  -0.5  0.  -0.5]
 [-0.5  0.   0.  -0.5  0.   0.5]
 [ 0.  -0.5  0.  -0.5 -0.5  0. ]
 [ 0.  -0.5  0.   0.5 -0.5  0. ]
 [ 0.   0.  -0.5  0.  -0.5 -0.5]
 [ 0.   0.  -0.5  0.   0.5 -0.5]
 [ 0.   0.   0.5  0.  -0.5  0.5]
 [ 0.   0.   0.5  0.   0.5  0.5]
 [ 0.   0.5  0.  -0.5  0.5  0. ]
 [ 0.   0.5  0.   0.5  0.5  0. ]
 [ 0.5  0.   0.   0.5  0.  -0.5]
 [ 0.5  0.   0.   0.5  0.   0.5]]
Slicing  [-0.5  0.   0. ]  to  [-0.5  0.  -0.5]


Processed: 2767/4462 (62.01%) | Elapsed: 03:07:50 | BZ Folding estimated remaining time: 01:55:04


Slicing  [-0.5  0.   0. ]  to  [-0.5  0.   0.5]
Slicing  [ 0.  -0.5  0. ]  to  [-0.5 -0.5  0. ]
Slicing  [ 0.  -0.5  0. ]  to  [ 0.5 -0.5  0. ]
Slicing  [ 0.   0.  -0.5]  to  [ 0.  -0.5 -0.5]
Slicing  [ 0.   0.  -0.5]  to  [ 0.   0.5 -0.5]
Slicing  [0.  0.  0.5]  to  [ 0.  -0.5  0.5]
Slicing  [0.  0.  0.5]  to  [0.  0.5 0.5]
Slicing  [0.  0.5 0. ]  to  [-0.5  0.5  0. ]
Slicing  [0.  0.5 0. ]  to  [0.5 0.5 0. ]
Slicing  [0.5 0.  0. ]  to  [ 0.5  0.  -0.5]
Slicing  [0.5 0.  0. ]  to  [0.5 0.  0.5]
Processing BZ [0 0 0], path segments from M to Gamma

12 symmetrically equivalent path segments
[[-0.5 -0.5  0.   0.   0.   0. ]
 [-0.5  0.  -0.5  0.   0.   0. ]
 [-0.5  0.   0.5  0.   0.   0. ]
 [-0.5  0.5  0.   0.   0.   0. ]
 [ 0.  -0.5 -0.5  0.   0.   0. ]
 [ 0.  -0.5  0.5  0.   0.   0. ]
 [ 0.   0.5 -0.5  0.   0.   0. ]
 [ 0.   0.5  0.5  0.   0.   0. ]
 [ 0.5 -0.5  0.   0.   0.   0. ]
 [ 0.5  0.  -0.5  0.   0.   0. ]
 [ 0.5  0.   0.5  0.   0.   0. ]
 [ 0.5  0.5  0.   0.   0.   0. ]]
Slicing  [-0.5 -0.5  0. ]  to  [0. 0. 0.]
Slicing  [-0.5  0.  -0.5]  to  [0. 0. 0.]
Slicing  [-0.5  0.   0.5]  to  [0. 0. 0.]
Slicing  [-0.5  0.5  0. ]  to  [0. 0. 0.]
Slicing  [ 0.  -0.5 -0.5]  to  [0. 0. 0.]
Slicing  [ 0.  -0.5  0.5]  to  [0. 0. 0.]
Slicing  [ 0.   0.5 -0.5]  to  [0. 0. 0.]
Slicing  [0.  0.5 0.5]  to  [0. 0. 0.]
Slicing  [ 0.5 -0.5  0. ]  to  [0. 0. 0.]
Slicing  [ 0.5  0.  -0.5]  to  [0. 0. 0.]
Slicing  [0.5 0.  0.5]  to  [0. 0. 0.]
Slicing  [0.5 0.5 0. ]  to  [0. 0. 0.]
Processing BZ [0 0 0], path segments from Gamma to R

4 symmetrically equivalent path segments
[[ 0.   0.   0.  -0.5 -0.5  0.5]
 [ 0.   0.   0.  -0.5  0.5 -0.5]
 [ 0.   0.   0.   0.5 -0.5 -0.5]
 [ 0.   0.   0.   0.5  0.5  0.5]]
Slicing  [0. 0. 0.]  to  [-0.5 -0.5  0.5]
Slicing  [0. 0. 0.]  to  [-0.5  0.5 -0.5]
Slicing  [0. 0. 0.]  to  [ 0.5 -0.5 -0.5]
Slicing  [0. 0. 0.]  to  [0.5 0.5 0.5]
Processing BZ [0 0 0], path segments from R to X

12 symmetrically equivalent path segments
[[-0.5 -0.5  0.5 -0.5  0.   0. ]
 [-0.5 -0.5  0.5  0.  -0.5  0. ]
 [-0.5 -0.5  0.5  0.   0.   0.5]
 [-0.5  0.5 -0.5 -0.5  0.   0. ]
 [-0.5  0.5 -0.5  0.   0.  -0.5]
 [-0.5  0.5 -0.5  0.   0.5  0. ]
 [ 0.5 -0.5 -0.5  0.  -0.5  0. ]
 [ 0.5 -0.5 -0.5  0.   0.  -0.5]
 [ 0.5 -0.5 -0.5  0.5  0.   0. ]
 [ 0.5  0.5  0.5  0.   0.   0.5]
 [ 0.5  0.5  0.5  0.   0.5  0. ]
 [ 0.5  0.5  0.5  0.5  0.   0. ]]
Slicing  [-0.5 -0.5  0.5]  to  [-0.5  0.   0. ]
Slicing  [-0.5 -0.5  0.5]  to  [ 0.  -0.5  0. ]
Slicing  [-0.5 -0.5  0.5]  to  [0.  0.  0.5]
Slicing  [-0.5  0.5 -0.5]  to  [-0.5  0.   0. ]
Slicing  [-0.5  0.5 -0.5]  to  [ 0.   0.  -0.5]
Slicing  [-0.5  0.5 -0.5]  to  [0.  0.5 0. ]
Slicing  [ 0.5 -0.5 -0.5]  to  [ 0.  -0.5  0. ]
Slicing  [ 0.5 -0.5 -0.5]  to  [ 0.   0.  -0.5]
Slicing  [ 0.5 -0.5 -0.5]  to  [0.5 0.  0. ]
Slicing  [0.5 0.5 0.5]  to  [0.  0.  0.5]
Slicing  [0.5 0.5 0.5]  to  [0.  0.5 0. ]
Slicing  [0.5 0.5 0.5]  to  [0.5 0.  0. ]

Generating Report for BZ [0 0 0]

Combining all 60 BZ

BZ [0 0 0] done. Total time elapsed 03:11:16
Processing BZ [-3 -4  3], path segments from Gamma to X

6 symmetrically equivalent path segments
[[ 0.   0.   0.  -0.5  0.   0. ]
 [ 0.   0.   0.   0.  -0.5  0. ]
 [ 0.   0.   0.   0.   0.  -0.5]
 [ 0.   0.   0.   0.   0.   0.5]
 [ 0.   0.   0.   0.   0.5  0. ]
 [ 0.   0.   0.   0.5  0.   0. ]]
Slicing  [-3. -4.  3.]  to  [-3.5 -4.   3. ]
Slicing  [-3. -4.  3.]  to  [-3.  -4.5  3. ]
Slicing  [-3. -4.  3.]  to  [-3.  -4.   2.5]
Slicing  [-3. -4.  3.]  to  [-3.  -4.   3.5]
Slicing  [-3. -4.  3.]  to  [-3.  -3.5  3. ]
Slicing  [-3. -4.  3.]  to  [-2.5 -4.   3. ]
Processing BZ [-3 -4  3], path segments from X to M

12 symmetrically equivalent path segments
[[-0.5  0.   0.  -0.5  0.  -0.5]
 [-0.5  0.   0.  -0.5  0.   0.5]
 [ 0.  -0.5  0.  -0.5 -0.5  0. ]
 [ 0.  -0.5  0.   0.5 -0.5  0. ]
 [ 0.   0.  -0.5  0.  -0.5 -0.5]
 [ 0.   0.  -0.5  0.   0.5 -0.5]
 [ 0.   0.   0.5  0.  -0.5  0.5]
 [ 0.   0.   0.5  0.   0.5  0.5]
 [ 0.   0.5  0.  -0.5  0.5  0. ]
 [ 0.   0.5  0.   0.5  0.5  0. ]
 [ 0.5  0.   0.   0.5  0.  -0.5]
 [ 0.5  0.   0.   0.5  0.   0.5]]
Slicing  [-3.5 -4.   3. ]  to  [-3.5 -4.   2.5]
Slicing  [-3.5 -4.   3. ]  to  [-3.5 -4.   3.5]
Slicing  [-3.  -4.5  3. ]  to  [-3.5 -4.5  3. ]
Slicing  [-3.  -4.5  3. ]  to  [-2.5 -4.5  3. ]
Slicing  [-3.  -4.   2.5]  to  [-3.  -4.5  2.5]
Slicing  [-3.  -4.   2.5]  to  [-3.  -3.5  2.5]
Slicing  [-3.  -4.   3.5]  to  [-3.  -4.5  3.5]
Slicing  [-3.  -4.   3.5]  to  [-3.  -3.5  3.5]
Slicing  [-3.  -3.5  3. ]  to  [-3.5 -3.5  3. ]
Slicing  [-3.  -3.5  3. ]  to  [-2.5 -3.5  3. ]
Slicing  [-2.5 -4.   3. ]  to  [-2.5 -4.   2.5]
Slicing  [-2.5 -4.   3. ]  to  [-2.5 -4.   3.5]
Processing BZ [-3 -4  3], path segments from M to Gamma

12 symmetrically equivalent path segments
[[-0.5 -0.5  0.   0.   0.   0. ]
 [-0.5  0.  -0.5  0.   0.   0. ]
 [-0.5  0.   0.5  0.   0.   0. ]
 [-0.5  0.5  0.   0.   0.   0. ]
 [ 0.  -0.5 -0.5  0.   0.   0. ]
 [ 0.  -0.5  0.5  0.   0.   0. ]
 [ 0.   0.5 -0.5  0.   0.   0. ]
 [ 0.   0.5  0.5  0.   0.   0. ]
 [ 0.5 -0.5  0.   0.   0.   0. ]
 [ 0.5  0.  -0.5  0.   0.   0. ]
 [ 0.5  0.   0.5  0.   0.   0. ]
 [ 0.5  0.5  0.   0.   0.   0. ]]
Slicing  [-3.5 -4.5  3. ]  to  [-3. -4.  3.]
Slicing  [-3.5 -4.   2.5]  to  [-3. -4.  3.]
Slicing  [-3.5 -4.   3.5]  to  [-3. -4.  3.]
Slicing  [-3.5 -3.5  3. ]  to  [-3. -4.  3.]
Slicing  [-3.  -4.5  2.5]  to  [-3. -4.  3.]
Slicing  [-3.  -4.5  3.5]  to  [-3. -4.  3.]
Slicing  [-3.  -3.5  2.5]  to  [-3. -4.  3.]
Slicing  [-3.  -3.5  3.5]  to  [-3. -4.  3.]
Slicing  [-2.5 -4.5  3. ]  to  [-3. -4.  3.]
Slicing  [-2.5 -4.   2.5]  to  [-3. -4.  3.]
Slicing  [-2.5 -4.   3.5]  to  [-3. -4.  3.]
Slicing  [-2.5 -3.5  3. ]  to  [-3. -4.  3.]
Processing BZ [-3 -4  3], path segments from Gamma to R

4 symmetrically equivalent path segments
[[ 0.   0.   0.  -0.5 -0.5  0.5]
 [ 0.   0.   0.  -0.5  0.5 -0.5]
 [ 0.   0.   0.   0.5 -0.5 -0.5]
 [ 0.   0.   0.   0.5  0.5  0.5]]
Slicing  [-3. -4.  3.]  to  [-3.5 -4.5  3.5]
Slicing  [-3. -4.  3.]  to  [-3.5 -3.5  2.5]
Slicing  [-3. -4.  3.]  to  [-2.5 -4.5  2.5]
Slicing  [-3. -4.  3.]  to  [-2.5 -3.5  3.5]
Processing BZ [-3 -4  3], path segments from R to X

12 symmetrically equivalent path segments
[[-0.5 -0.5  0.5 -0.5  0.   0. ]
 [-0.5 -0.5  0.5  0.  -0.5  0. ]
 [-0.5 -0.5  0.5  0.   0.   0.5]
 [-0.5  0.5 -0.5 -0.5  0.   0. ]
 [-0.5  0.5 -0.5  0.   0.  -0.5]
 [-0.5  0.5 -0.5  0.   0.5  0. ]
 [ 0.5 -0.5 -0.5  0.  -0.5  0. ]
 [ 0.5 -0.5 -0.5  0.   0.  -0.5]
 [ 0.5 -0.5 -0.5  0.5  0.   0. ]
 [ 0.5  0.5  0.5  0.   0.   0.5]
 [ 0.5  0.5  0.5  0.   0.5  0. ]
 [ 0.5  0.5  0.5  0.5  0.   0. ]]
Slicing  [-3.5 -4.5  3.5]  to  [-3.5 -4.   3. ]
Slicing  [-3.5 -4.5  3.5]  to  [-3.  -4.5  3. ]
Slicing  [-3.5 -4.5  3.5]  to  [-3.  -4.   3.5]
Slicing  [-3.5 -3.5  2.5]  to  [-3.5 -4.   3. ]
Slicing  [-3.5 -3.5  2.5]  to  [-3.  -4.   2.5]
Slicing  [-3.5 -3.5  2.5]  to  [-3.  -3.5  3. ]
Slicing  [-2.5 -4.5  2.5]  to  [-3.  -4.5  3. ]
Slicing  [-2.5 -4.5  2.5]  to  [-3.  -4.   2.5]
Slicing  [-2.5 -4.5  2.5]  to  [-2.5 -4.   3. ]
Slicing  [-2.5 -3.5  3.5]  to  [-3.  -4.   3.5]
Slicing  [-2.5 -3.5  3.5]  to  [-3.  -3.5  3. ]
Slicing  [-2.5 -3.5  3.5]  to  [-2.5 -4.   3. ]

Generating Report for BZ [-3 -4  3]

Combining all 61 BZ

BZ [-3 -4  3] done. Total time elapsed 03:14:26
Processing BZ [-4 -2 -1], path segments from Gamma to X

6 symmetrically equivalent path segments
[[ 0.   0.   0.  -0.5  0.   0. ]
 [ 0.   0.   0.   0.  -0.5  0. ]
 [ 0.   0.   0.   0.   0.  -0.5]
 [ 0.   0.   0.   0.   0.   0.5]
 [ 0.   0.   0.   0.   0.5  0. ]
 [ 0.   0.   0.   0.5  0.   0. ]]
Slicing  [-4. -2. -1.]  to  [-4.5 -2.  -1. ]
Slicing  [-4. -2. -1.]  to  [-4.  -2.5 -1. ]
Slicing  [-4. -2. -1.]  to  [-4.  -2.  -1.5]
Slicing  [-4. -2. -1.]  to  [-4.  -2.  -0.5]


Processed: 2856/4462 (64.01%) | Elapsed: 03:14:16 | BZ Folding estimated remaining time: 01:49:14


Slicing  [-4. -2. -1.]  to  [-4.  -1.5 -1. ]
Slicing  [-4. -2. -1.]  to  [-3.5 -2.  -1. ]
Processing BZ [-4 -2 -1], path segments from X to M

12 symmetrically equivalent path segments
[[-0.5  0.   0.  -0.5  0.  -0.5]
 [-0.5  0.   0.  -0.5  0.   0.5]
 [ 0.  -0.5  0.  -0.5 -0.5  0. ]
 [ 0.  -0.5  0.   0.5 -0.5  0. ]
 [ 0.   0.  -0.5  0.  -0.5 -0.5]
 [ 0.   0.  -0.5  0.   0.5 -0.5]
 [ 0.   0.   0.5  0.  -0.5  0.5]
 [ 0.   0.   0.5  0.   0.5  0.5]
 [ 0.   0.5  0.  -0.5  0.5  0. ]
 [ 0.   0.5  0.   0.5  0.5  0. ]
 [ 0.5  0.   0.   0.5  0.  -0.5]
 [ 0.5  0.   0.   0.5  0.   0.5]]
Slicing  [-4.5 -2.  -1. ]  to  [-4.5 -2.  -1.5]
Slicing  [-4.5 -2.  -1. ]  to  [-4.5 -2.  -0.5]
Slicing  [-4.  -2.5 -1. ]  to  [-4.5 -2.5 -1. ]
Slicing  [-4.  -2.5 -1. ]  to  [-3.5 -2.5 -1. ]
Slicing  [-4.  -2.  -1.5]  to  [-4.  -2.5 -1.5]
Slicing  [-4.  -2.  -1.5]  to  [-4.  -1.5 -1.5]
Slicing  [-4.  -2.  -0.5]  to  [-4.  -2.5 -0.5]
Slicing  [-4.  -2.  -0.5]  to  [-4.  -1.5 -0.5]
Slicing  [-4.  -1.5 -1. ]  to  [-4.5 -1.5 -1. ]
Slicing  [-4.  -1.5 -1. ]  to  [-3.5 -1.5 -1. ]
Slicing  [-3.5 -2.  -1. ]  to  [-3.5 -2.  -1.5]
Slicing  [-3.5 -2.  -1. ]  to  [-3.5 -2.  -0.5]
Processing BZ [-4 -2 -1], path segments from M to Gamma

12 symmetrically equivalent path segments
[[-0.5 -0.5  0.   0.   0.   0. ]
 [-0.5  0.  -0.5  0.   0.   0. ]
 [-0.5  0.   0.5  0.   0.   0. ]
 [-0.5  0.5  0.   0.   0.   0. ]
 [ 0.  -0.5 -0.5  0.   0.   0. ]
 [ 0.  -0.5  0.5  0.   0.   0. ]
 [ 0.   0.5 -0.5  0.   0.   0. ]
 [ 0.   0.5  0.5  0.   0.   0. ]
 [ 0.5 -0.5  0.   0.   0.   0. ]
 [ 0.5  0.  -0.5  0.   0.   0. ]
 [ 0.5  0.   0.5  0.   0.   0. ]
 [ 0.5  0.5  0.   0.   0.   0. ]]
Slicing  [-4.5 -2.5 -1. ]  to  [-4. -2. -1.]
Slicing  [-4.5 -2.  -1.5]  to  [-4. -2. -1.]
Slicing  [-4.5 -2.  -0.5]  to  [-4. -2. -1.]
Slicing  [-4.5 -1.5 -1. ]  to  [-4. -2. -1.]
Slicing  [-4.  -2.5 -1.5]  to  [-4. -2. -1.]
Slicing  [-4.  -2.5 -0.5]  to  [-4. -2. -1.]
Slicing  [-4.  -1.5 -1.5]  to  [-4. -2. -1.]
Slicing  [-4.  -1.5 -0.5]  to  [-4. -2. -1.]
Slicing  [-3.5 -2.5 -1. ]  to  [-4. -2. -1.]
Slicing  [-3.5 -2.  -1.5]  to  [-4. -2. -1.]
Slicing  [-3.5 -2.  -0.5]  to  [-4. -2. -1.]
Slicing  [-3.5 -1.5 -1. ]  to  [-4. -2. -1.]
Processing BZ [-4 -2 -1], path segments from Gamma to R

4 symmetrically equivalent path segments
[[ 0.   0.   0.  -0.5 -0.5  0.5]
 [ 0.   0.   0.  -0.5  0.5 -0.5]
 [ 0.   0.   0.   0.5 -0.5 -0.5]
 [ 0.   0.   0.   0.5  0.5  0.5]]
Slicing  [-4. -2. -1.]  to  [-4.5 -2.5 -0.5]
Slicing  [-4. -2. -1.]  to  [-4.5 -1.5 -1.5]
Slicing  [-4. -2. -1.]  to  [-3.5 -2.5 -1.5]
Slicing  [-4. -2. -1.]  to  [-3.5 -1.5 -0.5]
Processing BZ [-4 -2 -1], path segments from R to X

12 symmetrically equivalent path segments
[[-0.5 -0.5  0.5 -0.5  0.   0. ]
 [-0.5 -0.5  0.5  0.  -0.5  0. ]
 [-0.5 -0.5  0.5  0.   0.   0.5]
 [-0.5  0.5 -0.5 -0.5  0.   0. ]
 [-0.5  0.5 -0.5  0.   0.  -0.5]
 [-0.5  0.5 -0.5  0.   0.5  0. ]
 [ 0.5 -0.5 -0.5  0.  -0.5  0. ]
 [ 0.5 -0.5 -0.5  0.   0.  -0.5]
 [ 0.5 -0.5 -0.5  0.5  0.   0. ]
 [ 0.5  0.5  0.5  0.   0.   0.5]
 [ 0.5  0.5  0.5  0.   0.5  0. ]
 [ 0.5  0.5  0.5  0.5  0.   0. ]]
Slicing  [-4.5 -2.5 -0.5]  to  [-4.5 -2.  -1. ]
Slicing  [-4.5 -2.5 -0.5]  to  [-4.  -2.5 -1. ]
Slicing  [-4.5 -2.5 -0.5]  to  [-4.  -2.  -0.5]
Slicing  [-4.5 -1.5 -1.5]  to  [-4.5 -2.  -1. ]
Slicing  [-4.5 -1.5 -1.5]  to  [-4.  -2.  -1.5]
Slicing  [-4.5 -1.5 -1.5]  to  [-4.  -1.5 -1. ]
Slicing  [-3.5 -2.5 -1.5]  to  [-4.  -2.5 -1. ]
Slicing  [-3.5 -2.5 -1.5]  to  [-4.  -2.  -1.5]
Slicing  [-3.5 -2.5 -1.5]  to  [-3.5 -2.  -1. ]
Slicing  [-3.5 -1.5 -0.5]  to  [-4.  -2.  -0.5]
Slicing  [-3.5 -1.5 -0.5]  to  [-4.  -1.5 -1. ]
Slicing  [-3.5 -1.5 -0.5]  to  [-3.5 -2.  -1. ]

Generating Report for BZ [-4 -2 -1]

Combining all 62 BZ

BZ [-4 -2 -1] done. Total time elapsed 03:17:46
Processing BZ [-2 -2 -2], path segments from Gamma to X

6 symmetrically equivalent path segments
[[ 0.   0.   0.  -0.5  0.   0. ]
 [ 0.   0.   0.   0.  -0.5  0. ]
 [ 0.   0.   0.   0.   0.  -0.5]
 [ 0.   0.   0.   0.   0.   0.5]
 [ 0.   0.   0.   0.   0.5  0. ]
 [ 0.   0.   0.   0.5  0.   0. ]]
Slicing  [-2. -2. -2.]  to  [-2.5 -2.  -2. ]
Slicing  [-2. -2. -2.]  to  [-2.  -2.5 -2. ]
Slicing  [-2. -2. -2.]  to  [-2.  -2.  -2.5]
Slicing  [-2. -2. -2.]  to  [-2.  -2.  -1.5]
Slicing  [-2. -2. -2.]  to  [-2.  -1.5 -2. ]
Slicing  [-2. -2. -2.]  to  [-1.5 -2.  -2. ]
Processing BZ [-2 -2 -2], path segments from X to M

12 symmetrically equivalent path segments
[[-0.5  0.   0.  -0.5  0.  -0.5]
 [-0.5  0.   0.  -0.5  0.   0.5]
 [ 0.  -0.5  0.  -0.5 -0.5  0. ]
 [ 0.  -0.5  0.   0.5 -0.5  0. ]
 [ 0.   0.  -0.5  0.  -0.5 -0.5]
 [ 0.   0.  -0.5  0.   0.5 -0.5]
 [ 0.   0.   0.5  0.  -0.5  0.5]
 [ 0.   0.   0.5  0.   0.5  0.5]
 [ 0.   0.5  0.  -0.5  0.5  0. ]
 [ 0.   0.5  0.   0.5  0.5  0. ]
 [ 0.5  0.   0.   0.5  0.  -0.5]
 [ 0.5  0.   0.   0.5  0.   0.5]]
Slicing  [-2.5 -2.  -2. ]  to  [-2.5 -2.  -2.5]
Slicing  [-2.5 -2.  -2. ]  to  [-2.5 -2.  -1.5]
Slicing  [-2.  -2.5 -2. ]  to  [-2.5 -2.5 -2. ]
Slicing  [-2.  -2.5 -2. ]  to  [-1.5 -2.5 -2. ]
Slicing  [-2.  -2.  -2.5]  to  [-2.  -2.5 -2.5]
Slicing  [-2.  -2.  -2.5]  to  [-2.  -1.5 -2.5]
Slicing  [-2.  -2.  -1.5]  to  [-2.  -2.5 -1.5]
Slicing  [-2.  -2.  -1.5]  to  [-2.  -1.5 -1.5]
Slicing  [-2.  -1.5 -2. ]  to  [-2.5 -1.5 -2. ]
Slicing  [-2.  -1.5 -2. ]  to  [-1.5 -1.5 -2. ]
Slicing  [-1.5 -2.  -2. ]  to  [-1.5 -2.  -2.5]
Slicing  [-1.5 -2.  -2. ]  to  [-1.5 -2.  -1.5]
Processing BZ [-2 -2 -2], path segments from M to Gamma

12 symmetrically equivalent path segments
[[-0.5 -0.5  0.   0.   0.   0. ]
 [-0.5  0.  -0.5  0.   0.   0. ]
 [-0.5  0.   0.5  0.   0.   0. ]
 [-0.5  0.5  0.   0.   0.   0. ]
 [ 0.  -0.5 -0.5  0.   0.   0. ]
 [ 0.  -0.5  0.5  0.   0.   0. ]
 [ 0.   0.5 -0.5  0.   0.   0. ]
 [ 0.   0.5  0.5  0.   0.   0. ]
 [ 0.5 -0.5  0.   0.   0.   0. ]
 [ 0.5  0.  -0.5  0.   0.   0. ]
 [ 0.5  0.   0.5  0.   0.   0. ]
 [ 0.5  0.5  0.   0.   0.   0. ]]
Slicing  [-2.5 -2.5 -2. ]  to  [-2. -2. -2.]
Slicing  [-2.5 -2.  -2.5]  to  [-2. -2. -2.]
Slicing  [-2.5 -2.  -1.5]  to  [-2. -2. -2.]
Slicing  [-2.5 -1.5 -2. ]  to  [-2. -2. -2.]
Slicing  [-2.  -2.5 -2.5]  to  [-2. -2. -2.]
Slicing  [-2.  -2.5 -1.5]  to  [-2. -2. -2.]
Slicing  [-2.  -1.5 -2.5]  to  [-2. -2. -2.]
Slicing  [-2.  -1.5 -1.5]  to  [-2. -2. -2.]
Slicing  [-1.5 -2.5 -2. ]  to  [-2. -2. -2.]
Slicing  [-1.5 -2.  -2.5]  to  [-2. -2. -2.]
Slicing  [-1.5 -2.  -1.5]  to  [-2. -2. -2.]
Slicing  [-1.5 -1.5 -2. ]  to  [-2. -2. -2.]
Processing BZ [-2 -2 -2], path segments from Gamma to R

4 symmetrically equivalent path segments
[[ 0.   0.   0.  -0.5 -0.5  0.5]
 [ 0.   0.   0.  -0.5  0.5 -0.5]
 [ 0.   0.   0.   0.5 -0.5 -0.5]
 [ 0.   0.   0.   0.5  0.5  0.5]]
Slicing  [-2. -2. -2.]  to  [-2.5 -2.5 -1.5]
Slicing  [-2. -2. -2.]  to  [-2.5 -1.5 -2.5]
Slicing  [-2. -2. -2.]  to  [-1.5 -2.5 -2.5]
Slicing  [-2. -2. -2.]  to  [-1.5 -1.5 -1.5]
Processing BZ [-2 -2 -2], path segments from R to X

12 symmetrically equivalent path segments
[[-0.5 -0.5  0.5 -0.5  0.   0. ]
 [-0.5 -0.5  0.5  0.  -0.5  0. ]
 [-0.5 -0.5  0.5  0.   0.   0.5]
 [-0.5  0.5 -0.5 -0.5  0.   0. ]
 [-0.5  0.5 -0.5  0.   0.  -0.5]
 [-0.5  0.5 -0.5  0.   0.5  0. ]
 [ 0.5 -0.5 -0.5  0.  -0.5  0. ]
 [ 0.5 -0.5 -0.5  0.   0.  -0.5]
 [ 0.5 -0.5 -0.5  0.5  0.   0. ]
 [ 0.5  0.5  0.5  0.   0.   0.5]
 [ 0.5  0.5  0.5  0.   0.5  0. ]
 [ 0.5  0.5  0.5  0.5  0.   0. ]]
Slicing  [-2.5 -2.5 -1.5]  to  [-2.5 -2.  -2. ]
Slicing  [-2.5 -2.5 -1.5]  to  [-2.  -2.5 -2. ]
Slicing  [-2.5 -2.5 -1.5]  to  [-2.  -2.  -1.5]
Slicing  [-2.5 -1.5 -2.5]  to  [-2.5 -2.  -2. ]
Slicing  [-2.5 -1.5 -2.5]  to  [-2.  -2.  -2.5]
Slicing  [-2.5 -1.5 -2.5]  to  [-2.  -1.5 -2. ]
Slicing  [-1.5 -2.5 -2.5]  to  [-2.  -2.5 -2. ]
Slicing  [-1.5 -2.5 -2.5]  to  [-2.  -2.  -2.5]
Slicing  [-1.5 -2.5 -2.5]  to  [-1.5 -2.  -2. ]
Slicing  [-1.5 -1.5 -1.5]  to  [-2.  -2.  -1.5]
Slicing  [-1.5 -1.5 -1.5]  to  [-2.  -1.5 -2. ]
Slicing  [-1.5 -1.5 -1.5]  to  [-1.5 -2.  -2. ]

Generating Report for BZ [-2 -2 -2]

Combining all 63 BZ

BZ [-2 -2 -2] done. Total time elapsed 03:20:53
Processing BZ [-2  0 -1], path segments from Gamma to X

6 symmetrically equivalent path segments
[[ 0.   0.   0.  -0.5  0.   0. ]
 [ 0.   0.   0.   0.  -0.5  0. ]
 [ 0.   0.   0.   0.   0.  -0.5]
 [ 0.   0.   0.   0.   0.   0.5]
 [ 0.   0.   0.   0.   0.5  0. ]
 [ 0.   0.   0.   0.5  0.   0. ]]
Slicing  [-2.  0. -1.]  to  [-2.5  0.  -1. ]


Processed: 2945/4462 (66.00%) | Elapsed: 03:20:30 | BZ Folding estimated remaining time: 01:43:17


Slicing  [-2.  0. -1.]  to  [-2.  -0.5 -1. ]
Slicing  [-2.  0. -1.]  to  [-2.   0.  -1.5]
Slicing  [-2.  0. -1.]  to  [-2.   0.  -0.5]
Slicing  [-2.  0. -1.]  to  [-2.   0.5 -1. ]
Slicing  [-2.  0. -1.]  to  [-1.5  0.  -1. ]
Processing BZ [-2  0 -1], path segments from X to M

12 symmetrically equivalent path segments
[[-0.5  0.   0.  -0.5  0.  -0.5]
 [-0.5  0.   0.  -0.5  0.   0.5]
 [ 0.  -0.5  0.  -0.5 -0.5  0. ]
 [ 0.  -0.5  0.   0.5 -0.5  0. ]
 [ 0.   0.  -0.5  0.  -0.5 -0.5]
 [ 0.   0.  -0.5  0.   0.5 -0.5]
 [ 0.   0.   0.5  0.  -0.5  0.5]
 [ 0.   0.   0.5  0.   0.5  0.5]
 [ 0.   0.5  0.  -0.5  0.5  0. ]
 [ 0.   0.5  0.   0.5  0.5  0. ]
 [ 0.5  0.   0.   0.5  0.  -0.5]
 [ 0.5  0.   0.   0.5  0.   0.5]]
Slicing  [-2.5  0.  -1. ]  to  [-2.5  0.  -1.5]
Slicing  [-2.5  0.  -1. ]  to  [-2.5  0.  -0.5]
Slicing  [-2.  -0.5 -1. ]  to  [-2.5 -0.5 -1. ]
Slicing  [-2.  -0.5 -1. ]  to  [-1.5 -0.5 -1. ]
Slicing  [-2.   0.  -1.5]  to  [-2.  -0.5 -1.5]
Slicing  [-2.   0.  -1.5]  to  [-2.   0.5 -1.5]
Slicing  [-2.   0.  -0.5]  to  [-2.  -0.5 -0.5]
Slicing  [-2.   0.  -0.5]  to  [-2.   0.5 -0.5]
Slicing  [-2.   0.5 -1. ]  to  [-2.5  0.5 -1. ]
Slicing  [-2.   0.5 -1. ]  to  [-1.5  0.5 -1. ]
Slicing  [-1.5  0.  -1. ]  to  [-1.5  0.  -1.5]
Slicing  [-1.5  0.  -1. ]  to  [-1.5  0.  -0.5]
Processing BZ [-2  0 -1], path segments from M to Gamma

12 symmetrically equivalent path segments
[[-0.5 -0.5  0.   0.   0.   0. ]
 [-0.5  0.  -0.5  0.   0.   0. ]
 [-0.5  0.   0.5  0.   0.   0. ]
 [-0.5  0.5  0.   0.   0.   0. ]
 [ 0.  -0.5 -0.5  0.   0.   0. ]
 [ 0.  -0.5  0.5  0.   0.   0. ]
 [ 0.   0.5 -0.5  0.   0.   0. ]
 [ 0.   0.5  0.5  0.   0.   0. ]
 [ 0.5 -0.5  0.   0.   0.   0. ]
 [ 0.5  0.  -0.5  0.   0.   0. ]
 [ 0.5  0.   0.5  0.   0.   0. ]
 [ 0.5  0.5  0.   0.   0.   0. ]]
Slicing  [-2.5 -0.5 -1. ]  to  [-2.  0. -1.]
Slicing  [-2.5  0.  -1.5]  to  [-2.  0. -1.]
Slicing  [-2.5  0.  -0.5]  to  [-2.  0. -1.]
Slicing  [-2.5  0.5 -1. ]  to  [-2.  0. -1.]
Slicing  [-2.  -0.5 -1.5]  to  [-2.  0. -1.]
Slicing  [-2.  -0.5 -0.5]  to  [-2.  0. -1.]
Slicing  [-2.   0.5 -1.5]  to  [-2.  0. -1.]
Slicing  [-2.   0.5 -0.5]  to  [-2.  0. -1.]
Slicing  [-1.5 -0.5 -1. ]  to  [-2.  0. -1.]
Slicing  [-1.5  0.  -1.5]  to  [-2.  0. -1.]
Slicing  [-1.5  0.  -0.5]  to  [-2.  0. -1.]
Slicing  [-1.5  0.5 -1. ]  to  [-2.  0. -1.]
Processing BZ [-2  0 -1], path segments from Gamma to R

4 symmetrically equivalent path segments
[[ 0.   0.   0.  -0.5 -0.5  0.5]
 [ 0.   0.   0.  -0.5  0.5 -0.5]
 [ 0.   0.   0.   0.5 -0.5 -0.5]
 [ 0.   0.   0.   0.5  0.5  0.5]]
Slicing  [-2.  0. -1.]  to  [-2.5 -0.5 -0.5]
Slicing  [-2.  0. -1.]  to  [-2.5  0.5 -1.5]
Slicing  [-2.  0. -1.]  to  [-1.5 -0.5 -1.5]
Slicing  [-2.  0. -1.]  to  [-1.5  0.5 -0.5]
Processing BZ [-2  0 -1], path segments from R to X

12 symmetrically equivalent path segments
[[-0.5 -0.5  0.5 -0.5  0.   0. ]
 [-0.5 -0.5  0.5  0.  -0.5  0. ]
 [-0.5 -0.5  0.5  0.   0.   0.5]
 [-0.5  0.5 -0.5 -0.5  0.   0. ]
 [-0.5  0.5 -0.5  0.   0.  -0.5]
 [-0.5  0.5 -0.5  0.   0.5  0. ]
 [ 0.5 -0.5 -0.5  0.  -0.5  0. ]
 [ 0.5 -0.5 -0.5  0.   0.  -0.5]
 [ 0.5 -0.5 -0.5  0.5  0.   0. ]
 [ 0.5  0.5  0.5  0.   0.   0.5]
 [ 0.5  0.5  0.5  0.   0.5  0. ]
 [ 0.5  0.5  0.5  0.5  0.   0. ]]
Slicing  [-2.5 -0.5 -0.5]  to  [-2.5  0.  -1. ]
Slicing  [-2.5 -0.5 -0.5]  to  [-2.  -0.5 -1. ]
Slicing  [-2.5 -0.5 -0.5]  to  [-2.   0.  -0.5]
Slicing  [-2.5  0.5 -1.5]  to  [-2.5  0.  -1. ]
Slicing  [-2.5  0.5 -1.5]  to  [-2.   0.  -1.5]
Slicing  [-2.5  0.5 -1.5]  to  [-2.   0.5 -1. ]
Slicing  [-1.5 -0.5 -1.5]  to  [-2.  -0.5 -1. ]
Slicing  [-1.5 -0.5 -1.5]  to  [-2.   0.  -1.5]
Slicing  [-1.5 -0.5 -1.5]  to  [-1.5  0.  -1. ]
Slicing  [-1.5  0.5 -0.5]  to  [-2.   0.  -0.5]
Slicing  [-1.5  0.5 -0.5]  to  [-2.   0.5 -1. ]
Slicing  [-1.5  0.5 -0.5]  to  [-1.5  0.  -1. ]

Generating Report for BZ [-2  0 -1]

Combining all 64 BZ

BZ [-2  0 -1] done. Total time elapsed 03:24:05
Processing BZ [-1  0  2], path segments from Gamma to X

6 symmetrically equivalent path segments
[[ 0.   0.   0.  -0.5  0.   0. ]
 [ 0.   0.   0.   0.  -0.5  0. ]
 [ 0.   0.   0.   0.   0.  -0.5]
 [ 0.   0.   0.   0.   0.   0.5]
 [ 0.   0.   0.   0.   0.5  0. ]
 [ 0.   0.   0.   0.5  0.   0. ]]
Slicing  [-1.  0.  2.]  to  [-1.5  0.   2. ]
Slicing  [-1.  0.  2.]  to  [-1.  -0.5  2. ]
Slicing  [-1.  0.  2.]  to  [-1.   0.   1.5]
Slicing  [-1.  0.  2.]  to  [-1.   0.   2.5]
Slicing  [-1.  0.  2.]  to  [-1.   0.5  2. ]
Slicing  [-1.  0.  2.]  to  [-0.5  0.   2. ]
Processing BZ [-1  0  2], path segments from X to M

12 symmetrically equivalent path segments
[[-0.5  0.   0.  -0.5  0.  -0.5]
 [-0.5  0.   0.  -0.5  0.   0.5]
 [ 0.  -0.5  0.  -0.5 -0.5  0. ]
 [ 0.  -0.5  0.   0.5 -0.5  0. ]
 [ 0.   0.  -0.5  0.  -0.5 -0.5]
 [ 0.   0.  -0.5  0.   0.5 -0.5]
 [ 0.   0.   0.5  0.  -0.5  0.5]
 [ 0.   0.   0.5  0.   0.5  0.5]
 [ 0.   0.5  0.  -0.5  0.5  0. ]
 [ 0.   0.5  0.   0.5  0.5  0. ]
 [ 0.5  0.   0.   0.5  0.  -0.5]
 [ 0.5  0.   0.   0.5  0.   0.5]]
Slicing  [-1.5  0.   2. ]  to  [-1.5  0.   1.5]
Slicing  [-1.5  0.   2. ]  to  [-1.5  0.   2.5]
Slicing  [-1.  -0.5  2. ]  to  [-1.5 -0.5  2. ]
Slicing  [-1.  -0.5  2. ]  to  [-0.5 -0.5  2. ]
Slicing  [-1.   0.   1.5]  to  [-1.  -0.5  1.5]
Slicing  [-1.   0.   1.5]  to  [-1.   0.5  1.5]
Slicing  [-1.   0.   2.5]  to  [-1.  -0.5  2.5]
Slicing  [-1.   0.   2.5]  to  [-1.   0.5  2.5]
Slicing  [-1.   0.5  2. ]  to  [-1.5  0.5  2. ]
Slicing  [-1.   0.5  2. ]  to  [-0.5  0.5  2. ]
Slicing  [-0.5  0.   2. ]  to  [-0.5  0.   1.5]
Slicing  [-0.5  0.   2. ]  to  [-0.5  0.   2.5]
Processing BZ [-1  0  2], path segments from M to Gamma

12 symmetrically equivalent path segments
[[-0.5 -0.5  0.   0.   0.   0. ]
 [-0.5  0.  -0.5  0.   0.   0. ]
 [-0.5  0.   0.5  0.   0.   0. ]
 [-0.5  0.5  0.   0.   0.   0. ]
 [ 0.  -0.5 -0.5  0.   0.   0. ]
 [ 0.  -0.5  0.5  0.   0.   0. ]
 [ 0.   0.5 -0.5  0.   0.   0. ]
 [ 0.   0.5  0.5  0.   0.   0. ]
 [ 0.5 -0.5  0.   0.   0.   0. ]
 [ 0.5  0.  -0.5  0.   0.   0. ]
 [ 0.5  0.   0.5  0.   0.   0. ]
 [ 0.5  0.5  0.   0.   0.   0. ]]
Slicing  [-1.5 -0.5  2. ]  to  [-1.  0.  2.]
Slicing  [-1.5  0.   1.5]  to  [-1.  0.  2.]
Slicing  [-1.5  0.   2.5]  to  [-1.  0.  2.]
Slicing  [-1.5  0.5  2. ]  to  [-1.  0.  2.]
Slicing  [-1.  -0.5  1.5]  to  [-1.  0.  2.]
Slicing  [-1.  -0.5  2.5]  to  [-1.  0.  2.]
Slicing  [-1.   0.5  1.5]  to  [-1.  0.  2.]
Slicing  [-1.   0.5  2.5]  to  [-1.  0.  2.]
Slicing  [-0.5 -0.5  2. ]  to  [-1.  0.  2.]
Slicing  [-0.5  0.   1.5]  to  [-1.  0.  2.]
Slicing  [-0.5  0.   2.5]  to  [-1.  0.  2.]
Slicing  [-0.5  0.5  2. ]  to  [-1.  0.  2.]
Processing BZ [-1  0  2], path segments from Gamma to R

4 symmetrically equivalent path segments
[[ 0.   0.   0.  -0.5 -0.5  0.5]
 [ 0.   0.   0.  -0.5  0.5 -0.5]
 [ 0.   0.   0.   0.5 -0.5 -0.5]
 [ 0.   0.   0.   0.5  0.5  0.5]]
Slicing  [-1.  0.  2.]  to  [-1.5 -0.5  2.5]
Slicing  [-1.  0.  2.]  to  [-1.5  0.5  1.5]
Slicing  [-1.  0.  2.]  to  [-0.5 -0.5  1.5]
Slicing  [-1.  0.  2.]  to  [-0.5  0.5  2.5]
Processing BZ [-1  0  2], path segments from R to X

12 symmetrically equivalent path segments
[[-0.5 -0.5  0.5 -0.5  0.   0. ]
 [-0.5 -0.5  0.5  0.  -0.5  0. ]
 [-0.5 -0.5  0.5  0.   0.   0.5]
 [-0.5  0.5 -0.5 -0.5  0.   0. ]
 [-0.5  0.5 -0.5  0.   0.  -0.5]
 [-0.5  0.5 -0.5  0.   0.5  0. ]
 [ 0.5 -0.5 -0.5  0.  -0.5  0. ]
 [ 0.5 -0.5 -0.5  0.   0.  -0.5]
 [ 0.5 -0.5 -0.5  0.5  0.   0. ]
 [ 0.5  0.5  0.5  0.   0.   0.5]
 [ 0.5  0.5  0.5  0.   0.5  0. ]
 [ 0.5  0.5  0.5  0.5  0.   0. ]]
Slicing  [-1.5 -0.5  2.5]  to  [-1.5  0.   2. ]
Slicing  [-1.5 -0.5  2.5]  to  [-1.  -0.5  2. ]
Slicing  [-1.5 -0.5  2.5]  to  [-1.   0.   2.5]
Slicing  [-1.5  0.5  1.5]  to  [-1.5  0.   2. ]
Slicing  [-1.5  0.5  1.5]  to  [-1.   0.   1.5]
Slicing  [-1.5  0.5  1.5]  to  [-1.   0.5  2. ]
Slicing  [-0.5 -0.5  1.5]  to  [-1.  -0.5  2. ]
Slicing  [-0.5 -0.5  1.5]  to  [-1.   0.   1.5]
Slicing  [-0.5 -0.5  1.5]  to  [-0.5  0.   2. ]
Slicing  [-0.5  0.5  2.5]  to  [-1.   0.   2.5]
Slicing  [-0.5  0.5  2.5]  to  [-1.   0.5  2. ]


Processed: 3035/4462 (68.02%) | Elapsed: 03:26:21 | BZ Folding estimated remaining time: 01:37:01


Slicing  [-0.5  0.5  2.5]  to  [-0.5  0.   2. ]

Generating Report for BZ [-1  0  2]

Combining all 65 BZ

BZ [-1  0  2] done. Total time elapsed 03:27:12
Processing BZ [ 0 -1 -1], path segments from Gamma to X

6 symmetrically equivalent path segments
[[ 0.   0.   0.  -0.5  0.   0. ]
 [ 0.   0.   0.   0.  -0.5  0. ]
 [ 0.   0.   0.   0.   0.  -0.5]
 [ 0.   0.   0.   0.   0.   0.5]
 [ 0.   0.   0.   0.   0.5  0. ]
 [ 0.   0.   0.   0.5  0.   0. ]]
Slicing  [ 0. -1. -1.]  to  [-0.5 -1.  -1. ]
Slicing  [ 0. -1. -1.]  to  [ 0.  -1.5 -1. ]
Slicing  [ 0. -1. -1.]  to  [ 0.  -1.  -1.5]
Slicing  [ 0. -1. -1.]  to  [ 0.  -1.  -0.5]
Slicing  [ 0. -1. -1.]  to  [ 0.  -0.5 -1. ]
Slicing  [ 0. -1. -1.]  to  [ 0.5 -1.  -1. ]
Processing BZ [ 0 -1 -1], path segments from X to M

12 symmetrically equivalent path segments
[[-0.5  0.   0.  -0.5  0.  -0.5]
 [-0.5  0.   0.  -0.5  0.   0.5]
 [ 0.  -0.5  0.  -0.5 -0.5  0. ]
 [ 0.  -0.5  0.   0.5 -0.5  0. ]
 [ 0.   0.  -0.5  0.  -0.5 -0.5]
 [ 0.   0.  -0.5  0.   0.5 -0.5]
 [ 0.   0.   0.5  0.  -0.5  0.5]
 [ 0.   0.   0.5  0.   0.5  0.5]
 [ 0.   0.5  0.  -0.5  0.5  0. ]
 [ 0.   0.5  0.   0.5  0.5  0. ]
 [ 0.5  0.   0.   0.5  0.  -0.5]
 [ 0.5  0.   0.   0.5  0.   0.5]]
Slicing  [-0.5 -1.  -1. ]  to  [-0.5 -1.  -1.5]
Slicing  [-0.5 -1.  -1. ]  to  [-0.5 -1.  -0.5]
Slicing  [ 0.  -1.5 -1. ]  to  [-0.5 -1.5 -1. ]
Slicing  [ 0.  -1.5 -1. ]  to  [ 0.5 -1.5 -1. ]
Slicing  [ 0.  -1.  -1.5]  to  [ 0.  -1.5 -1.5]
Slicing  [ 0.  -1.  -1.5]  to  [ 0.  -0.5 -1.5]
Slicing  [ 0.  -1.  -0.5]  to  [ 0.  -1.5 -0.5]
Slicing  [ 0.  -1.  -0.5]  to  [ 0.  -0.5 -0.5]
Slicing  [ 0.  -0.5 -1. ]  to  [-0.5 -0.5 -1. ]
Slicing  [ 0.  -0.5 -1. ]  to  [ 0.5 -0.5 -1. ]
Slicing  [ 0.5 -1.  -1. ]  to  [ 0.5 -1.  -1.5]
Slicing  [ 0.5 -1.  -1. ]  to  [ 0.5 -1.  -0.5]
Processing BZ [ 0 -1 -1], path segments from M to Gamma

12 symmetrically equivalent path segments
[[-0.5 -0.5  0.   0.   0.   0. ]
 [-0.5  0.  -0.5  0.   0.   0. ]
 [-0.5  0.   0.5  0.   0.   0. ]
 [-0.5  0.5  0.   0.   0.   0. ]
 [ 0.  -0.5 -0.5  0.   0.   0. ]
 [ 0.  -0.5  0.5  0.   0.   0. ]
 [ 0.   0.5 -0.5  0.   0.   0. ]
 [ 0.   0.5  0.5  0.   0.   0. ]
 [ 0.5 -0.5  0.   0.   0.   0. ]
 [ 0.5  0.  -0.5  0.   0.   0. ]
 [ 0.5  0.   0.5  0.   0.   0. ]
 [ 0.5  0.5  0.   0.   0.   0. ]]
Slicing  [-0.5 -1.5 -1. ]  to  [ 0. -1. -1.]
Slicing  [-0.5 -1.  -1.5]  to  [ 0. -1. -1.]
Slicing  [-0.5 -1.  -0.5]  to  [ 0. -1. -1.]
Slicing  [-0.5 -0.5 -1. ]  to  [ 0. -1. -1.]
Slicing  [ 0.  -1.5 -1.5]  to  [ 0. -1. -1.]
Slicing  [ 0.  -1.5 -0.5]  to  [ 0. -1. -1.]
Slicing  [ 0.  -0.5 -1.5]  to  [ 0. -1. -1.]
Slicing  [ 0.  -0.5 -0.5]  to  [ 0. -1. -1.]
Slicing  [ 0.5 -1.5 -1. ]  to  [ 0. -1. -1.]
Slicing  [ 0.5 -1.  -1.5]  to  [ 0. -1. -1.]
Slicing  [ 0.5 -1.  -0.5]  to  [ 0. -1. -1.]
Slicing  [ 0.5 -0.5 -1. ]  to  [ 0. -1. -1.]
Processing BZ [ 0 -1 -1], path segments from Gamma to R

4 symmetrically equivalent path segments
[[ 0.   0.   0.  -0.5 -0.5  0.5]
 [ 0.   0.   0.  -0.5  0.5 -0.5]
 [ 0.   0.   0.   0.5 -0.5 -0.5]
 [ 0.   0.   0.   0.5  0.5  0.5]]
Slicing  [ 0. -1. -1.]  to  [-0.5 -1.5 -0.5]
Slicing  [ 0. -1. -1.]  to  [-0.5 -0.5 -1.5]
Slicing  [ 0. -1. -1.]  to  [ 0.5 -1.5 -1.5]
Slicing  [ 0. -1. -1.]  to  [ 0.5 -0.5 -0.5]
Processing BZ [ 0 -1 -1], path segments from R to X

12 symmetrically equivalent path segments
[[-0.5 -0.5  0.5 -0.5  0.   0. ]
 [-0.5 -0.5  0.5  0.  -0.5  0. ]
 [-0.5 -0.5  0.5  0.   0.   0.5]
 [-0.5  0.5 -0.5 -0.5  0.   0. ]
 [-0.5  0.5 -0.5  0.   0.  -0.5]
 [-0.5  0.5 -0.5  0.   0.5  0. ]
 [ 0.5 -0.5 -0.5  0.  -0.5  0. ]
 [ 0.5 -0.5 -0.5  0.   0.  -0.5]
 [ 0.5 -0.5 -0.5  0.5  0.   0. ]
 [ 0.5  0.5  0.5  0.   0.   0.5]
 [ 0.5  0.5  0.5  0.   0.5  0. ]
 [ 0.5  0.5  0.5  0.5  0.   0. ]]
Slicing  [-0.5 -1.5 -0.5]  to  [-0.5 -1.  -1. ]
Slicing  [-0.5 -1.5 -0.5]  to  [ 0.  -1.5 -1. ]
Slicing  [-0.5 -1.5 -0.5]  to  [ 0.  -1.  -0.5]
Slicing  [-0.5 -0.5 -1.5]  to  [-0.5 -1.  -1. ]
Slicing  [-0.5 -0.5 -1.5]  to  [ 0.  -1.  -1.5]
Slicing  [-0.5 -0.5 -1.5]  to  [ 0.  -0.5 -1. ]
Slicing  [ 0.5 -1.5 -1.5]  to  [ 0.  -1.5 -1. ]
Slicing  [ 0.5 -1.5 -1.5]  to  [ 0.  -1.  -1.5]
Slicing  [ 0.5 -1.5 -1.5]  to  [ 0.5 -1.  -1. ]
Slicing  [ 0.5 -0.5 -0.5]  to  [ 0.  -1.  -0.5]
Slicing  [ 0.5 -0.5 -0.5]  to  [ 0.  -0.5 -1. ]
Slicing  [ 0.5 -0.5 -0.5]  to  [ 0.5 -1.  -1. ]

Generating Report for BZ [ 0 -1 -1]

Combining all 66 BZ

BZ [ 0 -1 -1] done. Total time elapsed 03:30:23
Processing BZ [-2 -4  2], path segments from Gamma to X

6 symmetrically equivalent path segments
[[ 0.   0.   0.  -0.5  0.   0. ]
 [ 0.   0.   0.   0.  -0.5  0. ]
 [ 0.   0.   0.   0.   0.  -0.5]
 [ 0.   0.   0.   0.   0.   0.5]
 [ 0.   0.   0.   0.   0.5  0. ]
 [ 0.   0.   0.   0.5  0.   0. ]]
Slicing  [-2. -4.  2.]  to  [-2.5 -4.   2. ]
Slicing  [-2. -4.  2.]  to  [-2.  -4.5  2. ]
Slicing  [-2. -4.  2.]  to  [-2.  -4.   1.5]
Slicing  [-2. -4.  2.]  to  [-2.  -4.   2.5]
Slicing  [-2. -4.  2.]  to  [-2.  -3.5  2. ]
Slicing  [-2. -4.  2.]  to  [-1.5 -4.   2. ]
Processing BZ [-2 -4  2], path segments from X to M

12 symmetrically equivalent path segments
[[-0.5  0.   0.  -0.5  0.  -0.5]
 [-0.5  0.   0.  -0.5  0.   0.5]
 [ 0.  -0.5  0.  -0.5 -0.5  0. ]
 [ 0.  -0.5  0.   0.5 -0.5  0. ]
 [ 0.   0.  -0.5  0.  -0.5 -0.5]
 [ 0.   0.  -0.5  0.   0.5 -0.5]
 [ 0.   0.   0.5  0.  -0.5  0.5]
 [ 0.   0.   0.5  0.   0.5  0.5]
 [ 0.   0.5  0.  -0.5  0.5  0. ]
 [ 0.   0.5  0.   0.5  0.5  0. ]
 [ 0.5  0.   0.   0.5  0.  -0.5]
 [ 0.5  0.   0.   0.5  0.   0.5]]
Slicing  [-2.5 -4.   2. ]  to  [-2.5 -4.   1.5]
Slicing  [-2.5 -4.   2. ]  to  [-2.5 -4.   2.5]
Slicing  [-2.  -4.5  2. ]  to  [-2.5 -4.5  2. ]
Slicing  [-2.  -4.5  2. ]  to  [-1.5 -4.5  2. ]
Slicing  [-2.  -4.   1.5]  to  [-2.  -4.5  1.5]
Slicing  [-2.  -4.   1.5]  to  [-2.  -3.5  1.5]
Slicing  [-2.  -4.   2.5]  to  [-2.  -4.5  2.5]
Slicing  [-2.  -4.   2.5]  to  [-2.  -3.5  2.5]
Slicing  [-2.  -3.5  2. ]  to  [-2.5 -3.5  2. ]
Slicing  [-2.  -3.5  2. ]  to  [-1.5 -3.5  2. ]
Slicing  [-1.5 -4.   2. ]  to  [-1.5 -4.   1.5]
Slicing  [-1.5 -4.   2. ]  to  [-1.5 -4.   2.5]
Processing BZ [-2 -4  2], path segments from M to Gamma

12 symmetrically equivalent path segments
[[-0.5 -0.5  0.   0.   0.   0. ]
 [-0.5  0.  -0.5  0.   0.   0. ]
 [-0.5  0.   0.5  0.   0.   0. ]
 [-0.5  0.5  0.   0.   0.   0. ]
 [ 0.  -0.5 -0.5  0.   0.   0. ]
 [ 0.  -0.5  0.5  0.   0.   0. ]
 [ 0.   0.5 -0.5  0.   0.   0. ]
 [ 0.   0.5  0.5  0.   0.   0. ]
 [ 0.5 -0.5  0.   0.   0.   0. ]
 [ 0.5  0.  -0.5  0.   0.   0. ]
 [ 0.5  0.   0.5  0.   0.   0. ]
 [ 0.5  0.5  0.   0.   0.   0. ]]
Slicing  [-2.5 -4.5  2. ]  to  [-2. -4.  2.]
Slicing  [-2.5 -4.   1.5]  to  [-2. -4.  2.]
Slicing  [-2.5 -4.   2.5]  to  [-2. -4.  2.]
Slicing  [-2.5 -3.5  2. ]  to  [-2. -4.  2.]
Slicing  [-2.  -4.5  1.5]  to  [-2. -4.  2.]
Slicing  [-2.  -4.5  2.5]  to  [-2. -4.  2.]
Slicing  [-2.  -3.5  1.5]  to  [-2. -4.  2.]
Slicing  [-2.  -3.5  2.5]  to  [-2. -4.  2.]
Slicing  [-1.5 -4.5  2. ]  to  [-2. -4.  2.]
Slicing  [-1.5 -4.   1.5]  to  [-2. -4.  2.]
Slicing  [-1.5 -4.   2.5]  to  [-2. -4.  2.]
Slicing  [-1.5 -3.5  2. ]  to  [-2. -4.  2.]
Processing BZ [-2 -4  2], path segments from Gamma to R

4 symmetrically equivalent path segments
[[ 0.   0.   0.  -0.5 -0.5  0.5]
 [ 0.   0.   0.  -0.5  0.5 -0.5]
 [ 0.   0.   0.   0.5 -0.5 -0.5]
 [ 0.   0.   0.   0.5  0.5  0.5]]
Slicing  [-2. -4.  2.]  to  [-2.5 -4.5  2.5]
Slicing  [-2. -4.  2.]  to  [-2.5 -3.5  1.5]
Slicing  [-2. -4.  2.]  to  [-1.5 -4.5  1.5]
Slicing  [-2. -4.  2.]  to  [-1.5 -3.5  2.5]
Processing BZ [-2 -4  2], path segments from R to X

12 symmetrically equivalent path segments
[[-0.5 -0.5  0.5 -0.5  0.   0. ]
 [-0.5 -0.5  0.5  0.  -0.5  0. ]
 [-0.5 -0.5  0.5  0.   0.   0.5]
 [-0.5  0.5 -0.5 -0.5  0.   0. ]
 [-0.5  0.5 -0.5  0.   0.  -0.5]
 [-0.5  0.5 -0.5  0.   0.5  0. ]
 [ 0.5 -0.5 -0.5  0.  -0.5  0. ]
 [ 0.5 -0.5 -0.5  0.   0.  -0.5]
 [ 0.5 -0.5 -0.5  0.5  0.   0. ]
 [ 0.5  0.5  0.5  0.   0.   0.5]
 [ 0.5  0.5  0.5  0.   0.5  0. ]
 [ 0.5  0.5  0.5  0.5  0.   0. ]]
Slicing  [-2.5 -4.5  2.5]  to  [-2.5 -4.   2. ]
Slicing  [-2.5 -4.5  2.5]  to  [-2.  -4.5  2. ]
Slicing  [-2.5 -4.5  2.5]  to  [-2.  -4.   2.5]
Slicing  [-2.5 -3.5  1.5]  to  [-2.5 -4.   2. ]
Slicing  [-2.5 -3.5  1.5]  to  [-2.  -4.   1.5]
Slicing  [-2.5 -3.5  1.5]  to  [-2.  -3.5  2. ]
Slicing  [-1.5 -4.5  1.5]  to  [-2.  -4.5  2. ]
Slicing  [-1.5 -4.5  1.5]  to  [-2.  -4.   1.5]


Processed: 3124/4462 (70.01%) | Elapsed: 03:32:36 | BZ Folding estimated remaining time: 01:31:03


Slicing  [-1.5 -4.5  1.5]  to  [-1.5 -4.   2. ]
Slicing  [-1.5 -3.5  2.5]  to  [-2.  -4.   2.5]
Slicing  [-1.5 -3.5  2.5]  to  [-2.  -3.5  2. ]
Slicing  [-1.5 -3.5  2.5]  to  [-1.5 -4.   2. ]

Generating Report for BZ [-2 -4  2]

Combining all 67 BZ

BZ [-2 -4  2] done. Total time elapsed 03:33:46
Processing BZ [-1 -1  2], path segments from Gamma to X

6 symmetrically equivalent path segments
[[ 0.   0.   0.  -0.5  0.   0. ]
 [ 0.   0.   0.   0.  -0.5  0. ]
 [ 0.   0.   0.   0.   0.  -0.5]
 [ 0.   0.   0.   0.   0.   0.5]
 [ 0.   0.   0.   0.   0.5  0. ]
 [ 0.   0.   0.   0.5  0.   0. ]]
Slicing  [-1. -1.  2.]  to  [-1.5 -1.   2. ]
Slicing  [-1. -1.  2.]  to  [-1.  -1.5  2. ]
Slicing  [-1. -1.  2.]  to  [-1.  -1.   1.5]
Slicing  [-1. -1.  2.]  to  [-1.  -1.   2.5]
Slicing  [-1. -1.  2.]  to  [-1.  -0.5  2. ]
Slicing  [-1. -1.  2.]  to  [-0.5 -1.   2. ]
Processing BZ [-1 -1  2], path segments from X to M

12 symmetrically equivalent path segments
[[-0.5  0.   0.  -0.5  0.  -0.5]
 [-0.5  0.   0.  -0.5  0.   0.5]
 [ 0.  -0.5  0.  -0.5 -0.5  0. ]
 [ 0.  -0.5  0.   0.5 -0.5  0. ]
 [ 0.   0.  -0.5  0.  -0.5 -0.5]
 [ 0.   0.  -0.5  0.   0.5 -0.5]
 [ 0.   0.   0.5  0.  -0.5  0.5]
 [ 0.   0.   0.5  0.   0.5  0.5]
 [ 0.   0.5  0.  -0.5  0.5  0. ]
 [ 0.   0.5  0.   0.5  0.5  0. ]
 [ 0.5  0.   0.   0.5  0.  -0.5]
 [ 0.5  0.   0.   0.5  0.   0.5]]
Slicing  [-1.5 -1.   2. ]  to  [-1.5 -1.   1.5]
Slicing  [-1.5 -1.   2. ]  to  [-1.5 -1.   2.5]
Slicing  [-1.  -1.5  2. ]  to  [-1.5 -1.5  2. ]
Slicing  [-1.  -1.5  2. ]  to  [-0.5 -1.5  2. ]
Slicing  [-1.  -1.   1.5]  to  [-1.  -1.5  1.5]
Slicing  [-1.  -1.   1.5]  to  [-1.  -0.5  1.5]
Slicing  [-1.  -1.   2.5]  to  [-1.  -1.5  2.5]
Slicing  [-1.  -1.   2.5]  to  [-1.  -0.5  2.5]
Slicing  [-1.  -0.5  2. ]  to  [-1.5 -0.5  2. ]
Slicing  [-1.  -0.5  2. ]  to  [-0.5 -0.5  2. ]
Slicing  [-0.5 -1.   2. ]  to  [-0.5 -1.   1.5]
Slicing  [-0.5 -1.   2. ]  to  [-0.5 -1.   2.5]
Processing BZ [-1 -1  2], path segments from M to Gamma

12 symmetrically equivalent path segments
[[-0.5 -0.5  0.   0.   0.   0. ]
 [-0.5  0.  -0.5  0.   0.   0. ]
 [-0.5  0.   0.5  0.   0.   0. ]
 [-0.5  0.5  0.   0.   0.   0. ]
 [ 0.  -0.5 -0.5  0.   0.   0. ]
 [ 0.  -0.5  0.5  0.   0.   0. ]
 [ 0.   0.5 -0.5  0.   0.   0. ]
 [ 0.   0.5  0.5  0.   0.   0. ]
 [ 0.5 -0.5  0.   0.   0.   0. ]
 [ 0.5  0.  -0.5  0.   0.   0. ]
 [ 0.5  0.   0.5  0.   0.   0. ]
 [ 0.5  0.5  0.   0.   0.   0. ]]
Slicing  [-1.5 -1.5  2. ]  to  [-1. -1.  2.]
Slicing  [-1.5 -1.   1.5]  to  [-1. -1.  2.]
Slicing  [-1.5 -1.   2.5]  to  [-1. -1.  2.]
Slicing  [-1.5 -0.5  2. ]  to  [-1. -1.  2.]
Slicing  [-1.  -1.5  1.5]  to  [-1. -1.  2.]
Slicing  [-1.  -1.5  2.5]  to  [-1. -1.  2.]
Slicing  [-1.  -0.5  1.5]  to  [-1. -1.  2.]
Slicing  [-1.  -0.5  2.5]  to  [-1. -1.  2.]
Slicing  [-0.5 -1.5  2. ]  to  [-1. -1.  2.]
Slicing  [-0.5 -1.   1.5]  to  [-1. -1.  2.]
Slicing  [-0.5 -1.   2.5]  to  [-1. -1.  2.]
Slicing  [-0.5 -0.5  2. ]  to  [-1. -1.  2.]
Processing BZ [-1 -1  2], path segments from Gamma to R

4 symmetrically equivalent path segments
[[ 0.   0.   0.  -0.5 -0.5  0.5]
 [ 0.   0.   0.  -0.5  0.5 -0.5]
 [ 0.   0.   0.   0.5 -0.5 -0.5]
 [ 0.   0.   0.   0.5  0.5  0.5]]
Slicing  [-1. -1.  2.]  to  [-1.5 -1.5  2.5]
Slicing  [-1. -1.  2.]  to  [-1.5 -0.5  1.5]
Slicing  [-1. -1.  2.]  to  [-0.5 -1.5  1.5]
Slicing  [-1. -1.  2.]  to  [-0.5 -0.5  2.5]
Processing BZ [-1 -1  2], path segments from R to X

12 symmetrically equivalent path segments
[[-0.5 -0.5  0.5 -0.5  0.   0. ]
 [-0.5 -0.5  0.5  0.  -0.5  0. ]
 [-0.5 -0.5  0.5  0.   0.   0.5]
 [-0.5  0.5 -0.5 -0.5  0.   0. ]
 [-0.5  0.5 -0.5  0.   0.  -0.5]
 [-0.5  0.5 -0.5  0.   0.5  0. ]
 [ 0.5 -0.5 -0.5  0.  -0.5  0. ]
 [ 0.5 -0.5 -0.5  0.   0.  -0.5]
 [ 0.5 -0.5 -0.5  0.5  0.   0. ]
 [ 0.5  0.5  0.5  0.   0.   0.5]
 [ 0.5  0.5  0.5  0.   0.5  0. ]
 [ 0.5  0.5  0.5  0.5  0.   0. ]]
Slicing  [-1.5 -1.5  2.5]  to  [-1.5 -1.   2. ]
Slicing  [-1.5 -1.5  2.5]  to  [-1.  -1.5  2. ]
Slicing  [-1.5 -1.5  2.5]  to  [-1.  -1.   2.5]
Slicing  [-1.5 -0.5  1.5]  to  [-1.5 -1.   2. ]
Slicing  [-1.5 -0.5  1.5]  to  [-1.  -1.   1.5]
Slicing  [-1.5 -0.5  1.5]  to  [-1.  -0.5  2. ]
Slicing  [-0.5 -1.5  1.5]  to  [-1.  -1.5  2. ]
Slicing  [-0.5 -1.5  1.5]  to  [-1.  -1.   1.5]
Slicing  [-0.5 -1.5  1.5]  to  [-0.5 -1.   2. ]
Slicing  [-0.5 -0.5  2.5]  to  [-1.  -1.   2.5]
Slicing  [-0.5 -0.5  2.5]  to  [-1.  -0.5  2. ]
Slicing  [-0.5 -0.5  2.5]  to  [-0.5 -1.   2. ]

Generating Report for BZ [-1 -1  2]

Combining all 68 BZ

BZ [-1 -1  2] done. Total time elapsed 03:36:56
Processing BZ [-3 -2 -2], path segments from Gamma to X

6 symmetrically equivalent path segments
[[ 0.   0.   0.  -0.5  0.   0. ]
 [ 0.   0.   0.   0.  -0.5  0. ]
 [ 0.   0.   0.   0.   0.  -0.5]
 [ 0.   0.   0.   0.   0.   0.5]
 [ 0.   0.   0.   0.   0.5  0. ]
 [ 0.   0.   0.   0.5  0.   0. ]]
Slicing  [-3. -2. -2.]  to  [-3.5 -2.  -2. ]
Slicing  [-3. -2. -2.]  to  [-3.  -2.5 -2. ]
Slicing  [-3. -2. -2.]  to  [-3.  -2.  -2.5]
Slicing  [-3. -2. -2.]  to  [-3.  -2.  -1.5]
Slicing  [-3. -2. -2.]  to  [-3.  -1.5 -2. ]
Slicing  [-3. -2. -2.]  to  [-2.5 -2.  -2. ]
Processing BZ [-3 -2 -2], path segments from X to M

12 symmetrically equivalent path segments
[[-0.5  0.   0.  -0.5  0.  -0.5]
 [-0.5  0.   0.  -0.5  0.   0.5]
 [ 0.  -0.5  0.  -0.5 -0.5  0. ]
 [ 0.  -0.5  0.   0.5 -0.5  0. ]
 [ 0.   0.  -0.5  0.  -0.5 -0.5]
 [ 0.   0.  -0.5  0.   0.5 -0.5]
 [ 0.   0.   0.5  0.  -0.5  0.5]
 [ 0.   0.   0.5  0.   0.5  0.5]
 [ 0.   0.5  0.  -0.5  0.5  0. ]
 [ 0.   0.5  0.   0.5  0.5  0. ]
 [ 0.5  0.   0.   0.5  0.  -0.5]
 [ 0.5  0.   0.   0.5  0.   0.5]]
Slicing  [-3.5 -2.  -2. ]  to  [-3.5 -2.  -2.5]
Slicing  [-3.5 -2.  -2. ]  to  [-3.5 -2.  -1.5]
Slicing  [-3.  -2.5 -2. ]  to  [-3.5 -2.5 -2. ]
Slicing  [-3.  -2.5 -2. ]  to  [-2.5 -2.5 -2. ]
Slicing  [-3.  -2.  -2.5]  to  [-3.  -2.5 -2.5]
Slicing  [-3.  -2.  -2.5]  to  [-3.  -1.5 -2.5]
Slicing  [-3.  -2.  -1.5]  to  [-3.  -2.5 -1.5]
Slicing  [-3.  -2.  -1.5]  to  [-3.  -1.5 -1.5]
Slicing  [-3.  -1.5 -2. ]  to  [-3.5 -1.5 -2. ]
Slicing  [-3.  -1.5 -2. ]  to  [-2.5 -1.5 -2. ]
Slicing  [-2.5 -2.  -2. ]  to  [-2.5 -2.  -2.5]
Slicing  [-2.5 -2.  -2. ]  to  [-2.5 -2.  -1.5]
Processing BZ [-3 -2 -2], path segments from M to Gamma

12 symmetrically equivalent path segments
[[-0.5 -0.5  0.   0.   0.   0. ]
 [-0.5  0.  -0.5  0.   0.   0. ]
 [-0.5  0.   0.5  0.   0.   0. ]
 [-0.5  0.5  0.   0.   0.   0. ]
 [ 0.  -0.5 -0.5  0.   0.   0. ]
 [ 0.  -0.5  0.5  0.   0.   0. ]
 [ 0.   0.5 -0.5  0.   0.   0. ]
 [ 0.   0.5  0.5  0.   0.   0. ]
 [ 0.5 -0.5  0.   0.   0.   0. ]
 [ 0.5  0.  -0.5  0.   0.   0. ]
 [ 0.5  0.   0.5  0.   0.   0. ]
 [ 0.5  0.5  0.   0.   0.   0. ]]
Slicing  [-3.5 -2.5 -2. ]  to  [-3. -2. -2.]
Slicing  [-3.5 -2.  -2.5]  to  [-3. -2. -2.]
Slicing  [-3.5 -2.  -1.5]  to  [-3. -2. -2.]
Slicing  [-3.5 -1.5 -2. ]  to  [-3. -2. -2.]
Slicing  [-3.  -2.5 -2.5]  to  [-3. -2. -2.]
Slicing  [-3.  -2.5 -1.5]  to  [-3. -2. -2.]
Slicing  [-3.  -1.5 -2.5]  to  [-3. -2. -2.]
Slicing  [-3.  -1.5 -1.5]  to  [-3. -2. -2.]
Slicing  [-2.5 -2.5 -2. ]  to  [-3. -2. -2.]
Slicing  [-2.5 -2.  -2.5]  to  [-3. -2. -2.]
Slicing  [-2.5 -2.  -1.5]  to  [-3. -2. -2.]
Slicing  [-2.5 -1.5 -2. ]  to  [-3. -2. -2.]
Processing BZ [-3 -2 -2], path segments from Gamma to R

4 symmetrically equivalent path segments
[[ 0.   0.   0.  -0.5 -0.5  0.5]
 [ 0.   0.   0.  -0.5  0.5 -0.5]
 [ 0.   0.   0.   0.5 -0.5 -0.5]
 [ 0.   0.   0.   0.5  0.5  0.5]]
Slicing  [-3. -2. -2.]  to  [-3.5 -2.5 -1.5]
Slicing  [-3. -2. -2.]  to  [-3.5 -1.5 -2.5]
Slicing  [-3. -2. -2.]  to  [-2.5 -2.5 -2.5]
Slicing  [-3. -2. -2.]  to  [-2.5 -1.5 -1.5]
Processing BZ [-3 -2 -2], path segments from R to X

12 symmetrically equivalent path segments
[[-0.5 -0.5  0.5 -0.5  0.   0. ]
 [-0.5 -0.5  0.5  0.  -0.5  0. ]
 [-0.5 -0.5  0.5  0.   0.   0.5]
 [-0.5  0.5 -0.5 -0.5  0.   0. ]
 [-0.5  0.5 -0.5  0.   0.  -0.5]
 [-0.5  0.5 -0.5  0.   0.5  0. ]
 [ 0.5 -0.5 -0.5  0.  -0.5  0. ]
 [ 0.5 -0.5 -0.5  0.   0.  -0.5]
 [ 0.5 -0.5 -0.5  0.5  0.   0. ]
 [ 0.5  0.5  0.5  0.   0.   0.5]
 [ 0.5  0.5  0.5  0.   0.5  0. ]
 [ 0.5  0.5  0.5  0.5  0.   0. ]]
Slicing  [-3.5 -2.5 -1.5]  to  [-3.5 -2.  -2. ]
Slicing  [-3.5 -2.5 -1.5]  to  [-3.  -2.5 -2. ]
Slicing  [-3.5 -2.5 -1.5]  to  [-3.  -2.  -1.5]
Slicing  [-3.5 -1.5 -2.5]  to  [-3.5 -2.  -2. ]
Slicing  [-3.5 -1.5 -2.5]  to  [-3.  -2.  -2.5]


Processed: 3213/4462 (72.01%) | Elapsed: 03:38:52 | BZ Folding estimated remaining time: 01:25:05


Slicing  [-3.5 -1.5 -2.5]  to  [-3.  -1.5 -2. ]
Slicing  [-2.5 -2.5 -2.5]  to  [-3.  -2.5 -2. ]
Slicing  [-2.5 -2.5 -2.5]  to  [-3.  -2.  -2.5]
Slicing  [-2.5 -2.5 -2.5]  to  [-2.5 -2.  -2. ]
Slicing  [-2.5 -1.5 -1.5]  to  [-3.  -2.  -1.5]
Slicing  [-2.5 -1.5 -1.5]  to  [-3.  -1.5 -2. ]
Slicing  [-2.5 -1.5 -1.5]  to  [-2.5 -2.  -2. ]

Generating Report for BZ [-3 -2 -2]

Combining all 69 BZ

BZ [-3 -2 -2] done. Total time elapsed 03:40:22
Processing BZ [-2 -3 -2], path segments from Gamma to X

6 symmetrically equivalent path segments
[[ 0.   0.   0.  -0.5  0.   0. ]
 [ 0.   0.   0.   0.  -0.5  0. ]
 [ 0.   0.   0.   0.   0.  -0.5]
 [ 0.   0.   0.   0.   0.   0.5]
 [ 0.   0.   0.   0.   0.5  0. ]
 [ 0.   0.   0.   0.5  0.   0. ]]
Slicing  [-2. -3. -2.]  to  [-2.5 -3.  -2. ]
Slicing  [-2. -3. -2.]  to  [-2.  -3.5 -2. ]
Slicing  [-2. -3. -2.]  to  [-2.  -3.  -2.5]
Slicing  [-2. -3. -2.]  to  [-2.  -3.  -1.5]
Slicing  [-2. -3. -2.]  to  [-2.  -2.5 -2. ]
Slicing  [-2. -3. -2.]  to  [-1.5 -3.  -2. ]
Processing BZ [-2 -3 -2], path segments from X to M

12 symmetrically equivalent path segments
[[-0.5  0.   0.  -0.5  0.  -0.5]
 [-0.5  0.   0.  -0.5  0.   0.5]
 [ 0.  -0.5  0.  -0.5 -0.5  0. ]
 [ 0.  -0.5  0.   0.5 -0.5  0. ]
 [ 0.   0.  -0.5  0.  -0.5 -0.5]
 [ 0.   0.  -0.5  0.   0.5 -0.5]
 [ 0.   0.   0.5  0.  -0.5  0.5]
 [ 0.   0.   0.5  0.   0.5  0.5]
 [ 0.   0.5  0.  -0.5  0.5  0. ]
 [ 0.   0.5  0.   0.5  0.5  0. ]
 [ 0.5  0.   0.   0.5  0.  -0.5]
 [ 0.5  0.   0.   0.5  0.   0.5]]
Slicing  [-2.5 -3.  -2. ]  to  [-2.5 -3.  -2.5]
Slicing  [-2.5 -3.  -2. ]  to  [-2.5 -3.  -1.5]
Slicing  [-2.  -3.5 -2. ]  to  [-2.5 -3.5 -2. ]
Slicing  [-2.  -3.5 -2. ]  to  [-1.5 -3.5 -2. ]
Slicing  [-2.  -3.  -2.5]  to  [-2.  -3.5 -2.5]
Slicing  [-2.  -3.  -2.5]  to  [-2.  -2.5 -2.5]
Slicing  [-2.  -3.  -1.5]  to  [-2.  -3.5 -1.5]
Slicing  [-2.  -3.  -1.5]  to  [-2.  -2.5 -1.5]
Slicing  [-2.  -2.5 -2. ]  to  [-2.5 -2.5 -2. ]
Slicing  [-2.  -2.5 -2. ]  to  [-1.5 -2.5 -2. ]
Slicing  [-1.5 -3.  -2. ]  to  [-1.5 -3.  -2.5]
Slicing  [-1.5 -3.  -2. ]  to  [-1.5 -3.  -1.5]
Processing BZ [-2 -3 -2], path segments from M to Gamma

12 symmetrically equivalent path segments
[[-0.5 -0.5  0.   0.   0.   0. ]
 [-0.5  0.  -0.5  0.   0.   0. ]
 [-0.5  0.   0.5  0.   0.   0. ]
 [-0.5  0.5  0.   0.   0.   0. ]
 [ 0.  -0.5 -0.5  0.   0.   0. ]
 [ 0.  -0.5  0.5  0.   0.   0. ]
 [ 0.   0.5 -0.5  0.   0.   0. ]
 [ 0.   0.5  0.5  0.   0.   0. ]
 [ 0.5 -0.5  0.   0.   0.   0. ]
 [ 0.5  0.  -0.5  0.   0.   0. ]
 [ 0.5  0.   0.5  0.   0.   0. ]
 [ 0.5  0.5  0.   0.   0.   0. ]]
Slicing  [-2.5 -3.5 -2. ]  to  [-2. -3. -2.]
Slicing  [-2.5 -3.  -2.5]  to  [-2. -3. -2.]
Slicing  [-2.5 -3.  -1.5]  to  [-2. -3. -2.]
Slicing  [-2.5 -2.5 -2. ]  to  [-2. -3. -2.]
Slicing  [-2.  -3.5 -2.5]  to  [-2. -3. -2.]
Slicing  [-2.  -3.5 -1.5]  to  [-2. -3. -2.]
Slicing  [-2.  -2.5 -2.5]  to  [-2. -3. -2.]
Slicing  [-2.  -2.5 -1.5]  to  [-2. -3. -2.]
Slicing  [-1.5 -3.5 -2. ]  to  [-2. -3. -2.]
Slicing  [-1.5 -3.  -2.5]  to  [-2. -3. -2.]
Slicing  [-1.5 -3.  -1.5]  to  [-2. -3. -2.]
Slicing  [-1.5 -2.5 -2. ]  to  [-2. -3. -2.]
Processing BZ [-2 -3 -2], path segments from Gamma to R

4 symmetrically equivalent path segments
[[ 0.   0.   0.  -0.5 -0.5  0.5]
 [ 0.   0.   0.  -0.5  0.5 -0.5]
 [ 0.   0.   0.   0.5 -0.5 -0.5]
 [ 0.   0.   0.   0.5  0.5  0.5]]
Slicing  [-2. -3. -2.]  to  [-2.5 -3.5 -1.5]
Slicing  [-2. -3. -2.]  to  [-2.5 -2.5 -2.5]
Slicing  [-2. -3. -2.]  to  [-1.5 -3.5 -2.5]
Slicing  [-2. -3. -2.]  to  [-1.5 -2.5 -1.5]
Processing BZ [-2 -3 -2], path segments from R to X

12 symmetrically equivalent path segments
[[-0.5 -0.5  0.5 -0.5  0.   0. ]
 [-0.5 -0.5  0.5  0.  -0.5  0. ]
 [-0.5 -0.5  0.5  0.   0.   0.5]
 [-0.5  0.5 -0.5 -0.5  0.   0. ]
 [-0.5  0.5 -0.5  0.   0.  -0.5]
 [-0.5  0.5 -0.5  0.   0.5  0. ]
 [ 0.5 -0.5 -0.5  0.  -0.5  0. ]
 [ 0.5 -0.5 -0.5  0.   0.  -0.5]
 [ 0.5 -0.5 -0.5  0.5  0.   0. ]
 [ 0.5  0.5  0.5  0.   0.   0.5]
 [ 0.5  0.5  0.5  0.   0.5  0. ]
 [ 0.5  0.5  0.5  0.5  0.   0. ]]
Slicing  [-2.5 -3.5 -1.5]  to  [-2.5 -3.  -2. ]
Slicing  [-2.5 -3.5 -1.5]  to  [-2.  -3.5 -2. ]
Slicing  [-2.5 -3.5 -1.5]  to  [-2.  -3.  -1.5]
Slicing  [-2.5 -2.5 -2.5]  to  [-2.5 -3.  -2. ]
Slicing  [-2.5 -2.5 -2.5]  to  [-2.  -3.  -2.5]
Slicing  [-2.5 -2.5 -2.5]  to  [-2.  -2.5 -2. ]
Slicing  [-1.5 -3.5 -2.5]  to  [-2.  -3.5 -2. ]
Slicing  [-1.5 -3.5 -2.5]  to  [-2.  -3.  -2.5]
Slicing  [-1.5 -3.5 -2.5]  to  [-1.5 -3.  -2. ]
Slicing  [-1.5 -2.5 -1.5]  to  [-2.  -3.  -1.5]
Slicing  [-1.5 -2.5 -1.5]  to  [-2.  -2.5 -2. ]
Slicing  [-1.5 -2.5 -1.5]  to  [-1.5 -3.  -2. ]

Generating Report for BZ [-2 -3 -2]

Combining all 70 BZ

BZ [-2 -3 -2] done. Total time elapsed 03:43:37
Processing BZ [-2 -1 -2], path segments from Gamma to X

6 symmetrically equivalent path segments
[[ 0.   0.   0.  -0.5  0.   0. ]
 [ 0.   0.   0.   0.  -0.5  0. ]
 [ 0.   0.   0.   0.   0.  -0.5]
 [ 0.   0.   0.   0.   0.   0.5]
 [ 0.   0.   0.   0.   0.5  0. ]
 [ 0.   0.   0.   0.5  0.   0. ]]
Slicing  [-2. -1. -2.]  to  [-2.5 -1.  -2. ]
Slicing  [-2. -1. -2.]  to  [-2.  -1.5 -2. ]
Slicing  [-2. -1. -2.]  to  [-2.  -1.  -2.5]
Slicing  [-2. -1. -2.]  to  [-2.  -1.  -1.5]
Slicing  [-2. -1. -2.]  to  [-2.  -0.5 -2. ]
Slicing  [-2. -1. -2.]  to  [-1.5 -1.  -2. ]
Processing BZ [-2 -1 -2], path segments from X to M

12 symmetrically equivalent path segments
[[-0.5  0.   0.  -0.5  0.  -0.5]
 [-0.5  0.   0.  -0.5  0.   0.5]
 [ 0.  -0.5  0.  -0.5 -0.5  0. ]
 [ 0.  -0.5  0.   0.5 -0.5  0. ]
 [ 0.   0.  -0.5  0.  -0.5 -0.5]
 [ 0.   0.  -0.5  0.   0.5 -0.5]
 [ 0.   0.   0.5  0.  -0.5  0.5]
 [ 0.   0.   0.5  0.   0.5  0.5]
 [ 0.   0.5  0.  -0.5  0.5  0. ]
 [ 0.   0.5  0.   0.5  0.5  0. ]
 [ 0.5  0.   0.   0.5  0.  -0.5]
 [ 0.5  0.   0.   0.5  0.   0.5]]
Slicing  [-2.5 -1.  -2. ]  to  [-2.5 -1.  -2.5]
Slicing  [-2.5 -1.  -2. ]  to  [-2.5 -1.  -1.5]
Slicing  [-2.  -1.5 -2. ]  to  [-2.5 -1.5 -2. ]
Slicing  [-2.  -1.5 -2. ]  to  [-1.5 -1.5 -2. ]
Slicing  [-2.  -1.  -2.5]  to  [-2.  -1.5 -2.5]
Slicing  [-2.  -1.  -2.5]  to  [-2.  -0.5 -2.5]
Slicing  [-2.  -1.  -1.5]  to  [-2.  -1.5 -1.5]
Slicing  [-2.  -1.  -1.5]  to  [-2.  -0.5 -1.5]
Slicing  [-2.  -0.5 -2. ]  to  [-2.5 -0.5 -2. ]
Slicing  [-2.  -0.5 -2. ]  to  [-1.5 -0.5 -2. ]
Slicing  [-1.5 -1.  -2. ]  to  [-1.5 -1.  -2.5]
Slicing  [-1.5 -1.  -2. ]  to  [-1.5 -1.  -1.5]
Processing BZ [-2 -1 -2], path segments from M to Gamma

12 symmetrically equivalent path segments
[[-0.5 -0.5  0.   0.   0.   0. ]
 [-0.5  0.  -0.5  0.   0.   0. ]
 [-0.5  0.   0.5  0.   0.   0. ]
 [-0.5  0.5  0.   0.   0.   0. ]
 [ 0.  -0.5 -0.5  0.   0.   0. ]
 [ 0.  -0.5  0.5  0.   0.   0. ]
 [ 0.   0.5 -0.5  0.   0.   0. ]
 [ 0.   0.5  0.5  0.   0.   0. ]
 [ 0.5 -0.5  0.   0.   0.   0. ]
 [ 0.5  0.  -0.5  0.   0.   0. ]
 [ 0.5  0.   0.5  0.   0.   0. ]
 [ 0.5  0.5  0.   0.   0.   0. ]]
Slicing  [-2.5 -1.5 -2. ]  to  [-2. -1. -2.]
Slicing  [-2.5 -1.  -2.5]  to  [-2. -1. -2.]
Slicing  [-2.5 -1.  -1.5]  to  [-2. -1. -2.]
Slicing  [-2.5 -0.5 -2. ]  to  [-2. -1. -2.]
Slicing  [-2.  -1.5 -2.5]  to  [-2. -1. -2.]
Slicing  [-2.  -1.5 -1.5]  to  [-2. -1. -2.]
Slicing  [-2.  -0.5 -2.5]  to  [-2. -1. -2.]
Slicing  [-2.  -0.5 -1.5]  to  [-2. -1. -2.]
Slicing  [-1.5 -1.5 -2. ]  to  [-2. -1. -2.]
Slicing  [-1.5 -1.  -2.5]  to  [-2. -1. -2.]
Slicing  [-1.5 -1.  -1.5]  to  [-2. -1. -2.]
Slicing  [-1.5 -0.5 -2. ]  to  [-2. -1. -2.]
Processing BZ [-2 -1 -2], path segments from Gamma to R

4 symmetrically equivalent path segments
[[ 0.   0.   0.  -0.5 -0.5  0.5]
 [ 0.   0.   0.  -0.5  0.5 -0.5]
 [ 0.   0.   0.   0.5 -0.5 -0.5]
 [ 0.   0.   0.   0.5  0.5  0.5]]
Slicing  [-2. -1. -2.]  to  [-2.5 -1.5 -1.5]
Slicing  [-2. -1. -2.]  to  [-2.5 -0.5 -2.5]
Slicing  [-2. -1. -2.]  to  [-1.5 -1.5 -2.5]
Slicing  [-2. -1. -2.]  to  [-1.5 -0.5 -1.5]
Processing BZ [-2 -1 -2], path segments from R to X

12 symmetrically equivalent path segments
[[-0.5 -0.5  0.5 -0.5  0.   0. ]
 [-0.5 -0.5  0.5  0.  -0.5  0. ]
 [-0.5 -0.5  0.5  0.   0.   0.5]
 [-0.5  0.5 -0.5 -0.5  0.   0. ]
 [-0.5  0.5 -0.5  0.   0.  -0.5]
 [-0.5  0.5 -0.5  0.   0.5  0. ]
 [ 0.5 -0.5 -0.5  0.  -0.5  0. ]
 [ 0.5 -0.5 -0.5  0.   0.  -0.5]
 [ 0.5 -0.5 -0.5  0.5  0.   0. ]
 [ 0.5  0.5  0.5  0.   0.   0.5]
 [ 0.5  0.5  0.5  0.   0.5  0. ]
 [ 0.5  0.5  0.5  0.5  0.   0. ]]
Slicing  [-2.5 -1.5 -1.5]  to  [-2.5 -1.  -2. ]
Slicing  [-2.5 -1.5 -1.5]  to  [-2.  -1.5 -2. ]


Processed: 3302/4462 (74.00%) | Elapsed: 03:45:24 | BZ Folding estimated remaining time: 01:19:11


Slicing  [-2.5 -1.5 -1.5]  to  [-2.  -1.  -1.5]
Slicing  [-2.5 -0.5 -2.5]  to  [-2.5 -1.  -2. ]
Slicing  [-2.5 -0.5 -2.5]  to  [-2.  -1.  -2.5]
Slicing  [-2.5 -0.5 -2.5]  to  [-2.  -0.5 -2. ]
Slicing  [-1.5 -1.5 -2.5]  to  [-2.  -1.5 -2. ]
Slicing  [-1.5 -1.5 -2.5]  to  [-2.  -1.  -2.5]
Slicing  [-1.5 -1.5 -2.5]  to  [-1.5 -1.  -2. ]
Slicing  [-1.5 -0.5 -1.5]  to  [-2.  -1.  -1.5]
Slicing  [-1.5 -0.5 -1.5]  to  [-2.  -0.5 -2. ]
Slicing  [-1.5 -0.5 -1.5]  to  [-1.5 -1.  -2. ]

Generating Report for BZ [-2 -1 -2]

Combining all 71 BZ

BZ [-2 -1 -2] done. Total time elapsed 03:46:54
Processing BZ [ 1 -1  1], path segments from Gamma to X

6 symmetrically equivalent path segments
[[ 0.   0.   0.  -0.5  0.   0. ]
 [ 0.   0.   0.   0.  -0.5  0. ]
 [ 0.   0.   0.   0.   0.  -0.5]
 [ 0.   0.   0.   0.   0.   0.5]
 [ 0.   0.   0.   0.   0.5  0. ]
 [ 0.   0.   0.   0.5  0.   0. ]]
Slicing  [ 1. -1.  1.]  to  [ 0.5 -1.   1. ]
Slicing  [ 1. -1.  1.]  to  [ 1.  -1.5  1. ]
Slicing  [ 1. -1.  1.]  to  [ 1.  -1.   0.5]
Slicing  [ 1. -1.  1.]  to  [ 1.  -1.   1.5]
Slicing  [ 1. -1.  1.]  to  [ 1.  -0.5  1. ]
Slicing  [ 1. -1.  1.]  to  [ 1.5 -1.   1. ]
Processing BZ [ 1 -1  1], path segments from X to M

12 symmetrically equivalent path segments
[[-0.5  0.   0.  -0.5  0.  -0.5]
 [-0.5  0.   0.  -0.5  0.   0.5]
 [ 0.  -0.5  0.  -0.5 -0.5  0. ]
 [ 0.  -0.5  0.   0.5 -0.5  0. ]
 [ 0.   0.  -0.5  0.  -0.5 -0.5]
 [ 0.   0.  -0.5  0.   0.5 -0.5]
 [ 0.   0.   0.5  0.  -0.5  0.5]
 [ 0.   0.   0.5  0.   0.5  0.5]
 [ 0.   0.5  0.  -0.5  0.5  0. ]
 [ 0.   0.5  0.   0.5  0.5  0. ]
 [ 0.5  0.   0.   0.5  0.  -0.5]
 [ 0.5  0.   0.   0.5  0.   0.5]]
Slicing  [ 0.5 -1.   1. ]  to  [ 0.5 -1.   0.5]
Slicing  [ 0.5 -1.   1. ]  to  [ 0.5 -1.   1.5]
Slicing  [ 1.  -1.5  1. ]  to  [ 0.5 -1.5  1. ]
Slicing  [ 1.  -1.5  1. ]  to  [ 1.5 -1.5  1. ]
Slicing  [ 1.  -1.   0.5]  to  [ 1.  -1.5  0.5]
Slicing  [ 1.  -1.   0.5]  to  [ 1.  -0.5  0.5]
Slicing  [ 1.  -1.   1.5]  to  [ 1.  -1.5  1.5]
Slicing  [ 1.  -1.   1.5]  to  [ 1.  -0.5  1.5]
Slicing  [ 1.  -0.5  1. ]  to  [ 0.5 -0.5  1. ]
Slicing  [ 1.  -0.5  1. ]  to  [ 1.5 -0.5  1. ]
Slicing  [ 1.5 -1.   1. ]  to  [ 1.5 -1.   0.5]
Slicing  [ 1.5 -1.   1. ]  to  [ 1.5 -1.   1.5]
Processing BZ [ 1 -1  1], path segments from M to Gamma

12 symmetrically equivalent path segments
[[-0.5 -0.5  0.   0.   0.   0. ]
 [-0.5  0.  -0.5  0.   0.   0. ]
 [-0.5  0.   0.5  0.   0.   0. ]
 [-0.5  0.5  0.   0.   0.   0. ]
 [ 0.  -0.5 -0.5  0.   0.   0. ]
 [ 0.  -0.5  0.5  0.   0.   0. ]
 [ 0.   0.5 -0.5  0.   0.   0. ]
 [ 0.   0.5  0.5  0.   0.   0. ]
 [ 0.5 -0.5  0.   0.   0.   0. ]
 [ 0.5  0.  -0.5  0.   0.   0. ]
 [ 0.5  0.   0.5  0.   0.   0. ]
 [ 0.5  0.5  0.   0.   0.   0. ]]
Slicing  [ 0.5 -1.5  1. ]  to  [ 1. -1.  1.]
Slicing  [ 0.5 -1.   0.5]  to  [ 1. -1.  1.]
Slicing  [ 0.5 -1.   1.5]  to  [ 1. -1.  1.]
Slicing  [ 0.5 -0.5  1. ]  to  [ 1. -1.  1.]
Slicing  [ 1.  -1.5  0.5]  to  [ 1. -1.  1.]
Slicing  [ 1.  -1.5  1.5]  to  [ 1. -1.  1.]
Slicing  [ 1.  -0.5  0.5]  to  [ 1. -1.  1.]
Slicing  [ 1.  -0.5  1.5]  to  [ 1. -1.  1.]
Slicing  [ 1.5 -1.5  1. ]  to  [ 1. -1.  1.]
Slicing  [ 1.5 -1.   0.5]  to  [ 1. -1.  1.]
Slicing  [ 1.5 -1.   1.5]  to  [ 1. -1.  1.]
Slicing  [ 1.5 -0.5  1. ]  to  [ 1. -1.  1.]
Processing BZ [ 1 -1  1], path segments from Gamma to R

4 symmetrically equivalent path segments
[[ 0.   0.   0.  -0.5 -0.5  0.5]
 [ 0.   0.   0.  -0.5  0.5 -0.5]
 [ 0.   0.   0.   0.5 -0.5 -0.5]
 [ 0.   0.   0.   0.5  0.5  0.5]]
Slicing  [ 1. -1.  1.]  to  [ 0.5 -1.5  1.5]
Slicing  [ 1. -1.  1.]  to  [ 0.5 -0.5  0.5]
Slicing  [ 1. -1.  1.]  to  [ 1.5 -1.5  0.5]
Slicing  [ 1. -1.  1.]  to  [ 1.5 -0.5  1.5]
Processing BZ [ 1 -1  1], path segments from R to X

12 symmetrically equivalent path segments
[[-0.5 -0.5  0.5 -0.5  0.   0. ]
 [-0.5 -0.5  0.5  0.  -0.5  0. ]
 [-0.5 -0.5  0.5  0.   0.   0.5]
 [-0.5  0.5 -0.5 -0.5  0.   0. ]
 [-0.5  0.5 -0.5  0.   0.  -0.5]
 [-0.5  0.5 -0.5  0.   0.5  0. ]
 [ 0.5 -0.5 -0.5  0.  -0.5  0. ]
 [ 0.5 -0.5 -0.5  0.   0.  -0.5]
 [ 0.5 -0.5 -0.5  0.5  0.   0. ]
 [ 0.5  0.5  0.5  0.   0.   0.5]
 [ 0.5  0.5  0.5  0.   0.5  0. ]
 [ 0.5  0.5  0.5  0.5  0.   0. ]]
Slicing  [ 0.5 -1.5  1.5]  to  [ 0.5 -1.   1. ]
Slicing  [ 0.5 -1.5  1.5]  to  [ 1.  -1.5  1. ]
Slicing  [ 0.5 -1.5  1.5]  to  [ 1.  -1.   1.5]
Slicing  [ 0.5 -0.5  0.5]  to  [ 0.5 -1.   1. ]
Slicing  [ 0.5 -0.5  0.5]  to  [ 1.  -1.   0.5]
Slicing  [ 0.5 -0.5  0.5]  to  [ 1.  -0.5  1. ]
Slicing  [ 1.5 -1.5  0.5]  to  [ 1.  -1.5  1. ]
Slicing  [ 1.5 -1.5  0.5]  to  [ 1.  -1.   0.5]
Slicing  [ 1.5 -1.5  0.5]  to  [ 1.5 -1.   1. ]
Slicing  [ 1.5 -0.5  1.5]  to  [ 1.  -1.   1.5]
Slicing  [ 1.5 -0.5  1.5]  to  [ 1.  -0.5  1. ]
Slicing  [ 1.5 -0.5  1.5]  to  [ 1.5 -1.   1. ]

Generating Report for BZ [ 1 -1  1]

Combining all 72 BZ

BZ [ 1 -1  1] done. Total time elapsed 03:50:31
Processing BZ [-4 -3  3], path segments from Gamma to X

6 symmetrically equivalent path segments
[[ 0.   0.   0.  -0.5  0.   0. ]
 [ 0.   0.   0.   0.  -0.5  0. ]
 [ 0.   0.   0.   0.   0.  -0.5]
 [ 0.   0.   0.   0.   0.   0.5]
 [ 0.   0.   0.   0.   0.5  0. ]
 [ 0.   0.   0.   0.5  0.   0. ]]
Slicing  [-4. -3.  3.]  to  [-4.5 -3.   3. ]
Slicing  [-4. -3.  3.]  to  [-4.  -3.5  3. ]
Slicing  [-4. -3.  3.]  to  [-4.  -3.   2.5]
Slicing  [-4. -3.  3.]  to  [-4.  -3.   3.5]
Slicing  [-4. -3.  3.]  to  [-4.  -2.5  3. ]
Slicing  [-4. -3.  3.]  to  [-3.5 -3.   3. ]
Processing BZ [-4 -3  3], path segments from X to M

12 symmetrically equivalent path segments
[[-0.5  0.   0.  -0.5  0.  -0.5]
 [-0.5  0.   0.  -0.5  0.   0.5]
 [ 0.  -0.5  0.  -0.5 -0.5  0. ]
 [ 0.  -0.5  0.   0.5 -0.5  0. ]
 [ 0.   0.  -0.5  0.  -0.5 -0.5]
 [ 0.   0.  -0.5  0.   0.5 -0.5]
 [ 0.   0.   0.5  0.  -0.5  0.5]
 [ 0.   0.   0.5  0.   0.5  0.5]
 [ 0.   0.5  0.  -0.5  0.5  0. ]
 [ 0.   0.5  0.   0.5  0.5  0. ]
 [ 0.5  0.   0.   0.5  0.  -0.5]
 [ 0.5  0.   0.   0.5  0.   0.5]]
Slicing  [-4.5 -3.   3. ]  to  [-4.5 -3.   2.5]
Slicing  [-4.5 -3.   3. ]  to  [-4.5 -3.   3.5]
Slicing  [-4.  -3.5  3. ]  to  [-4.5 -3.5  3. ]
Slicing  [-4.  -3.5  3. ]  to  [-3.5 -3.5  3. ]
Slicing  [-4.  -3.   2.5]  to  [-4.  -3.5  2.5]
Slicing  [-4.  -3.   2.5]  to  [-4.  -2.5  2.5]
Slicing  [-4.  -3.   3.5]  to  [-4.  -3.5  3.5]
Slicing  [-4.  -3.   3.5]  to  [-4.  -2.5  3.5]
Slicing  [-4.  -2.5  3. ]  to  [-4.5 -2.5  3. ]
Slicing  [-4.  -2.5  3. ]  to  [-3.5 -2.5  3. ]
Slicing  [-3.5 -3.   3. ]  to  [-3.5 -3.   2.5]
Slicing  [-3.5 -3.   3. ]  to  [-3.5 -3.   3.5]
Processing BZ [-4 -3  3], path segments from M to Gamma

12 symmetrically equivalent path segments
[[-0.5 -0.5  0.   0.   0.   0. ]
 [-0.5  0.  -0.5  0.   0.   0. ]
 [-0.5  0.   0.5  0.   0.   0. ]
 [-0.5  0.5  0.   0.   0.   0. ]
 [ 0.  -0.5 -0.5  0.   0.   0. ]
 [ 0.  -0.5  0.5  0.   0.   0. ]
 [ 0.   0.5 -0.5  0.   0.   0. ]
 [ 0.   0.5  0.5  0.   0.   0. ]
 [ 0.5 -0.5  0.   0.   0.   0. ]
 [ 0.5  0.  -0.5  0.   0.   0. ]
 [ 0.5  0.   0.5  0.   0.   0. ]
 [ 0.5  0.5  0.   0.   0.   0. ]]
Slicing  [-4.5 -3.5  3. ]  to  [-4. -3.  3.]
Slicing  [-4.5 -3.   2.5]  to  [-4. -3.  3.]
Slicing  [-4.5 -3.   3.5]  to  [-4. -3.  3.]
Slicing  [-4.5 -2.5  3. ]  to  [-4. -3.  3.]
Slicing  [-4.  -3.5  2.5]  to  [-4. -3.  3.]
Slicing  [-4.  -3.5  3.5]  to  [-4. -3.  3.]
Slicing  [-4.  -2.5  2.5]  to  [-4. -3.  3.]
Slicing  [-4.  -2.5  3.5]  to  [-4. -3.  3.]
Slicing  [-3.5 -3.5  3. ]  to  [-4. -3.  3.]
Slicing  [-3.5 -3.   2.5]  to  [-4. -3.  3.]
Slicing  [-3.5 -3.   3.5]  to  [-4. -3.  3.]
Slicing  [-3.5 -2.5  3. ]  to  [-4. -3.  3.]
Processing BZ [-4 -3  3], path segments from Gamma to R

4 symmetrically equivalent path segments
[[ 0.   0.   0.  -0.5 -0.5  0.5]
 [ 0.   0.   0.  -0.5  0.5 -0.5]
 [ 0.   0.   0.   0.5 -0.5 -0.5]
 [ 0.   0.   0.   0.5  0.5  0.5]]
Slicing  [-4. -3.  3.]  to  [-4.5 -3.5  3.5]
Slicing  [-4. -3.  3.]  to  [-4.5 -2.5  2.5]
Slicing  [-4. -3.  3.]  to  [-3.5 -3.5  2.5]
Slicing  [-4. -3.  3.]  to  [-3.5 -2.5  3.5]


Processed: 3392/4462 (76.02%) | Elapsed: 03:52:09 | BZ Folding estimated remaining time: 01:13:13


Processing BZ [-4 -3  3], path segments from R to X

12 symmetrically equivalent path segments
[[-0.5 -0.5  0.5 -0.5  0.   0. ]
 [-0.5 -0.5  0.5  0.  -0.5  0. ]
 [-0.5 -0.5  0.5  0.   0.   0.5]
 [-0.5  0.5 -0.5 -0.5  0.   0. ]
 [-0.5  0.5 -0.5  0.   0.  -0.5]
 [-0.5  0.5 -0.5  0.   0.5  0. ]
 [ 0.5 -0.5 -0.5  0.  -0.5  0. ]
 [ 0.5 -0.5 -0.5  0.   0.  -0.5]
 [ 0.5 -0.5 -0.5  0.5  0.   0. ]
 [ 0.5  0.5  0.5  0.   0.   0.5]
 [ 0.5  0.5  0.5  0.   0.5  0. ]
 [ 0.5  0.5  0.5  0.5  0.   0. ]]
Slicing  [-4.5 -3.5  3.5]  to  [-4.5 -3.   3. ]
Slicing  [-4.5 -3.5  3.5]  to  [-4.  -3.5  3. ]
Slicing  [-4.5 -3.5  3.5]  to  [-4.  -3.   3.5]
Slicing  [-4.5 -2.5  2.5]  to  [-4.5 -3.   3. ]
Slicing  [-4.5 -2.5  2.5]  to  [-4.  -3.   2.5]
Slicing  [-4.5 -2.5  2.5]  to  [-4.  -2.5  3. ]
Slicing  [-3.5 -3.5  2.5]  to  [-4.  -3.5  3. ]
Slicing  [-3.5 -3.5  2.5]  to  [-4.  -3.   2.5]
Slicing  [-3.5 -3.5  2.5]  to  [-3.5 -3.   3. ]
Slicing  [-3.5 -2.5  3.5]  to  [-4.  -3.   3.5]
Slicing  [-3.5 -2.5  3.5]  to  [-4.  -2.5  3. ]
Slicing  [-3.5 -2.5  3.5]  to  [-3.5 -3.   3. ]

Generating Report for BZ [-4 -3  3]

Combining all 73 BZ

BZ [-4 -3  3] done. Total time elapsed 03:53:42
Processing BZ [-2 -3  3], path segments from Gamma to X

6 symmetrically equivalent path segments
[[ 0.   0.   0.  -0.5  0.   0. ]
 [ 0.   0.   0.   0.  -0.5  0. ]
 [ 0.   0.   0.   0.   0.  -0.5]
 [ 0.   0.   0.   0.   0.   0.5]
 [ 0.   0.   0.   0.   0.5  0. ]
 [ 0.   0.   0.   0.5  0.   0. ]]
Slicing  [-2. -3.  3.]  to  [-2.5 -3.   3. ]
Slicing  [-2. -3.  3.]  to  [-2.  -3.5  3. ]
Slicing  [-2. -3.  3.]  to  [-2.  -3.   2.5]
Slicing  [-2. -3.  3.]  to  [-2.  -3.   3.5]
Slicing  [-2. -3.  3.]  to  [-2.  -2.5  3. ]
Slicing  [-2. -3.  3.]  to  [-1.5 -3.   3. ]
Processing BZ [-2 -3  3], path segments from X to M

12 symmetrically equivalent path segments
[[-0.5  0.   0.  -0.5  0.  -0.5]
 [-0.5  0.   0.  -0.5  0.   0.5]
 [ 0.  -0.5  0.  -0.5 -0.5  0. ]
 [ 0.  -0.5  0.   0.5 -0.5  0. ]
 [ 0.   0.  -0.5  0.  -0.5 -0.5]
 [ 0.   0.  -0.5  0.   0.5 -0.5]
 [ 0.   0.   0.5  0.  -0.5  0.5]
 [ 0.   0.   0.5  0.   0.5  0.5]
 [ 0.   0.5  0.  -0.5  0.5  0. ]
 [ 0.   0.5  0.   0.5  0.5  0. ]
 [ 0.5  0.   0.   0.5  0.  -0.5]
 [ 0.5  0.   0.   0.5  0.   0.5]]
Slicing  [-2.5 -3.   3. ]  to  [-2.5 -3.   2.5]
Slicing  [-2.5 -3.   3. ]  to  [-2.5 -3.   3.5]
Slicing  [-2.  -3.5  3. ]  to  [-2.5 -3.5  3. ]
Slicing  [-2.  -3.5  3. ]  to  [-1.5 -3.5  3. ]
Slicing  [-2.  -3.   2.5]  to  [-2.  -3.5  2.5]
Slicing  [-2.  -3.   2.5]  to  [-2.  -2.5  2.5]
Slicing  [-2.  -3.   3.5]  to  [-2.  -3.5  3.5]
Slicing  [-2.  -3.   3.5]  to  [-2.  -2.5  3.5]
Slicing  [-2.  -2.5  3. ]  to  [-2.5 -2.5  3. ]
Slicing  [-2.  -2.5  3. ]  to  [-1.5 -2.5  3. ]
Slicing  [-1.5 -3.   3. ]  to  [-1.5 -3.   2.5]
Slicing  [-1.5 -3.   3. ]  to  [-1.5 -3.   3.5]
Processing BZ [-2 -3  3], path segments from M to Gamma

12 symmetrically equivalent path segments
[[-0.5 -0.5  0.   0.   0.   0. ]
 [-0.5  0.  -0.5  0.   0.   0. ]
 [-0.5  0.   0.5  0.   0.   0. ]
 [-0.5  0.5  0.   0.   0.   0. ]
 [ 0.  -0.5 -0.5  0.   0.   0. ]
 [ 0.  -0.5  0.5  0.   0.   0. ]
 [ 0.   0.5 -0.5  0.   0.   0. ]
 [ 0.   0.5  0.5  0.   0.   0. ]
 [ 0.5 -0.5  0.   0.   0.   0. ]
 [ 0.5  0.  -0.5  0.   0.   0. ]
 [ 0.5  0.   0.5  0.   0.   0. ]
 [ 0.5  0.5  0.   0.   0.   0. ]]
Slicing  [-2.5 -3.5  3. ]  to  [-2. -3.  3.]
Slicing  [-2.5 -3.   2.5]  to  [-2. -3.  3.]
Slicing  [-2.5 -3.   3.5]  to  [-2. -3.  3.]
Slicing  [-2.5 -2.5  3. ]  to  [-2. -3.  3.]
Slicing  [-2.  -3.5  2.5]  to  [-2. -3.  3.]
Slicing  [-2.  -3.5  3.5]  to  [-2. -3.  3.]
Slicing  [-2.  -2.5  2.5]  to  [-2. -3.  3.]
Slicing  [-2.  -2.5  3.5]  to  [-2. -3.  3.]
Slicing  [-1.5 -3.5  3. ]  to  [-2. -3.  3.]
Slicing  [-1.5 -3.   2.5]  to  [-2. -3.  3.]
Slicing  [-1.5 -3.   3.5]  to  [-2. -3.  3.]
Slicing  [-1.5 -2.5  3. ]  to  [-2. -3.  3.]
Processing BZ [-2 -3  3], path segments from Gamma to R

4 symmetrically equivalent path segments
[[ 0.   0.   0.  -0.5 -0.5  0.5]
 [ 0.   0.   0.  -0.5  0.5 -0.5]
 [ 0.   0.   0.   0.5 -0.5 -0.5]
 [ 0.   0.   0.   0.5  0.5  0.5]]
Slicing  [-2. -3.  3.]  to  [-2.5 -3.5  3.5]
Slicing  [-2. -3.  3.]  to  [-2.5 -2.5  2.5]
Slicing  [-2. -3.  3.]  to  [-1.5 -3.5  2.5]
Slicing  [-2. -3.  3.]  to  [-1.5 -2.5  3.5]
Processing BZ [-2 -3  3], path segments from R to X

12 symmetrically equivalent path segments
[[-0.5 -0.5  0.5 -0.5  0.   0. ]
 [-0.5 -0.5  0.5  0.  -0.5  0. ]
 [-0.5 -0.5  0.5  0.   0.   0.5]
 [-0.5  0.5 -0.5 -0.5  0.   0. ]
 [-0.5  0.5 -0.5  0.   0.  -0.5]
 [-0.5  0.5 -0.5  0.   0.5  0. ]
 [ 0.5 -0.5 -0.5  0.  -0.5  0. ]
 [ 0.5 -0.5 -0.5  0.   0.  -0.5]
 [ 0.5 -0.5 -0.5  0.5  0.   0. ]
 [ 0.5  0.5  0.5  0.   0.   0.5]
 [ 0.5  0.5  0.5  0.   0.5  0. ]
 [ 0.5  0.5  0.5  0.5  0.   0. ]]
Slicing  [-2.5 -3.5  3.5]  to  [-2.5 -3.   3. ]
Slicing  [-2.5 -3.5  3.5]  to  [-2.  -3.5  3. ]
Slicing  [-2.5 -3.5  3.5]  to  [-2.  -3.   3.5]
Slicing  [-2.5 -2.5  2.5]  to  [-2.5 -3.   3. ]
Slicing  [-2.5 -2.5  2.5]  to  [-2.  -3.   2.5]
Slicing  [-2.5 -2.5  2.5]  to  [-2.  -2.5  3. ]
Slicing  [-1.5 -3.5  2.5]  to  [-2.  -3.5  3. ]
Slicing  [-1.5 -3.5  2.5]  to  [-2.  -3.   2.5]
Slicing  [-1.5 -3.5  2.5]  to  [-1.5 -3.   3. ]
Slicing  [-1.5 -2.5  3.5]  to  [-2.  -3.   3.5]
Slicing  [-1.5 -2.5  3.5]  to  [-2.  -2.5  3. ]
Slicing  [-1.5 -2.5  3.5]  to  [-1.5 -3.   3. ]

Generating Report for BZ [-2 -3  3]

Combining all 74 BZ

BZ [-2 -3  3] done. Total time elapsed 03:57:02
Processing BZ [-4 -4  2], path segments from Gamma to X

6 symmetrically equivalent path segments
[[ 0.   0.   0.  -0.5  0.   0. ]
 [ 0.   0.   0.   0.  -0.5  0. ]
 [ 0.   0.   0.   0.   0.  -0.5]
 [ 0.   0.   0.   0.   0.   0.5]
 [ 0.   0.   0.   0.   0.5  0. ]
 [ 0.   0.   0.   0.5  0.   0. ]]
Slicing  [-4. -4.  2.]  to  [-4.5 -4.   2. ]
Slicing  [-4. -4.  2.]  to  [-4.  -4.5  2. ]
Slicing  [-4. -4.  2.]  to  [-4.  -4.   1.5]
Slicing  [-4. -4.  2.]  to  [-4.  -4.   2.5]
Slicing  [-4. -4.  2.]  to  [-4.  -3.5  2. ]
Slicing  [-4. -4.  2.]  to  [-3.5 -4.   2. ]
Processing BZ [-4 -4  2], path segments from X to M

12 symmetrically equivalent path segments
[[-0.5  0.   0.  -0.5  0.  -0.5]
 [-0.5  0.   0.  -0.5  0.   0.5]
 [ 0.  -0.5  0.  -0.5 -0.5  0. ]
 [ 0.  -0.5  0.   0.5 -0.5  0. ]
 [ 0.   0.  -0.5  0.  -0.5 -0.5]
 [ 0.   0.  -0.5  0.   0.5 -0.5]
 [ 0.   0.   0.5  0.  -0.5  0.5]
 [ 0.   0.   0.5  0.   0.5  0.5]
 [ 0.   0.5  0.  -0.5  0.5  0. ]
 [ 0.   0.5  0.   0.5  0.5  0. ]
 [ 0.5  0.   0.   0.5  0.  -0.5]
 [ 0.5  0.   0.   0.5  0.   0.5]]
Slicing  [-4.5 -4.   2. ]  to  [-4.5 -4.   1.5]
Slicing  [-4.5 -4.   2. ]  to  [-4.5 -4.   2.5]
Slicing  [-4.  -4.5  2. ]  to  [-4.5 -4.5  2. ]
Slicing  [-4.  -4.5  2. ]  to  [-3.5 -4.5  2. ]
Slicing  [-4.  -4.   1.5]  to  [-4.  -4.5  1.5]
Slicing  [-4.  -4.   1.5]  to  [-4.  -3.5  1.5]
Slicing  [-4.  -4.   2.5]  to  [-4.  -4.5  2.5]
Slicing  [-4.  -4.   2.5]  to  [-4.  -3.5  2.5]
Slicing  [-4.  -3.5  2. ]  to  [-4.5 -3.5  2. ]
Slicing  [-4.  -3.5  2. ]  to  [-3.5 -3.5  2. ]
Slicing  [-3.5 -4.   2. ]  to  [-3.5 -4.   1.5]
Slicing  [-3.5 -4.   2. ]  to  [-3.5 -4.   2.5]
Processing BZ [-4 -4  2], path segments from M to Gamma

12 symmetrically equivalent path segments
[[-0.5 -0.5  0.   0.   0.   0. ]
 [-0.5  0.  -0.5  0.   0.   0. ]
 [-0.5  0.   0.5  0.   0.   0. ]
 [-0.5  0.5  0.   0.   0.   0. ]
 [ 0.  -0.5 -0.5  0.   0.   0. ]
 [ 0.  -0.5  0.5  0.   0.   0. ]
 [ 0.   0.5 -0.5  0.   0.   0. ]
 [ 0.   0.5  0.5  0.   0.   0. ]
 [ 0.5 -0.5  0.   0.   0.   0. ]
 [ 0.5  0.  -0.5  0.   0.   0. ]
 [ 0.5  0.   0.5  0.   0.   0. ]
 [ 0.5  0.5  0.   0.   0.   0. ]]
Slicing  [-4.5 -4.5  2. ]  to  [-4. -4.  2.]
Slicing  [-4.5 -4.   1.5]  to  [-4. -4.  2.]
Slicing  [-4.5 -4.   2.5]  to  [-4. -4.  2.]
Slicing  [-4.5 -3.5  2. ]  to  [-4. -4.  2.]
Slicing  [-4.  -4.5  1.5]  to  [-4. -4.  2.]
Slicing  [-4.  -4.5  2.5]  to  [-4. -4.  2.]
Slicing  [-4.  -3.5  1.5]  to  [-4. -4.  2.]
Slicing  [-4.  -3.5  2.5]  to  [-4. -4.  2.]
Slicing  [-3.5 -4.5  2. ]  to  [-4. -4.  2.]
Slicing  [-3.5 -4.   1.5]  to  [-4. -4.  2.]
Slicing  [-3.5 -4.   2.5]  to  [-4. -4.  2.]
Slicing  [-3.5 -3.5  2. ]  to  [-4. -4.  2.]
Processing BZ [-4 -4  2], path segments from Gamma to R

4 symmetrically equivalent path segments
[[ 0.   0.   0.  -0.5 -0.5  0.5]
 [ 0.   0.   0.  -0.5  0.5 -0.5]
 [ 0.   0.   0.   0.5 -0.5 -0.5]
 [ 0.   0.   0.   0.5  0.5  0.5]]
Slicing  [-4. -4.  2.]  to  [-4.5 -4.5  2.5]


Processed: 3481/4462 (78.01%) | Elapsed: 03:58:32 | BZ Folding estimated remaining time: 01:07:13


Slicing  [-4. -4.  2.]  to  [-4.5 -3.5  1.5]
Slicing  [-4. -4.  2.]  to  [-3.5 -4.5  1.5]
Slicing  [-4. -4.  2.]  to  [-3.5 -3.5  2.5]
Processing BZ [-4 -4  2], path segments from R to X

12 symmetrically equivalent path segments
[[-0.5 -0.5  0.5 -0.5  0.   0. ]
 [-0.5 -0.5  0.5  0.  -0.5  0. ]
 [-0.5 -0.5  0.5  0.   0.   0.5]
 [-0.5  0.5 -0.5 -0.5  0.   0. ]
 [-0.5  0.5 -0.5  0.   0.  -0.5]
 [-0.5  0.5 -0.5  0.   0.5  0. ]
 [ 0.5 -0.5 -0.5  0.  -0.5  0. ]
 [ 0.5 -0.5 -0.5  0.   0.  -0.5]
 [ 0.5 -0.5 -0.5  0.5  0.   0. ]
 [ 0.5  0.5  0.5  0.   0.   0.5]
 [ 0.5  0.5  0.5  0.   0.5  0. ]
 [ 0.5  0.5  0.5  0.5  0.   0. ]]
Slicing  [-4.5 -4.5  2.5]  to  [-4.5 -4.   2. ]
Slicing  [-4.5 -4.5  2.5]  to  [-4.  -4.5  2. ]
Slicing  [-4.5 -4.5  2.5]  to  [-4.  -4.   2.5]
Slicing  [-4.5 -3.5  1.5]  to  [-4.5 -4.   2. ]
Slicing  [-4.5 -3.5  1.5]  to  [-4.  -4.   1.5]
Slicing  [-4.5 -3.5  1.5]  to  [-4.  -3.5  2. ]
Slicing  [-3.5 -4.5  1.5]  to  [-4.  -4.5  2. ]
Slicing  [-3.5 -4.5  1.5]  to  [-4.  -4.   1.5]
Slicing  [-3.5 -4.5  1.5]  to  [-3.5 -4.   2. ]
Slicing  [-3.5 -3.5  2.5]  to  [-4.  -4.   2.5]
Slicing  [-3.5 -3.5  2.5]  to  [-4.  -3.5  2. ]
Slicing  [-3.5 -3.5  2.5]  to  [-3.5 -4.   2. ]

Generating Report for BZ [-4 -4  2]

Combining all 75 BZ

BZ [-4 -4  2] done. Total time elapsed 04:00:22
Processing BZ [-1 -2 -2], path segments from Gamma to X

6 symmetrically equivalent path segments
[[ 0.   0.   0.  -0.5  0.   0. ]
 [ 0.   0.   0.   0.  -0.5  0. ]
 [ 0.   0.   0.   0.   0.  -0.5]
 [ 0.   0.   0.   0.   0.   0.5]
 [ 0.   0.   0.   0.   0.5  0. ]
 [ 0.   0.   0.   0.5  0.   0. ]]
Slicing  [-1. -2. -2.]  to  [-1.5 -2.  -2. ]
Slicing  [-1. -2. -2.]  to  [-1.  -2.5 -2. ]
Slicing  [-1. -2. -2.]  to  [-1.  -2.  -2.5]
Slicing  [-1. -2. -2.]  to  [-1.  -2.  -1.5]
Slicing  [-1. -2. -2.]  to  [-1.  -1.5 -2. ]
Slicing  [-1. -2. -2.]  to  [-0.5 -2.  -2. ]
Processing BZ [-1 -2 -2], path segments from X to M

12 symmetrically equivalent path segments
[[-0.5  0.   0.  -0.5  0.  -0.5]
 [-0.5  0.   0.  -0.5  0.   0.5]
 [ 0.  -0.5  0.  -0.5 -0.5  0. ]
 [ 0.  -0.5  0.   0.5 -0.5  0. ]
 [ 0.   0.  -0.5  0.  -0.5 -0.5]
 [ 0.   0.  -0.5  0.   0.5 -0.5]
 [ 0.   0.   0.5  0.  -0.5  0.5]
 [ 0.   0.   0.5  0.   0.5  0.5]
 [ 0.   0.5  0.  -0.5  0.5  0. ]
 [ 0.   0.5  0.   0.5  0.5  0. ]
 [ 0.5  0.   0.   0.5  0.  -0.5]
 [ 0.5  0.   0.   0.5  0.   0.5]]
Slicing  [-1.5 -2.  -2. ]  to  [-1.5 -2.  -2.5]
Slicing  [-1.5 -2.  -2. ]  to  [-1.5 -2.  -1.5]
Slicing  [-1.  -2.5 -2. ]  to  [-1.5 -2.5 -2. ]
Slicing  [-1.  -2.5 -2. ]  to  [-0.5 -2.5 -2. ]
Slicing  [-1.  -2.  -2.5]  to  [-1.  -2.5 -2.5]
Slicing  [-1.  -2.  -2.5]  to  [-1.  -1.5 -2.5]
Slicing  [-1.  -2.  -1.5]  to  [-1.  -2.5 -1.5]
Slicing  [-1.  -2.  -1.5]  to  [-1.  -1.5 -1.5]
Slicing  [-1.  -1.5 -2. ]  to  [-1.5 -1.5 -2. ]
Slicing  [-1.  -1.5 -2. ]  to  [-0.5 -1.5 -2. ]
Slicing  [-0.5 -2.  -2. ]  to  [-0.5 -2.  -2.5]
Slicing  [-0.5 -2.  -2. ]  to  [-0.5 -2.  -1.5]
Processing BZ [-1 -2 -2], path segments from M to Gamma

12 symmetrically equivalent path segments
[[-0.5 -0.5  0.   0.   0.   0. ]
 [-0.5  0.  -0.5  0.   0.   0. ]
 [-0.5  0.   0.5  0.   0.   0. ]
 [-0.5  0.5  0.   0.   0.   0. ]
 [ 0.  -0.5 -0.5  0.   0.   0. ]
 [ 0.  -0.5  0.5  0.   0.   0. ]
 [ 0.   0.5 -0.5  0.   0.   0. ]
 [ 0.   0.5  0.5  0.   0.   0. ]
 [ 0.5 -0.5  0.   0.   0.   0. ]
 [ 0.5  0.  -0.5  0.   0.   0. ]
 [ 0.5  0.   0.5  0.   0.   0. ]
 [ 0.5  0.5  0.   0.   0.   0. ]]
Slicing  [-1.5 -2.5 -2. ]  to  [-1. -2. -2.]
Slicing  [-1.5 -2.  -2.5]  to  [-1. -2. -2.]
Slicing  [-1.5 -2.  -1.5]  to  [-1. -2. -2.]
Slicing  [-1.5 -1.5 -2. ]  to  [-1. -2. -2.]
Slicing  [-1.  -2.5 -2.5]  to  [-1. -2. -2.]
Slicing  [-1.  -2.5 -1.5]  to  [-1. -2. -2.]
Slicing  [-1.  -1.5 -2.5]  to  [-1. -2. -2.]
Slicing  [-1.  -1.5 -1.5]  to  [-1. -2. -2.]
Slicing  [-0.5 -2.5 -2. ]  to  [-1. -2. -2.]
Slicing  [-0.5 -2.  -2.5]  to  [-1. -2. -2.]
Slicing  [-0.5 -2.  -1.5]  to  [-1. -2. -2.]
Slicing  [-0.5 -1.5 -2. ]  to  [-1. -2. -2.]
Processing BZ [-1 -2 -2], path segments from Gamma to R

4 symmetrically equivalent path segments
[[ 0.   0.   0.  -0.5 -0.5  0.5]
 [ 0.   0.   0.  -0.5  0.5 -0.5]
 [ 0.   0.   0.   0.5 -0.5 -0.5]
 [ 0.   0.   0.   0.5  0.5  0.5]]
Slicing  [-1. -2. -2.]  to  [-1.5 -2.5 -1.5]
Slicing  [-1. -2. -2.]  to  [-1.5 -1.5 -2.5]
Slicing  [-1. -2. -2.]  to  [-0.5 -2.5 -2.5]
Slicing  [-1. -2. -2.]  to  [-0.5 -1.5 -1.5]
Processing BZ [-1 -2 -2], path segments from R to X

12 symmetrically equivalent path segments
[[-0.5 -0.5  0.5 -0.5  0.   0. ]
 [-0.5 -0.5  0.5  0.  -0.5  0. ]
 [-0.5 -0.5  0.5  0.   0.   0.5]
 [-0.5  0.5 -0.5 -0.5  0.   0. ]
 [-0.5  0.5 -0.5  0.   0.  -0.5]
 [-0.5  0.5 -0.5  0.   0.5  0. ]
 [ 0.5 -0.5 -0.5  0.  -0.5  0. ]
 [ 0.5 -0.5 -0.5  0.   0.  -0.5]
 [ 0.5 -0.5 -0.5  0.5  0.   0. ]
 [ 0.5  0.5  0.5  0.   0.   0.5]
 [ 0.5  0.5  0.5  0.   0.5  0. ]
 [ 0.5  0.5  0.5  0.5  0.   0. ]]
Slicing  [-1.5 -2.5 -1.5]  to  [-1.5 -2.  -2. ]
Slicing  [-1.5 -2.5 -1.5]  to  [-1.  -2.5 -2. ]
Slicing  [-1.5 -2.5 -1.5]  to  [-1.  -2.  -1.5]
Slicing  [-1.5 -1.5 -2.5]  to  [-1.5 -2.  -2. ]
Slicing  [-1.5 -1.5 -2.5]  to  [-1.  -2.  -2.5]
Slicing  [-1.5 -1.5 -2.5]  to  [-1.  -1.5 -2. ]
Slicing  [-0.5 -2.5 -2.5]  to  [-1.  -2.5 -2. ]
Slicing  [-0.5 -2.5 -2.5]  to  [-1.  -2.  -2.5]
Slicing  [-0.5 -2.5 -2.5]  to  [-0.5 -2.  -2. ]
Slicing  [-0.5 -1.5 -1.5]  to  [-1.  -2.  -1.5]
Slicing  [-0.5 -1.5 -1.5]  to  [-1.  -1.5 -2. ]
Slicing  [-0.5 -1.5 -1.5]  to  [-0.5 -2.  -2. ]

Generating Report for BZ [-1 -2 -2]

Combining all 76 BZ

BZ [-1 -2 -2] done. Total time elapsed 04:03:40
Processing BZ [-1  1  0], path segments from Gamma to X

6 symmetrically equivalent path segments
[[ 0.   0.   0.  -0.5  0.   0. ]
 [ 0.   0.   0.   0.  -0.5  0. ]
 [ 0.   0.   0.   0.   0.  -0.5]
 [ 0.   0.   0.   0.   0.   0.5]
 [ 0.   0.   0.   0.   0.5  0. ]
 [ 0.   0.   0.   0.5  0.   0. ]]
Slicing  [-1.  1.  0.]  to  [-1.5  1.   0. ]
Slicing  [-1.  1.  0.]  to  [-1.   0.5  0. ]
Slicing  [-1.  1.  0.]  to  [-1.   1.  -0.5]
Slicing  [-1.  1.  0.]  to  [-1.   1.   0.5]
Slicing  [-1.  1.  0.]  to  [-1.   1.5  0. ]
Slicing  [-1.  1.  0.]  to  [-0.5  1.   0. ]
Processing BZ [-1  1  0], path segments from X to M

12 symmetrically equivalent path segments
[[-0.5  0.   0.  -0.5  0.  -0.5]
 [-0.5  0.   0.  -0.5  0.   0.5]
 [ 0.  -0.5  0.  -0.5 -0.5  0. ]
 [ 0.  -0.5  0.   0.5 -0.5  0. ]
 [ 0.   0.  -0.5  0.  -0.5 -0.5]
 [ 0.   0.  -0.5  0.   0.5 -0.5]
 [ 0.   0.   0.5  0.  -0.5  0.5]
 [ 0.   0.   0.5  0.   0.5  0.5]
 [ 0.   0.5  0.  -0.5  0.5  0. ]
 [ 0.   0.5  0.   0.5  0.5  0. ]
 [ 0.5  0.   0.   0.5  0.  -0.5]
 [ 0.5  0.   0.   0.5  0.   0.5]]
Slicing  [-1.5  1.   0. ]  to  [-1.5  1.  -0.5]
Slicing  [-1.5  1.   0. ]  to  [-1.5  1.   0.5]
Slicing  [-1.   0.5  0. ]  to  [-1.5  0.5  0. ]
Slicing  [-1.   0.5  0. ]  to  [-0.5  0.5  0. ]
Slicing  [-1.   1.  -0.5]  to  [-1.   0.5 -0.5]
Slicing  [-1.   1.  -0.5]  to  [-1.   1.5 -0.5]
Slicing  [-1.   1.   0.5]  to  [-1.   0.5  0.5]
Slicing  [-1.   1.   0.5]  to  [-1.   1.5  0.5]
Slicing  [-1.   1.5  0. ]  to  [-1.5  1.5  0. ]
Slicing  [-1.   1.5  0. ]  to  [-0.5  1.5  0. ]
Slicing  [-0.5  1.   0. ]  to  [-0.5  1.  -0.5]
Slicing  [-0.5  1.   0. ]  to  [-0.5  1.   0.5]
Processing BZ [-1  1  0], path segments from M to Gamma

12 symmetrically equivalent path segments
[[-0.5 -0.5  0.   0.   0.   0. ]
 [-0.5  0.  -0.5  0.   0.   0. ]
 [-0.5  0.   0.5  0.   0.   0. ]
 [-0.5  0.5  0.   0.   0.   0. ]
 [ 0.  -0.5 -0.5  0.   0.   0. ]
 [ 0.  -0.5  0.5  0.   0.   0. ]
 [ 0.   0.5 -0.5  0.   0.   0. ]
 [ 0.   0.5  0.5  0.   0.   0. ]
 [ 0.5 -0.5  0.   0.   0.   0. ]
 [ 0.5  0.  -0.5  0.   0.   0. ]
 [ 0.5  0.   0.5  0.   0.   0. ]
 [ 0.5  0.5  0.   0.   0.   0. ]]
Slicing  [-1.5  0.5  0. ]  to  [-1.  1.  0.]
Slicing  [-1.5  1.  -0.5]  to  [-1.  1.  0.]
Slicing  [-1.5  1.   0.5]  to  [-1.  1.  0.]
Slicing  [-1.5  1.5  0. ]  to  [-1.  1.  0.]
Slicing  [-1.   0.5 -0.5]  to  [-1.  1.  0.]
Slicing  [-1.   0.5  0.5]  to  [-1.  1.  0.]
Slicing  [-1.   1.5 -0.5]  to  [-1.  1.  0.]
Slicing  [-1.   1.5  0.5]  to  [-1.  1.  0.]
Slicing  [-0.5  0.5  0. ]  to  [-1.  1.  0.]
Slicing  [-0.5  1.  -0.5]  to  [-1.  1.  0.]


Processed: 3570/4462 (80.01%) | Elapsed: 04:05:17 | BZ Folding estimated remaining time: 01:01:17


Slicing  [-0.5  1.   0.5]  to  [-1.  1.  0.]
Slicing  [-0.5  1.5  0. ]  to  [-1.  1.  0.]
Processing BZ [-1  1  0], path segments from Gamma to R

4 symmetrically equivalent path segments
[[ 0.   0.   0.  -0.5 -0.5  0.5]
 [ 0.   0.   0.  -0.5  0.5 -0.5]
 [ 0.   0.   0.   0.5 -0.5 -0.5]
 [ 0.   0.   0.   0.5  0.5  0.5]]
Slicing  [-1.  1.  0.]  to  [-1.5  0.5  0.5]
Slicing  [-1.  1.  0.]  to  [-1.5  1.5 -0.5]
Slicing  [-1.  1.  0.]  to  [-0.5  0.5 -0.5]
Slicing  [-1.  1.  0.]  to  [-0.5  1.5  0.5]
Processing BZ [-1  1  0], path segments from R to X

12 symmetrically equivalent path segments
[[-0.5 -0.5  0.5 -0.5  0.   0. ]
 [-0.5 -0.5  0.5  0.  -0.5  0. ]
 [-0.5 -0.5  0.5  0.   0.   0.5]
 [-0.5  0.5 -0.5 -0.5  0.   0. ]
 [-0.5  0.5 -0.5  0.   0.  -0.5]
 [-0.5  0.5 -0.5  0.   0.5  0. ]
 [ 0.5 -0.5 -0.5  0.  -0.5  0. ]
 [ 0.5 -0.5 -0.5  0.   0.  -0.5]
 [ 0.5 -0.5 -0.5  0.5  0.   0. ]
 [ 0.5  0.5  0.5  0.   0.   0.5]
 [ 0.5  0.5  0.5  0.   0.5  0. ]
 [ 0.5  0.5  0.5  0.5  0.   0. ]]
Slicing  [-1.5  0.5  0.5]  to  [-1.5  1.   0. ]
Slicing  [-1.5  0.5  0.5]  to  [-1.   0.5  0. ]
Slicing  [-1.5  0.5  0.5]  to  [-1.   1.   0.5]
Slicing  [-1.5  1.5 -0.5]  to  [-1.5  1.   0. ]
Slicing  [-1.5  1.5 -0.5]  to  [-1.   1.  -0.5]
Slicing  [-1.5  1.5 -0.5]  to  [-1.   1.5  0. ]
Slicing  [-0.5  0.5 -0.5]  to  [-1.   0.5  0. ]
Slicing  [-0.5  0.5 -0.5]  to  [-1.   1.  -0.5]
Slicing  [-0.5  0.5 -0.5]  to  [-0.5  1.   0. ]
Slicing  [-0.5  1.5  0.5]  to  [-1.   1.   0.5]
Slicing  [-0.5  1.5  0.5]  to  [-1.   1.5  0. ]
Slicing  [-0.5  1.5  0.5]  to  [-0.5  1.   0. ]

Generating Report for BZ [-1  1  0]

Combining all 77 BZ

BZ [-1  1  0] done. Total time elapsed 04:07:28
Processing BZ [-3 -5  0], path segments from Gamma to X

6 symmetrically equivalent path segments
[[ 0.   0.   0.  -0.5  0.   0. ]
 [ 0.   0.   0.   0.  -0.5  0. ]
 [ 0.   0.   0.   0.   0.  -0.5]
 [ 0.   0.   0.   0.   0.   0.5]
 [ 0.   0.   0.   0.   0.5  0. ]
 [ 0.   0.   0.   0.5  0.   0. ]]
Slicing  [-3. -5.  0.]  to  [-3.5 -5.   0. ]
Slicing  [-3. -5.  0.]  to  [-3.  -5.5  0. ]
Slicing  [-3. -5.  0.]  to  [-3.  -5.  -0.5]
Slicing  [-3. -5.  0.]  to  [-3.  -5.   0.5]
Slicing  [-3. -5.  0.]  to  [-3.  -4.5  0. ]
Slicing  [-3. -5.  0.]  to  [-2.5 -5.   0. ]
Processing BZ [-3 -5  0], path segments from X to M

12 symmetrically equivalent path segments
[[-0.5  0.   0.  -0.5  0.  -0.5]
 [-0.5  0.   0.  -0.5  0.   0.5]
 [ 0.  -0.5  0.  -0.5 -0.5  0. ]
 [ 0.  -0.5  0.   0.5 -0.5  0. ]
 [ 0.   0.  -0.5  0.  -0.5 -0.5]
 [ 0.   0.  -0.5  0.   0.5 -0.5]
 [ 0.   0.   0.5  0.  -0.5  0.5]
 [ 0.   0.   0.5  0.   0.5  0.5]
 [ 0.   0.5  0.  -0.5  0.5  0. ]
 [ 0.   0.5  0.   0.5  0.5  0. ]
 [ 0.5  0.   0.   0.5  0.  -0.5]
 [ 0.5  0.   0.   0.5  0.   0.5]]
Slicing  [-3.5 -5.   0. ]  to  [-3.5 -5.  -0.5]
Slicing  [-3.5 -5.   0. ]  to  [-3.5 -5.   0.5]
Slicing  [-3.  -5.5  0. ]  to  [-3.5 -5.5  0. ]
Slicing  [-3.  -5.5  0. ]  to  [-2.5 -5.5  0. ]
Slicing  [-3.  -5.  -0.5]  to  [-3.  -5.5 -0.5]
Slicing  [-3.  -5.  -0.5]  to  [-3.  -4.5 -0.5]
Slicing  [-3.  -5.   0.5]  to  [-3.  -5.5  0.5]
Slicing  [-3.  -5.   0.5]  to  [-3.  -4.5  0.5]
Slicing  [-3.  -4.5  0. ]  to  [-3.5 -4.5  0. ]
Slicing  [-3.  -4.5  0. ]  to  [-2.5 -4.5  0. ]
Slicing  [-2.5 -5.   0. ]  to  [-2.5 -5.  -0.5]
Slicing  [-2.5 -5.   0. ]  to  [-2.5 -5.   0.5]
Processing BZ [-3 -5  0], path segments from M to Gamma

12 symmetrically equivalent path segments
[[-0.5 -0.5  0.   0.   0.   0. ]
 [-0.5  0.  -0.5  0.   0.   0. ]
 [-0.5  0.   0.5  0.   0.   0. ]
 [-0.5  0.5  0.   0.   0.   0. ]
 [ 0.  -0.5 -0.5  0.   0.   0. ]
 [ 0.  -0.5  0.5  0.   0.   0. ]
 [ 0.   0.5 -0.5  0.   0.   0. ]
 [ 0.   0.5  0.5  0.   0.   0. ]
 [ 0.5 -0.5  0.   0.   0.   0. ]
 [ 0.5  0.  -0.5  0.   0.   0. ]
 [ 0.5  0.   0.5  0.   0.   0. ]
 [ 0.5  0.5  0.   0.   0.   0. ]]
Slicing  [-3.5 -5.5  0. ]  to  [-3. -5.  0.]
Slicing  [-3.5 -5.  -0.5]  to  [-3. -5.  0.]
Slicing  [-3.5 -5.   0.5]  to  [-3. -5.  0.]
Slicing  [-3.5 -4.5  0. ]  to  [-3. -5.  0.]
Slicing  [-3.  -5.5 -0.5]  to  [-3. -5.  0.]
Slicing  [-3.  -5.5  0.5]  to  [-3. -5.  0.]
Slicing  [-3.  -4.5 -0.5]  to  [-3. -5.  0.]
Slicing  [-3.  -4.5  0.5]  to  [-3. -5.  0.]
Slicing  [-2.5 -5.5  0. ]  to  [-3. -5.  0.]
Slicing  [-2.5 -5.  -0.5]  to  [-3. -5.  0.]
Slicing  [-2.5 -5.   0.5]  to  [-3. -5.  0.]
Slicing  [-2.5 -4.5  0. ]  to  [-3. -5.  0.]
Processing BZ [-3 -5  0], path segments from Gamma to R

4 symmetrically equivalent path segments
[[ 0.   0.   0.  -0.5 -0.5  0.5]
 [ 0.   0.   0.  -0.5  0.5 -0.5]
 [ 0.   0.   0.   0.5 -0.5 -0.5]
 [ 0.   0.   0.   0.5  0.5  0.5]]
Slicing  [-3. -5.  0.]  to  [-3.5 -5.5  0.5]
Slicing  [-3. -5.  0.]  to  [-3.5 -4.5 -0.5]
Slicing  [-3. -5.  0.]  to  [-2.5 -5.5 -0.5]
Slicing  [-3. -5.  0.]  to  [-2.5 -4.5  0.5]
Processing BZ [-3 -5  0], path segments from R to X

12 symmetrically equivalent path segments
[[-0.5 -0.5  0.5 -0.5  0.   0. ]
 [-0.5 -0.5  0.5  0.  -0.5  0. ]
 [-0.5 -0.5  0.5  0.   0.   0.5]
 [-0.5  0.5 -0.5 -0.5  0.   0. ]
 [-0.5  0.5 -0.5  0.   0.  -0.5]
 [-0.5  0.5 -0.5  0.   0.5  0. ]
 [ 0.5 -0.5 -0.5  0.  -0.5  0. ]
 [ 0.5 -0.5 -0.5  0.   0.  -0.5]
 [ 0.5 -0.5 -0.5  0.5  0.   0. ]
 [ 0.5  0.5  0.5  0.   0.   0.5]
 [ 0.5  0.5  0.5  0.   0.5  0. ]
 [ 0.5  0.5  0.5  0.5  0.   0. ]]
Slicing  [-3.5 -5.5  0.5]  to  [-3.5 -5.   0. ]
Slicing  [-3.5 -5.5  0.5]  to  [-3.  -5.5  0. ]
Slicing  [-3.5 -5.5  0.5]  to  [-3.  -5.   0.5]
Slicing  [-3.5 -4.5 -0.5]  to  [-3.5 -5.   0. ]
Slicing  [-3.5 -4.5 -0.5]  to  [-3.  -5.  -0.5]
Slicing  [-3.5 -4.5 -0.5]  to  [-3.  -4.5  0. ]
Slicing  [-2.5 -5.5 -0.5]  to  [-3.  -5.5  0. ]
Slicing  [-2.5 -5.5 -0.5]  to  [-3.  -5.  -0.5]
Slicing  [-2.5 -5.5 -0.5]  to  [-2.5 -5.   0. ]
Slicing  [-2.5 -4.5  0.5]  to  [-3.  -5.   0.5]
Slicing  [-2.5 -4.5  0.5]  to  [-3.  -4.5  0. ]
Slicing  [-2.5 -4.5  0.5]  to  [-2.5 -5.   0. ]

Generating Report for BZ [-3 -5  0]

Combining all 78 BZ

BZ [-3 -5  0] done. Total time elapsed 04:10:46
Processing BZ [-2 -4  3], path segments from Gamma to X

6 symmetrically equivalent path segments
[[ 0.   0.   0.  -0.5  0.   0. ]
 [ 0.   0.   0.   0.  -0.5  0. ]
 [ 0.   0.   0.   0.   0.  -0.5]
 [ 0.   0.   0.   0.   0.   0.5]
 [ 0.   0.   0.   0.   0.5  0. ]
 [ 0.   0.   0.   0.5  0.   0. ]]
Slicing  [-2. -4.  3.]  to  [-2.5 -4.   3. ]
Slicing  [-2. -4.  3.]  to  [-2.  -4.5  3. ]
Slicing  [-2. -4.  3.]  to  [-2.  -4.   2.5]
Slicing  [-2. -4.  3.]  to  [-2.  -4.   3.5]
Slicing  [-2. -4.  3.]  to  [-2.  -3.5  3. ]
Slicing  [-2. -4.  3.]  to  [-1.5 -4.   3. ]
Processing BZ [-2 -4  3], path segments from X to M

12 symmetrically equivalent path segments
[[-0.5  0.   0.  -0.5  0.  -0.5]
 [-0.5  0.   0.  -0.5  0.   0.5]
 [ 0.  -0.5  0.  -0.5 -0.5  0. ]
 [ 0.  -0.5  0.   0.5 -0.5  0. ]
 [ 0.   0.  -0.5  0.  -0.5 -0.5]
 [ 0.   0.  -0.5  0.   0.5 -0.5]
 [ 0.   0.   0.5  0.  -0.5  0.5]
 [ 0.   0.   0.5  0.   0.5  0.5]
 [ 0.   0.5  0.  -0.5  0.5  0. ]
 [ 0.   0.5  0.   0.5  0.5  0. ]
 [ 0.5  0.   0.   0.5  0.  -0.5]
 [ 0.5  0.   0.   0.5  0.   0.5]]
Slicing  [-2.5 -4.   3. ]  to  [-2.5 -4.   2.5]
Slicing  [-2.5 -4.   3. ]  to  [-2.5 -4.   3.5]
Slicing  [-2.  -4.5  3. ]  to  [-2.5 -4.5  3. ]
Slicing  [-2.  -4.5  3. ]  to  [-1.5 -4.5  3. ]
Slicing  [-2.  -4.   2.5]  to  [-2.  -4.5  2.5]
Slicing  [-2.  -4.   2.5]  to  [-2.  -3.5  2.5]
Slicing  [-2.  -4.   3.5]  to  [-2.  -4.5  3.5]
Slicing  [-2.  -4.   3.5]  to  [-2.  -3.5  3.5]
Slicing  [-2.  -3.5  3. ]  to  [-2.5 -3.5  3. ]
Slicing  [-2.  -3.5  3. ]  to  [-1.5 -3.5  3. ]
Slicing  [-1.5 -4.   3. ]  to  [-1.5 -4.   2.5]
Slicing  [-1.5 -4.   3. ]  to  [-1.5 -4.   3.5]
Processing BZ [-2 -4  3], path segments from M to Gamma

12 symmetrically equivalent path segments
[[-0.5 -0.5  0.   0.   0.   0. ]
 [-0.5  0.  -0.5  0.   0.   0. ]
 [-0.5  0.   0.5  0.   0.   0. ]
 [-0.5  0.5  0.   0.   0.   0. ]
 [ 0.  -0.5 -0.5  0.   0.   0. ]
 [ 0.  -0.5  0.5  0.   0.   0. ]
 [ 0.   0.5 -0.5  0.   0.   0. ]
 [ 0.   0.5  0.5  0.   0.   0. ]
 [ 0.5 -0.5  0.   0.   0.   0. ]
 [ 0.5  0.  -0.5  0.   0.   0. ]
 [ 0.5  0.   0.5  0.   0.   0. ]
 [ 0.5  0.5  0.   0.   0.   0. ]]
Slicing  [-2.5 -4.5  3. ]  to  [-2. -4.  3.]
Slicing  [-2.5 -4.   2.5]  to  [-2. -4.  3.]
Slicing  [-2.5 -4.   3.5]  to  [-2. -4.  3.]
Slicing  [-2.5 -3.5  3. ]  to  [-2. -4.  3.]
Slicing  [-2.  -4.5  2.5]  to  [-2. -4.  3.]
Slicing  [-2.  -4.5  3.5]  to  [-2. -4.  3.]
Slicing  [-2.  -3.5  2.5]  to  [-2. -4.  3.]


Processed: 3659/4462 (82.00%) | Elapsed: 04:11:51 | BZ Folding estimated remaining time: 00:55:16


Slicing  [-2.  -3.5  3.5]  to  [-2. -4.  3.]
Slicing  [-1.5 -4.5  3. ]  to  [-2. -4.  3.]
Slicing  [-1.5 -4.   2.5]  to  [-2. -4.  3.]
Slicing  [-1.5 -4.   3.5]  to  [-2. -4.  3.]
Slicing  [-1.5 -3.5  3. ]  to  [-2. -4.  3.]
Processing BZ [-2 -4  3], path segments from Gamma to R

4 symmetrically equivalent path segments
[[ 0.   0.   0.  -0.5 -0.5  0.5]
 [ 0.   0.   0.  -0.5  0.5 -0.5]
 [ 0.   0.   0.   0.5 -0.5 -0.5]
 [ 0.   0.   0.   0.5  0.5  0.5]]
Slicing  [-2. -4.  3.]  to  [-2.5 -4.5  3.5]
Slicing  [-2. -4.  3.]  to  [-2.5 -3.5  2.5]
Slicing  [-2. -4.  3.]  to  [-1.5 -4.5  2.5]
Slicing  [-2. -4.  3.]  to  [-1.5 -3.5  3.5]
Processing BZ [-2 -4  3], path segments from R to X

12 symmetrically equivalent path segments
[[-0.5 -0.5  0.5 -0.5  0.   0. ]
 [-0.5 -0.5  0.5  0.  -0.5  0. ]
 [-0.5 -0.5  0.5  0.   0.   0.5]
 [-0.5  0.5 -0.5 -0.5  0.   0. ]
 [-0.5  0.5 -0.5  0.   0.  -0.5]
 [-0.5  0.5 -0.5  0.   0.5  0. ]
 [ 0.5 -0.5 -0.5  0.  -0.5  0. ]
 [ 0.5 -0.5 -0.5  0.   0.  -0.5]
 [ 0.5 -0.5 -0.5  0.5  0.   0. ]
 [ 0.5  0.5  0.5  0.   0.   0.5]
 [ 0.5  0.5  0.5  0.   0.5  0. ]
 [ 0.5  0.5  0.5  0.5  0.   0. ]]
Slicing  [-2.5 -4.5  3.5]  to  [-2.5 -4.   3. ]
Slicing  [-2.5 -4.5  3.5]  to  [-2.  -4.5  3. ]
Slicing  [-2.5 -4.5  3.5]  to  [-2.  -4.   3.5]
Slicing  [-2.5 -3.5  2.5]  to  [-2.5 -4.   3. ]
Slicing  [-2.5 -3.5  2.5]  to  [-2.  -4.   2.5]
Slicing  [-2.5 -3.5  2.5]  to  [-2.  -3.5  3. ]
Slicing  [-1.5 -4.5  2.5]  to  [-2.  -4.5  3. ]
Slicing  [-1.5 -4.5  2.5]  to  [-2.  -4.   2.5]
Slicing  [-1.5 -4.5  2.5]  to  [-1.5 -4.   3. ]
Slicing  [-1.5 -3.5  3.5]  to  [-2.  -4.   3.5]
Slicing  [-1.5 -3.5  3.5]  to  [-2.  -3.5  3. ]
Slicing  [-1.5 -3.5  3.5]  to  [-1.5 -4.   3. ]

Generating Report for BZ [-2 -4  3]

Combining all 79 BZ

BZ [-2 -4  3] done. Total time elapsed 04:14:05
Processing BZ [-3 -3 -2], path segments from Gamma to X

6 symmetrically equivalent path segments
[[ 0.   0.   0.  -0.5  0.   0. ]
 [ 0.   0.   0.   0.  -0.5  0. ]
 [ 0.   0.   0.   0.   0.  -0.5]
 [ 0.   0.   0.   0.   0.   0.5]
 [ 0.   0.   0.   0.   0.5  0. ]
 [ 0.   0.   0.   0.5  0.   0. ]]
Slicing  [-3. -3. -2.]  to  [-3.5 -3.  -2. ]
Slicing  [-3. -3. -2.]  to  [-3.  -3.5 -2. ]
Slicing  [-3. -3. -2.]  to  [-3.  -3.  -2.5]
Slicing  [-3. -3. -2.]  to  [-3.  -3.  -1.5]
Slicing  [-3. -3. -2.]  to  [-3.  -2.5 -2. ]
Slicing  [-3. -3. -2.]  to  [-2.5 -3.  -2. ]
Processing BZ [-3 -3 -2], path segments from X to M

12 symmetrically equivalent path segments
[[-0.5  0.   0.  -0.5  0.  -0.5]
 [-0.5  0.   0.  -0.5  0.   0.5]
 [ 0.  -0.5  0.  -0.5 -0.5  0. ]
 [ 0.  -0.5  0.   0.5 -0.5  0. ]
 [ 0.   0.  -0.5  0.  -0.5 -0.5]
 [ 0.   0.  -0.5  0.   0.5 -0.5]
 [ 0.   0.   0.5  0.  -0.5  0.5]
 [ 0.   0.   0.5  0.   0.5  0.5]
 [ 0.   0.5  0.  -0.5  0.5  0. ]
 [ 0.   0.5  0.   0.5  0.5  0. ]
 [ 0.5  0.   0.   0.5  0.  -0.5]
 [ 0.5  0.   0.   0.5  0.   0.5]]
Slicing  [-3.5 -3.  -2. ]  to  [-3.5 -3.  -2.5]
Slicing  [-3.5 -3.  -2. ]  to  [-3.5 -3.  -1.5]
Slicing  [-3.  -3.5 -2. ]  to  [-3.5 -3.5 -2. ]
Slicing  [-3.  -3.5 -2. ]  to  [-2.5 -3.5 -2. ]
Slicing  [-3.  -3.  -2.5]  to  [-3.  -3.5 -2.5]
Slicing  [-3.  -3.  -2.5]  to  [-3.  -2.5 -2.5]
Slicing  [-3.  -3.  -1.5]  to  [-3.  -3.5 -1.5]
Slicing  [-3.  -3.  -1.5]  to  [-3.  -2.5 -1.5]
Slicing  [-3.  -2.5 -2. ]  to  [-3.5 -2.5 -2. ]
Slicing  [-3.  -2.5 -2. ]  to  [-2.5 -2.5 -2. ]
Slicing  [-2.5 -3.  -2. ]  to  [-2.5 -3.  -2.5]
Slicing  [-2.5 -3.  -2. ]  to  [-2.5 -3.  -1.5]
Processing BZ [-3 -3 -2], path segments from M to Gamma

12 symmetrically equivalent path segments
[[-0.5 -0.5  0.   0.   0.   0. ]
 [-0.5  0.  -0.5  0.   0.   0. ]
 [-0.5  0.   0.5  0.   0.   0. ]
 [-0.5  0.5  0.   0.   0.   0. ]
 [ 0.  -0.5 -0.5  0.   0.   0. ]
 [ 0.  -0.5  0.5  0.   0.   0. ]
 [ 0.   0.5 -0.5  0.   0.   0. ]
 [ 0.   0.5  0.5  0.   0.   0. ]
 [ 0.5 -0.5  0.   0.   0.   0. ]
 [ 0.5  0.  -0.5  0.   0.   0. ]
 [ 0.5  0.   0.5  0.   0.   0. ]
 [ 0.5  0.5  0.   0.   0.   0. ]]
Slicing  [-3.5 -3.5 -2. ]  to  [-3. -3. -2.]
Slicing  [-3.5 -3.  -2.5]  to  [-3. -3. -2.]
Slicing  [-3.5 -3.  -1.5]  to  [-3. -3. -2.]
Slicing  [-3.5 -2.5 -2. ]  to  [-3. -3. -2.]
Slicing  [-3.  -3.5 -2.5]  to  [-3. -3. -2.]
Slicing  [-3.  -3.5 -1.5]  to  [-3. -3. -2.]
Slicing  [-3.  -2.5 -2.5]  to  [-3. -3. -2.]
Slicing  [-3.  -2.5 -1.5]  to  [-3. -3. -2.]
Slicing  [-2.5 -3.5 -2. ]  to  [-3. -3. -2.]
Slicing  [-2.5 -3.  -2.5]  to  [-3. -3. -2.]
Slicing  [-2.5 -3.  -1.5]  to  [-3. -3. -2.]
Slicing  [-2.5 -2.5 -2. ]  to  [-3. -3. -2.]
Processing BZ [-3 -3 -2], path segments from Gamma to R

4 symmetrically equivalent path segments
[[ 0.   0.   0.  -0.5 -0.5  0.5]
 [ 0.   0.   0.  -0.5  0.5 -0.5]
 [ 0.   0.   0.   0.5 -0.5 -0.5]
 [ 0.   0.   0.   0.5  0.5  0.5]]
Slicing  [-3. -3. -2.]  to  [-3.5 -3.5 -1.5]
Slicing  [-3. -3. -2.]  to  [-3.5 -2.5 -2.5]
Slicing  [-3. -3. -2.]  to  [-2.5 -3.5 -2.5]
Slicing  [-3. -3. -2.]  to  [-2.5 -2.5 -1.5]
Processing BZ [-3 -3 -2], path segments from R to X

12 symmetrically equivalent path segments
[[-0.5 -0.5  0.5 -0.5  0.   0. ]
 [-0.5 -0.5  0.5  0.  -0.5  0. ]
 [-0.5 -0.5  0.5  0.   0.   0.5]
 [-0.5  0.5 -0.5 -0.5  0.   0. ]
 [-0.5  0.5 -0.5  0.   0.  -0.5]
 [-0.5  0.5 -0.5  0.   0.5  0. ]
 [ 0.5 -0.5 -0.5  0.  -0.5  0. ]
 [ 0.5 -0.5 -0.5  0.   0.  -0.5]
 [ 0.5 -0.5 -0.5  0.5  0.   0. ]
 [ 0.5  0.5  0.5  0.   0.   0.5]
 [ 0.5  0.5  0.5  0.   0.5  0. ]
 [ 0.5  0.5  0.5  0.5  0.   0. ]]
Slicing  [-3.5 -3.5 -1.5]  to  [-3.5 -3.  -2. ]
Slicing  [-3.5 -3.5 -1.5]  to  [-3.  -3.5 -2. ]
Slicing  [-3.5 -3.5 -1.5]  to  [-3.  -3.  -1.5]
Slicing  [-3.5 -2.5 -2.5]  to  [-3.5 -3.  -2. ]
Slicing  [-3.5 -2.5 -2.5]  to  [-3.  -3.  -2.5]
Slicing  [-3.5 -2.5 -2.5]  to  [-3.  -2.5 -2. ]
Slicing  [-2.5 -3.5 -2.5]  to  [-3.  -3.5 -2. ]
Slicing  [-2.5 -3.5 -2.5]  to  [-3.  -3.  -2.5]
Slicing  [-2.5 -3.5 -2.5]  to  [-2.5 -3.  -2. ]
Slicing  [-2.5 -2.5 -1.5]  to  [-3.  -3.  -1.5]
Slicing  [-2.5 -2.5 -1.5]  to  [-3.  -2.5 -2. ]
Slicing  [-2.5 -2.5 -1.5]  to  [-2.5 -3.  -2. ]

Generating Report for BZ [-3 -3 -2]

Combining all 80 BZ

BZ [-3 -3 -2] done. Total time elapsed 04:17:34
Processing BZ [-1 -3  1], path segments from Gamma to X

6 symmetrically equivalent path segments
[[ 0.   0.   0.  -0.5  0.   0. ]
 [ 0.   0.   0.   0.  -0.5  0. ]
 [ 0.   0.   0.   0.   0.  -0.5]
 [ 0.   0.   0.   0.   0.   0.5]
 [ 0.   0.   0.   0.   0.5  0. ]
 [ 0.   0.   0.   0.5  0.   0. ]]
Slicing  [-1. -3.  1.]  to  [-1.5 -3.   1. ]
Slicing  [-1. -3.  1.]  to  [-1.  -3.5  1. ]
Slicing  [-1. -3.  1.]  to  [-1.  -3.   0.5]
Slicing  [-1. -3.  1.]  to  [-1.  -3.   1.5]
Slicing  [-1. -3.  1.]  to  [-1.  -2.5  1. ]
Slicing  [-1. -3.  1.]  to  [-0.5 -3.   1. ]
Processing BZ [-1 -3  1], path segments from X to M

12 symmetrically equivalent path segments
[[-0.5  0.   0.  -0.5  0.  -0.5]
 [-0.5  0.   0.  -0.5  0.   0.5]
 [ 0.  -0.5  0.  -0.5 -0.5  0. ]
 [ 0.  -0.5  0.   0.5 -0.5  0. ]
 [ 0.   0.  -0.5  0.  -0.5 -0.5]
 [ 0.   0.  -0.5  0.   0.5 -0.5]
 [ 0.   0.   0.5  0.  -0.5  0.5]
 [ 0.   0.   0.5  0.   0.5  0.5]
 [ 0.   0.5  0.  -0.5  0.5  0. ]
 [ 0.   0.5  0.   0.5  0.5  0. ]
 [ 0.5  0.   0.   0.5  0.  -0.5]
 [ 0.5  0.   0.   0.5  0.   0.5]]
Slicing  [-1.5 -3.   1. ]  to  [-1.5 -3.   0.5]
Slicing  [-1.5 -3.   1. ]  to  [-1.5 -3.   1.5]
Slicing  [-1.  -3.5  1. ]  to  [-1.5 -3.5  1. ]
Slicing  [-1.  -3.5  1. ]  to  [-0.5 -3.5  1. ]
Slicing  [-1.  -3.   0.5]  to  [-1.  -3.5  0.5]
Slicing  [-1.  -3.   0.5]  to  [-1.  -2.5  0.5]
Slicing  [-1.  -3.   1.5]  to  [-1.  -3.5  1.5]
Slicing  [-1.  -3.   1.5]  to  [-1.  -2.5  1.5]
Slicing  [-1.  -2.5  1. ]  to  [-1.5 -2.5  1. ]
Slicing  [-1.  -2.5  1. ]  to  [-0.5 -2.5  1. ]
Slicing  [-0.5 -3.   1. ]  to  [-0.5 -3.   0.5]
Slicing  [-0.5 -3.   1. ]  to  [-0.5 -3.   1.5]
Processing BZ [-1 -3  1], path segments from M to Gamma

12 symmetrically equivalent path segments
[[-0.5 -0.5  0.   0.   0.   0. ]
 [-0.5  0.  -0.5  0.   0.   0. ]
 [-0.5  0.   0.5  0.   0.   0. ]
 [-0.5  0.5  0.   0.   0.   0. ]
 [ 0.  -0.5 -0.5  0.   0.   0. ]
 [ 0.  -0.5  0.5  0.   0.   0. ]
 [ 0.   0.5 -0.5  0.   0.   0. ]
 [ 0.   0.5  0.5  0.   0.   0. ]
 [ 0.5 -0.5  0.   0.   0.   0. ]
 [ 0.5  0.  -0.5  0.   0.   0. ]
 [ 0.5  0.   0.5  0.   0.   0. ]
 [ 0.5  0.5  0.   0.   0.   0. ]]
Slicing  [-1.5 -3.5  1. ]  to  [-1. -3.  1.]
Slicing  [-1.5 -3.   0.5]  to  [-1. -3.  1.]
Slicing  [-1.5 -3.   1.5]  to  [-1. -3.  1.]
Slicing  [-1.5 -2.5  1. ]  to  [-1. -3.  1.]
Slicing  [-1.  -3.5  0.5]  to  [-1. -3.  1.]


Processed: 3749/4462 (84.02%) | Elapsed: 04:18:31 | BZ Folding estimated remaining time: 00:49:10


Slicing  [-1.  -3.5  1.5]  to  [-1. -3.  1.]
Slicing  [-1.  -2.5  0.5]  to  [-1. -3.  1.]
Slicing  [-1.  -2.5  1.5]  to  [-1. -3.  1.]
Slicing  [-0.5 -3.5  1. ]  to  [-1. -3.  1.]
Slicing  [-0.5 -3.   0.5]  to  [-1. -3.  1.]
Slicing  [-0.5 -3.   1.5]  to  [-1. -3.  1.]
Slicing  [-0.5 -2.5  1. ]  to  [-1. -3.  1.]
Processing BZ [-1 -3  1], path segments from Gamma to R

4 symmetrically equivalent path segments
[[ 0.   0.   0.  -0.5 -0.5  0.5]
 [ 0.   0.   0.  -0.5  0.5 -0.5]
 [ 0.   0.   0.   0.5 -0.5 -0.5]
 [ 0.   0.   0.   0.5  0.5  0.5]]
Slicing  [-1. -3.  1.]  to  [-1.5 -3.5  1.5]
Slicing  [-1. -3.  1.]  to  [-1.5 -2.5  0.5]
Slicing  [-1. -3.  1.]  to  [-0.5 -3.5  0.5]
Slicing  [-1. -3.  1.]  to  [-0.5 -2.5  1.5]
Processing BZ [-1 -3  1], path segments from R to X

12 symmetrically equivalent path segments
[[-0.5 -0.5  0.5 -0.5  0.   0. ]
 [-0.5 -0.5  0.5  0.  -0.5  0. ]
 [-0.5 -0.5  0.5  0.   0.   0.5]
 [-0.5  0.5 -0.5 -0.5  0.   0. ]
 [-0.5  0.5 -0.5  0.   0.  -0.5]
 [-0.5  0.5 -0.5  0.   0.5  0. ]
 [ 0.5 -0.5 -0.5  0.  -0.5  0. ]
 [ 0.5 -0.5 -0.5  0.   0.  -0.5]
 [ 0.5 -0.5 -0.5  0.5  0.   0. ]
 [ 0.5  0.5  0.5  0.   0.   0.5]
 [ 0.5  0.5  0.5  0.   0.5  0. ]
 [ 0.5  0.5  0.5  0.5  0.   0. ]]
Slicing  [-1.5 -3.5  1.5]  to  [-1.5 -3.   1. ]
Slicing  [-1.5 -3.5  1.5]  to  [-1.  -3.5  1. ]
Slicing  [-1.5 -3.5  1.5]  to  [-1.  -3.   1.5]
Slicing  [-1.5 -2.5  0.5]  to  [-1.5 -3.   1. ]
Slicing  [-1.5 -2.5  0.5]  to  [-1.  -3.   0.5]
Slicing  [-1.5 -2.5  0.5]  to  [-1.  -2.5  1. ]
Slicing  [-0.5 -3.5  0.5]  to  [-1.  -3.5  1. ]
Slicing  [-0.5 -3.5  0.5]  to  [-1.  -3.   0.5]
Slicing  [-0.5 -3.5  0.5]  to  [-0.5 -3.   1. ]
Slicing  [-0.5 -2.5  1.5]  to  [-1.  -3.   1.5]
Slicing  [-0.5 -2.5  1.5]  to  [-1.  -2.5  1. ]
Slicing  [-0.5 -2.5  1.5]  to  [-0.5 -3.   1. ]

Generating Report for BZ [-1 -3  1]

Combining all 81 BZ

BZ [-1 -3  1] done. Total time elapsed 04:20:47
Processing BZ [-3 -2  3], path segments from Gamma to X

6 symmetrically equivalent path segments
[[ 0.   0.   0.  -0.5  0.   0. ]
 [ 0.   0.   0.   0.  -0.5  0. ]
 [ 0.   0.   0.   0.   0.  -0.5]
 [ 0.   0.   0.   0.   0.   0.5]
 [ 0.   0.   0.   0.   0.5  0. ]
 [ 0.   0.   0.   0.5  0.   0. ]]
Slicing  [-3. -2.  3.]  to  [-3.5 -2.   3. ]
Slicing  [-3. -2.  3.]  to  [-3.  -2.5  3. ]
Slicing  [-3. -2.  3.]  to  [-3.  -2.   2.5]
Slicing  [-3. -2.  3.]  to  [-3.  -2.   3.5]
Slicing  [-3. -2.  3.]  to  [-3.  -1.5  3. ]
Slicing  [-3. -2.  3.]  to  [-2.5 -2.   3. ]
Processing BZ [-3 -2  3], path segments from X to M

12 symmetrically equivalent path segments
[[-0.5  0.   0.  -0.5  0.  -0.5]
 [-0.5  0.   0.  -0.5  0.   0.5]
 [ 0.  -0.5  0.  -0.5 -0.5  0. ]
 [ 0.  -0.5  0.   0.5 -0.5  0. ]
 [ 0.   0.  -0.5  0.  -0.5 -0.5]
 [ 0.   0.  -0.5  0.   0.5 -0.5]
 [ 0.   0.   0.5  0.  -0.5  0.5]
 [ 0.   0.   0.5  0.   0.5  0.5]
 [ 0.   0.5  0.  -0.5  0.5  0. ]
 [ 0.   0.5  0.   0.5  0.5  0. ]
 [ 0.5  0.   0.   0.5  0.  -0.5]
 [ 0.5  0.   0.   0.5  0.   0.5]]
Slicing  [-3.5 -2.   3. ]  to  [-3.5 -2.   2.5]
Slicing  [-3.5 -2.   3. ]  to  [-3.5 -2.   3.5]
Slicing  [-3.  -2.5  3. ]  to  [-3.5 -2.5  3. ]
Slicing  [-3.  -2.5  3. ]  to  [-2.5 -2.5  3. ]
Slicing  [-3.  -2.   2.5]  to  [-3.  -2.5  2.5]
Slicing  [-3.  -2.   2.5]  to  [-3.  -1.5  2.5]
Slicing  [-3.  -2.   3.5]  to  [-3.  -2.5  3.5]
Slicing  [-3.  -2.   3.5]  to  [-3.  -1.5  3.5]
Slicing  [-3.  -1.5  3. ]  to  [-3.5 -1.5  3. ]
Slicing  [-3.  -1.5  3. ]  to  [-2.5 -1.5  3. ]
Slicing  [-2.5 -2.   3. ]  to  [-2.5 -2.   2.5]
Slicing  [-2.5 -2.   3. ]  to  [-2.5 -2.   3.5]
Processing BZ [-3 -2  3], path segments from M to Gamma

12 symmetrically equivalent path segments
[[-0.5 -0.5  0.   0.   0.   0. ]
 [-0.5  0.  -0.5  0.   0.   0. ]
 [-0.5  0.   0.5  0.   0.   0. ]
 [-0.5  0.5  0.   0.   0.   0. ]
 [ 0.  -0.5 -0.5  0.   0.   0. ]
 [ 0.  -0.5  0.5  0.   0.   0. ]
 [ 0.   0.5 -0.5  0.   0.   0. ]
 [ 0.   0.5  0.5  0.   0.   0. ]
 [ 0.5 -0.5  0.   0.   0.   0. ]
 [ 0.5  0.  -0.5  0.   0.   0. ]
 [ 0.5  0.   0.5  0.   0.   0. ]
 [ 0.5  0.5  0.   0.   0.   0. ]]
Slicing  [-3.5 -2.5  3. ]  to  [-3. -2.  3.]
Slicing  [-3.5 -2.   2.5]  to  [-3. -2.  3.]
Slicing  [-3.5 -2.   3.5]  to  [-3. -2.  3.]
Slicing  [-3.5 -1.5  3. ]  to  [-3. -2.  3.]
Slicing  [-3.  -2.5  2.5]  to  [-3. -2.  3.]
Slicing  [-3.  -2.5  3.5]  to  [-3. -2.  3.]
Slicing  [-3.  -1.5  2.5]  to  [-3. -2.  3.]
Slicing  [-3.  -1.5  3.5]  to  [-3. -2.  3.]
Slicing  [-2.5 -2.5  3. ]  to  [-3. -2.  3.]
Slicing  [-2.5 -2.   2.5]  to  [-3. -2.  3.]
Slicing  [-2.5 -2.   3.5]  to  [-3. -2.  3.]
Slicing  [-2.5 -1.5  3. ]  to  [-3. -2.  3.]
Processing BZ [-3 -2  3], path segments from Gamma to R

4 symmetrically equivalent path segments
[[ 0.   0.   0.  -0.5 -0.5  0.5]
 [ 0.   0.   0.  -0.5  0.5 -0.5]
 [ 0.   0.   0.   0.5 -0.5 -0.5]
 [ 0.   0.   0.   0.5  0.5  0.5]]
Slicing  [-3. -2.  3.]  to  [-3.5 -2.5  3.5]
Slicing  [-3. -2.  3.]  to  [-3.5 -1.5  2.5]
Slicing  [-3. -2.  3.]  to  [-2.5 -2.5  2.5]
Slicing  [-3. -2.  3.]  to  [-2.5 -1.5  3.5]
Processing BZ [-3 -2  3], path segments from R to X

12 symmetrically equivalent path segments
[[-0.5 -0.5  0.5 -0.5  0.   0. ]
 [-0.5 -0.5  0.5  0.  -0.5  0. ]
 [-0.5 -0.5  0.5  0.   0.   0.5]
 [-0.5  0.5 -0.5 -0.5  0.   0. ]
 [-0.5  0.5 -0.5  0.   0.  -0.5]
 [-0.5  0.5 -0.5  0.   0.5  0. ]
 [ 0.5 -0.5 -0.5  0.  -0.5  0. ]
 [ 0.5 -0.5 -0.5  0.   0.  -0.5]
 [ 0.5 -0.5 -0.5  0.5  0.   0. ]
 [ 0.5  0.5  0.5  0.   0.   0.5]
 [ 0.5  0.5  0.5  0.   0.5  0. ]
 [ 0.5  0.5  0.5  0.5  0.   0. ]]
Slicing  [-3.5 -2.5  3.5]  to  [-3.5 -2.   3. ]
Slicing  [-3.5 -2.5  3.5]  to  [-3.  -2.5  3. ]
Slicing  [-3.5 -2.5  3.5]  to  [-3.  -2.   3.5]
Slicing  [-3.5 -1.5  2.5]  to  [-3.5 -2.   3. ]
Slicing  [-3.5 -1.5  2.5]  to  [-3.  -2.   2.5]
Slicing  [-3.5 -1.5  2.5]  to  [-3.  -1.5  3. ]
Slicing  [-2.5 -2.5  2.5]  to  [-3.  -2.5  3. ]
Slicing  [-2.5 -2.5  2.5]  to  [-3.  -2.   2.5]
Slicing  [-2.5 -2.5  2.5]  to  [-2.5 -2.   3. ]
Slicing  [-2.5 -1.5  3.5]  to  [-3.  -2.   3.5]
Slicing  [-2.5 -1.5  3.5]  to  [-3.  -1.5  3. ]
Slicing  [-2.5 -1.5  3.5]  to  [-2.5 -2.   3. ]

Generating Report for BZ [-3 -2  3]

Combining all 82 BZ

BZ [-3 -2  3] done. Total time elapsed 04:24:09
Processing BZ [-2 -2  3], path segments from Gamma to X

6 symmetrically equivalent path segments
[[ 0.   0.   0.  -0.5  0.   0. ]
 [ 0.   0.   0.   0.  -0.5  0. ]
 [ 0.   0.   0.   0.   0.  -0.5]
 [ 0.   0.   0.   0.   0.   0.5]
 [ 0.   0.   0.   0.   0.5  0. ]
 [ 0.   0.   0.   0.5  0.   0. ]]
Slicing  [-2. -2.  3.]  to  [-2.5 -2.   3. ]
Slicing  [-2. -2.  3.]  to  [-2.  -2.5  3. ]
Slicing  [-2. -2.  3.]  to  [-2.  -2.   2.5]
Slicing  [-2. -2.  3.]  to  [-2.  -2.   3.5]
Slicing  [-2. -2.  3.]  to  [-2.  -1.5  3. ]
Slicing  [-2. -2.  3.]  to  [-1.5 -2.   3. ]
Processing BZ [-2 -2  3], path segments from X to M

12 symmetrically equivalent path segments
[[-0.5  0.   0.  -0.5  0.  -0.5]
 [-0.5  0.   0.  -0.5  0.   0.5]
 [ 0.  -0.5  0.  -0.5 -0.5  0. ]
 [ 0.  -0.5  0.   0.5 -0.5  0. ]
 [ 0.   0.  -0.5  0.  -0.5 -0.5]
 [ 0.   0.  -0.5  0.   0.5 -0.5]
 [ 0.   0.   0.5  0.  -0.5  0.5]
 [ 0.   0.   0.5  0.   0.5  0.5]
 [ 0.   0.5  0.  -0.5  0.5  0. ]
 [ 0.   0.5  0.   0.5  0.5  0. ]
 [ 0.5  0.   0.   0.5  0.  -0.5]
 [ 0.5  0.   0.   0.5  0.   0.5]]
Slicing  [-2.5 -2.   3. ]  to  [-2.5 -2.   2.5]
Slicing  [-2.5 -2.   3. ]  to  [-2.5 -2.   3.5]
Slicing  [-2.  -2.5  3. ]  to  [-2.5 -2.5  3. ]
Slicing  [-2.  -2.5  3. ]  to  [-1.5 -2.5  3. ]
Slicing  [-2.  -2.   2.5]  to  [-2.  -2.5  2.5]
Slicing  [-2.  -2.   2.5]  to  [-2.  -1.5  2.5]
Slicing  [-2.  -2.   3.5]  to  [-2.  -2.5  3.5]
Slicing  [-2.  -2.   3.5]  to  [-2.  -1.5  3.5]
Slicing  [-2.  -1.5  3. ]  to  [-2.5 -1.5  3. ]
Slicing  [-2.  -1.5  3. ]  to  [-1.5 -1.5  3. ]
Slicing  [-1.5 -2.   3. ]  to  [-1.5 -2.   2.5]
Slicing  [-1.5 -2.   3. ]  to  [-1.5 -2.   3.5]
Processing BZ [-2 -2  3], path segments from M to Gamma

12 symmetrically equivalent path segments
[[-0.5 -0.5  0.   0.   0.   0. ]
 [-0.5  0.  -0.5  0.   0.   0. ]
 [-0.5  0.   0.5  0.   0.   0. ]
 [-0.5  0.5  0.   0.   0.   0. ]
 [ 0.  -0.5 -0.5  0.   0.   0. ]
 [ 0.  -0.5  0.5  0.   0.   0. ]
 [ 0.   0.5 -0.5  0.   0.   0. ]
 [ 0.   0.5  0.5  0.   0.   0. ]
 [ 0.5 -0.5  0.   0.   0.   0. ]
 [ 0.5  0.  -0.5  0.   0.   0. ]
 [ 0.5  0.   0.5  0.   0.   0. ]
 [ 0.5  0.5  0.   0.   0.   0. ]]
Slicing  [-2.5 -2.5  3. ]  to  [-2. -2.  3.]
Slicing  [-2.5 -2.   2.5]  to  [-2. -2.  3.]


Processed: 3838/4462 (86.02%) | Elapsed: 04:24:59 | BZ Folding estimated remaining time: 00:43:04


Slicing  [-2.5 -2.   3.5]  to  [-2. -2.  3.]
Slicing  [-2.5 -1.5  3. ]  to  [-2. -2.  3.]
Slicing  [-2.  -2.5  2.5]  to  [-2. -2.  3.]
Slicing  [-2.  -2.5  3.5]  to  [-2. -2.  3.]
Slicing  [-2.  -1.5  2.5]  to  [-2. -2.  3.]
Slicing  [-2.  -1.5  3.5]  to  [-2. -2.  3.]
Slicing  [-1.5 -2.5  3. ]  to  [-2. -2.  3.]
Slicing  [-1.5 -2.   2.5]  to  [-2. -2.  3.]
Slicing  [-1.5 -2.   3.5]  to  [-2. -2.  3.]
Slicing  [-1.5 -1.5  3. ]  to  [-2. -2.  3.]
Processing BZ [-2 -2  3], path segments from Gamma to R

4 symmetrically equivalent path segments
[[ 0.   0.   0.  -0.5 -0.5  0.5]
 [ 0.   0.   0.  -0.5  0.5 -0.5]
 [ 0.   0.   0.   0.5 -0.5 -0.5]
 [ 0.   0.   0.   0.5  0.5  0.5]]
Slicing  [-2. -2.  3.]  to  [-2.5 -2.5  3.5]
Slicing  [-2. -2.  3.]  to  [-2.5 -1.5  2.5]
Slicing  [-2. -2.  3.]  to  [-1.5 -2.5  2.5]
Slicing  [-2. -2.  3.]  to  [-1.5 -1.5  3.5]
Processing BZ [-2 -2  3], path segments from R to X

12 symmetrically equivalent path segments
[[-0.5 -0.5  0.5 -0.5  0.   0. ]
 [-0.5 -0.5  0.5  0.  -0.5  0. ]
 [-0.5 -0.5  0.5  0.   0.   0.5]
 [-0.5  0.5 -0.5 -0.5  0.   0. ]
 [-0.5  0.5 -0.5  0.   0.  -0.5]
 [-0.5  0.5 -0.5  0.   0.5  0. ]
 [ 0.5 -0.5 -0.5  0.  -0.5  0. ]
 [ 0.5 -0.5 -0.5  0.   0.  -0.5]
 [ 0.5 -0.5 -0.5  0.5  0.   0. ]
 [ 0.5  0.5  0.5  0.   0.   0.5]
 [ 0.5  0.5  0.5  0.   0.5  0. ]
 [ 0.5  0.5  0.5  0.5  0.   0. ]]
Slicing  [-2.5 -2.5  3.5]  to  [-2.5 -2.   3. ]
Slicing  [-2.5 -2.5  3.5]  to  [-2.  -2.5  3. ]
Slicing  [-2.5 -2.5  3.5]  to  [-2.  -2.   3.5]
Slicing  [-2.5 -1.5  2.5]  to  [-2.5 -2.   3. ]
Slicing  [-2.5 -1.5  2.5]  to  [-2.  -2.   2.5]
Slicing  [-2.5 -1.5  2.5]  to  [-2.  -1.5  3. ]
Slicing  [-1.5 -2.5  2.5]  to  [-2.  -2.5  3. ]
Slicing  [-1.5 -2.5  2.5]  to  [-2.  -2.   2.5]
Slicing  [-1.5 -2.5  2.5]  to  [-1.5 -2.   3. ]
Slicing  [-1.5 -1.5  3.5]  to  [-2.  -2.   3.5]
Slicing  [-1.5 -1.5  3.5]  to  [-2.  -1.5  3. ]
Slicing  [-1.5 -1.5  3.5]  to  [-1.5 -2.   3. ]

Generating Report for BZ [-2 -2  3]

Combining all 83 BZ

BZ [-2 -2  3] done. Total time elapsed 04:27:34
Processing BZ [-3 -1  1], path segments from Gamma to X

6 symmetrically equivalent path segments
[[ 0.   0.   0.  -0.5  0.   0. ]
 [ 0.   0.   0.   0.  -0.5  0. ]
 [ 0.   0.   0.   0.   0.  -0.5]
 [ 0.   0.   0.   0.   0.   0.5]
 [ 0.   0.   0.   0.   0.5  0. ]
 [ 0.   0.   0.   0.5  0.   0. ]]
Slicing  [-3. -1.  1.]  to  [-3.5 -1.   1. ]
Slicing  [-3. -1.  1.]  to  [-3.  -1.5  1. ]
Slicing  [-3. -1.  1.]  to  [-3.  -1.   0.5]
Slicing  [-3. -1.  1.]  to  [-3.  -1.   1.5]
Slicing  [-3. -1.  1.]  to  [-3.  -0.5  1. ]
Slicing  [-3. -1.  1.]  to  [-2.5 -1.   1. ]
Processing BZ [-3 -1  1], path segments from X to M

12 symmetrically equivalent path segments
[[-0.5  0.   0.  -0.5  0.  -0.5]
 [-0.5  0.   0.  -0.5  0.   0.5]
 [ 0.  -0.5  0.  -0.5 -0.5  0. ]
 [ 0.  -0.5  0.   0.5 -0.5  0. ]
 [ 0.   0.  -0.5  0.  -0.5 -0.5]
 [ 0.   0.  -0.5  0.   0.5 -0.5]
 [ 0.   0.   0.5  0.  -0.5  0.5]
 [ 0.   0.   0.5  0.   0.5  0.5]
 [ 0.   0.5  0.  -0.5  0.5  0. ]
 [ 0.   0.5  0.   0.5  0.5  0. ]
 [ 0.5  0.   0.   0.5  0.  -0.5]
 [ 0.5  0.   0.   0.5  0.   0.5]]
Slicing  [-3.5 -1.   1. ]  to  [-3.5 -1.   0.5]
Slicing  [-3.5 -1.   1. ]  to  [-3.5 -1.   1.5]
Slicing  [-3.  -1.5  1. ]  to  [-3.5 -1.5  1. ]
Slicing  [-3.  -1.5  1. ]  to  [-2.5 -1.5  1. ]
Slicing  [-3.  -1.   0.5]  to  [-3.  -1.5  0.5]
Slicing  [-3.  -1.   0.5]  to  [-3.  -0.5  0.5]
Slicing  [-3.  -1.   1.5]  to  [-3.  -1.5  1.5]
Slicing  [-3.  -1.   1.5]  to  [-3.  -0.5  1.5]
Slicing  [-3.  -0.5  1. ]  to  [-3.5 -0.5  1. ]
Slicing  [-3.  -0.5  1. ]  to  [-2.5 -0.5  1. ]
Slicing  [-2.5 -1.   1. ]  to  [-2.5 -1.   0.5]
Slicing  [-2.5 -1.   1. ]  to  [-2.5 -1.   1.5]
Processing BZ [-3 -1  1], path segments from M to Gamma

12 symmetrically equivalent path segments
[[-0.5 -0.5  0.   0.   0.   0. ]
 [-0.5  0.  -0.5  0.   0.   0. ]
 [-0.5  0.   0.5  0.   0.   0. ]
 [-0.5  0.5  0.   0.   0.   0. ]
 [ 0.  -0.5 -0.5  0.   0.   0. ]
 [ 0.  -0.5  0.5  0.   0.   0. ]
 [ 0.   0.5 -0.5  0.   0.   0. ]
 [ 0.   0.5  0.5  0.   0.   0. ]
 [ 0.5 -0.5  0.   0.   0.   0. ]
 [ 0.5  0.  -0.5  0.   0.   0. ]
 [ 0.5  0.   0.5  0.   0.   0. ]
 [ 0.5  0.5  0.   0.   0.   0. ]]
Slicing  [-3.5 -1.5  1. ]  to  [-3. -1.  1.]
Slicing  [-3.5 -1.   0.5]  to  [-3. -1.  1.]
Slicing  [-3.5 -1.   1.5]  to  [-3. -1.  1.]
Slicing  [-3.5 -0.5  1. ]  to  [-3. -1.  1.]
Slicing  [-3.  -1.5  0.5]  to  [-3. -1.  1.]
Slicing  [-3.  -1.5  1.5]  to  [-3. -1.  1.]
Slicing  [-3.  -0.5  0.5]  to  [-3. -1.  1.]
Slicing  [-3.  -0.5  1.5]  to  [-3. -1.  1.]
Slicing  [-2.5 -1.5  1. ]  to  [-3. -1.  1.]
Slicing  [-2.5 -1.   0.5]  to  [-3. -1.  1.]
Slicing  [-2.5 -1.   1.5]  to  [-3. -1.  1.]
Slicing  [-2.5 -0.5  1. ]  to  [-3. -1.  1.]
Processing BZ [-3 -1  1], path segments from Gamma to R

4 symmetrically equivalent path segments
[[ 0.   0.   0.  -0.5 -0.5  0.5]
 [ 0.   0.   0.  -0.5  0.5 -0.5]
 [ 0.   0.   0.   0.5 -0.5 -0.5]
 [ 0.   0.   0.   0.5  0.5  0.5]]
Slicing  [-3. -1.  1.]  to  [-3.5 -1.5  1.5]
Slicing  [-3. -1.  1.]  to  [-3.5 -0.5  0.5]
Slicing  [-3. -1.  1.]  to  [-2.5 -1.5  0.5]
Slicing  [-3. -1.  1.]  to  [-2.5 -0.5  1.5]
Processing BZ [-3 -1  1], path segments from R to X

12 symmetrically equivalent path segments
[[-0.5 -0.5  0.5 -0.5  0.   0. ]
 [-0.5 -0.5  0.5  0.  -0.5  0. ]
 [-0.5 -0.5  0.5  0.   0.   0.5]
 [-0.5  0.5 -0.5 -0.5  0.   0. ]
 [-0.5  0.5 -0.5  0.   0.  -0.5]
 [-0.5  0.5 -0.5  0.   0.5  0. ]
 [ 0.5 -0.5 -0.5  0.  -0.5  0. ]
 [ 0.5 -0.5 -0.5  0.   0.  -0.5]
 [ 0.5 -0.5 -0.5  0.5  0.   0. ]
 [ 0.5  0.5  0.5  0.   0.   0.5]
 [ 0.5  0.5  0.5  0.   0.5  0. ]
 [ 0.5  0.5  0.5  0.5  0.   0. ]]
Slicing  [-3.5 -1.5  1.5]  to  [-3.5 -1.   1. ]
Slicing  [-3.5 -1.5  1.5]  to  [-3.  -1.5  1. ]
Slicing  [-3.5 -1.5  1.5]  to  [-3.  -1.   1.5]
Slicing  [-3.5 -0.5  0.5]  to  [-3.5 -1.   1. ]
Slicing  [-3.5 -0.5  0.5]  to  [-3.  -1.   0.5]
Slicing  [-3.5 -0.5  0.5]  to  [-3.  -0.5  1. ]
Slicing  [-2.5 -1.5  0.5]  to  [-3.  -1.5  1. ]
Slicing  [-2.5 -1.5  0.5]  to  [-3.  -1.   0.5]
Slicing  [-2.5 -1.5  0.5]  to  [-2.5 -1.   1. ]
Slicing  [-2.5 -0.5  1.5]  to  [-3.  -1.   1.5]
Slicing  [-2.5 -0.5  1.5]  to  [-3.  -0.5  1. ]
Slicing  [-2.5 -0.5  1.5]  to  [-2.5 -1.   1. ]

Generating Report for BZ [-3 -1  1]

Combining all 84 BZ

BZ [-3 -1  1] done. Total time elapsed 04:30:54
Processing BZ [-2 -1  2], path segments from Gamma to X

6 symmetrically equivalent path segments
[[ 0.   0.   0.  -0.5  0.   0. ]
 [ 0.   0.   0.   0.  -0.5  0. ]
 [ 0.   0.   0.   0.   0.  -0.5]
 [ 0.   0.   0.   0.   0.   0.5]
 [ 0.   0.   0.   0.   0.5  0. ]
 [ 0.   0.   0.   0.5  0.   0. ]]
Slicing  [-2. -1.  2.]  to  [-2.5 -1.   2. ]
Slicing  [-2. -1.  2.]  to  [-2.  -1.5  2. ]
Slicing  [-2. -1.  2.]  to  [-2.  -1.   1.5]
Slicing  [-2. -1.  2.]  to  [-2.  -1.   2.5]
Slicing  [-2. -1.  2.]  to  [-2.  -0.5  2. ]
Slicing  [-2. -1.  2.]  to  [-1.5 -1.   2. ]
Processing BZ [-2 -1  2], path segments from X to M

12 symmetrically equivalent path segments
[[-0.5  0.   0.  -0.5  0.  -0.5]
 [-0.5  0.   0.  -0.5  0.   0.5]
 [ 0.  -0.5  0.  -0.5 -0.5  0. ]
 [ 0.  -0.5  0.   0.5 -0.5  0. ]
 [ 0.   0.  -0.5  0.  -0.5 -0.5]
 [ 0.   0.  -0.5  0.   0.5 -0.5]
 [ 0.   0.   0.5  0.  -0.5  0.5]
 [ 0.   0.   0.5  0.   0.5  0.5]
 [ 0.   0.5  0.  -0.5  0.5  0. ]
 [ 0.   0.5  0.   0.5  0.5  0. ]
 [ 0.5  0.   0.   0.5  0.  -0.5]
 [ 0.5  0.   0.   0.5  0.   0.5]]
Slicing  [-2.5 -1.   2. ]  to  [-2.5 -1.   1.5]
Slicing  [-2.5 -1.   2. ]  to  [-2.5 -1.   2.5]
Slicing  [-2.  -1.5  2. ]  to  [-2.5 -1.5  2. ]
Slicing  [-2.  -1.5  2. ]  to  [-1.5 -1.5  2. ]
Slicing  [-2.  -1.   1.5]  to  [-2.  -1.5  1.5]
Slicing  [-2.  -1.   1.5]  to  [-2.  -0.5  1.5]
Slicing  [-2.  -1.   2.5]  to  [-2.  -1.5  2.5]
Slicing  [-2.  -1.   2.5]  to  [-2.  -0.5  2.5]
Slicing  [-2.  -0.5  2. ]  to  [-2.5 -0.5  2. ]
Slicing  [-2.  -0.5  2. ]  to  [-1.5 -0.5  2. ]
Slicing  [-1.5 -1.   2. ]  to  [-1.5 -1.   1.5]


Processed: 3927/4462 (88.01%) | Elapsed: 04:31:31 | BZ Folding estimated remaining time: 00:36:59


Slicing  [-1.5 -1.   2. ]  to  [-1.5 -1.   2.5]
Processing BZ [-2 -1  2], path segments from M to Gamma

12 symmetrically equivalent path segments
[[-0.5 -0.5  0.   0.   0.   0. ]
 [-0.5  0.  -0.5  0.   0.   0. ]
 [-0.5  0.   0.5  0.   0.   0. ]
 [-0.5  0.5  0.   0.   0.   0. ]
 [ 0.  -0.5 -0.5  0.   0.   0. ]
 [ 0.  -0.5  0.5  0.   0.   0. ]
 [ 0.   0.5 -0.5  0.   0.   0. ]
 [ 0.   0.5  0.5  0.   0.   0. ]
 [ 0.5 -0.5  0.   0.   0.   0. ]
 [ 0.5  0.  -0.5  0.   0.   0. ]
 [ 0.5  0.   0.5  0.   0.   0. ]
 [ 0.5  0.5  0.   0.   0.   0. ]]
Slicing  [-2.5 -1.5  2. ]  to  [-2. -1.  2.]
Slicing  [-2.5 -1.   1.5]  to  [-2. -1.  2.]
Slicing  [-2.5 -1.   2.5]  to  [-2. -1.  2.]
Slicing  [-2.5 -0.5  2. ]  to  [-2. -1.  2.]
Slicing  [-2.  -1.5  1.5]  to  [-2. -1.  2.]
Slicing  [-2.  -1.5  2.5]  to  [-2. -1.  2.]
Slicing  [-2.  -0.5  1.5]  to  [-2. -1.  2.]
Slicing  [-2.  -0.5  2.5]  to  [-2. -1.  2.]
Slicing  [-1.5 -1.5  2. ]  to  [-2. -1.  2.]
Slicing  [-1.5 -1.   1.5]  to  [-2. -1.  2.]
Slicing  [-1.5 -1.   2.5]  to  [-2. -1.  2.]
Slicing  [-1.5 -0.5  2. ]  to  [-2. -1.  2.]
Processing BZ [-2 -1  2], path segments from Gamma to R

4 symmetrically equivalent path segments
[[ 0.   0.   0.  -0.5 -0.5  0.5]
 [ 0.   0.   0.  -0.5  0.5 -0.5]
 [ 0.   0.   0.   0.5 -0.5 -0.5]
 [ 0.   0.   0.   0.5  0.5  0.5]]
Slicing  [-2. -1.  2.]  to  [-2.5 -1.5  2.5]
Slicing  [-2. -1.  2.]  to  [-2.5 -0.5  1.5]
Slicing  [-2. -1.  2.]  to  [-1.5 -1.5  1.5]
Slicing  [-2. -1.  2.]  to  [-1.5 -0.5  2.5]
Processing BZ [-2 -1  2], path segments from R to X

12 symmetrically equivalent path segments
[[-0.5 -0.5  0.5 -0.5  0.   0. ]
 [-0.5 -0.5  0.5  0.  -0.5  0. ]
 [-0.5 -0.5  0.5  0.   0.   0.5]
 [-0.5  0.5 -0.5 -0.5  0.   0. ]
 [-0.5  0.5 -0.5  0.   0.  -0.5]
 [-0.5  0.5 -0.5  0.   0.5  0. ]
 [ 0.5 -0.5 -0.5  0.  -0.5  0. ]
 [ 0.5 -0.5 -0.5  0.   0.  -0.5]
 [ 0.5 -0.5 -0.5  0.5  0.   0. ]
 [ 0.5  0.5  0.5  0.   0.   0.5]
 [ 0.5  0.5  0.5  0.   0.5  0. ]
 [ 0.5  0.5  0.5  0.5  0.   0. ]]
Slicing  [-2.5 -1.5  2.5]  to  [-2.5 -1.   2. ]
Slicing  [-2.5 -1.5  2.5]  to  [-2.  -1.5  2. ]
Slicing  [-2.5 -1.5  2.5]  to  [-2.  -1.   2.5]
Slicing  [-2.5 -0.5  1.5]  to  [-2.5 -1.   2. ]
Slicing  [-2.5 -0.5  1.5]  to  [-2.  -1.   1.5]
Slicing  [-2.5 -0.5  1.5]  to  [-2.  -0.5  2. ]
Slicing  [-1.5 -1.5  1.5]  to  [-2.  -1.5  2. ]
Slicing  [-1.5 -1.5  1.5]  to  [-2.  -1.   1.5]
Slicing  [-1.5 -1.5  1.5]  to  [-1.5 -1.   2. ]
Slicing  [-1.5 -0.5  2.5]  to  [-2.  -1.   2.5]
Slicing  [-1.5 -0.5  2.5]  to  [-2.  -0.5  2. ]
Slicing  [-1.5 -0.5  2.5]  to  [-1.5 -1.   2. ]

Generating Report for BZ [-2 -1  2]

Combining all 85 BZ

BZ [-2 -1  2] done. Total time elapsed 04:34:36
Processing BZ [-3 -5  1], path segments from Gamma to X

6 symmetrically equivalent path segments
[[ 0.   0.   0.  -0.5  0.   0. ]
 [ 0.   0.   0.   0.  -0.5  0. ]
 [ 0.   0.   0.   0.   0.  -0.5]
 [ 0.   0.   0.   0.   0.   0.5]
 [ 0.   0.   0.   0.   0.5  0. ]
 [ 0.   0.   0.   0.5  0.   0. ]]
Slicing  [-3. -5.  1.]  to  [-3.5 -5.   1. ]
Slicing  [-3. -5.  1.]  to  [-3.  -5.5  1. ]
Slicing  [-3. -5.  1.]  to  [-3.  -5.   0.5]
Slicing  [-3. -5.  1.]  to  [-3.  -5.   1.5]
Slicing  [-3. -5.  1.]  to  [-3.  -4.5  1. ]
Slicing  [-3. -5.  1.]  to  [-2.5 -5.   1. ]
Processing BZ [-3 -5  1], path segments from X to M

12 symmetrically equivalent path segments
[[-0.5  0.   0.  -0.5  0.  -0.5]
 [-0.5  0.   0.  -0.5  0.   0.5]
 [ 0.  -0.5  0.  -0.5 -0.5  0. ]
 [ 0.  -0.5  0.   0.5 -0.5  0. ]
 [ 0.   0.  -0.5  0.  -0.5 -0.5]
 [ 0.   0.  -0.5  0.   0.5 -0.5]
 [ 0.   0.   0.5  0.  -0.5  0.5]
 [ 0.   0.   0.5  0.   0.5  0.5]
 [ 0.   0.5  0.  -0.5  0.5  0. ]
 [ 0.   0.5  0.   0.5  0.5  0. ]
 [ 0.5  0.   0.   0.5  0.  -0.5]
 [ 0.5  0.   0.   0.5  0.   0.5]]
Slicing  [-3.5 -5.   1. ]  to  [-3.5 -5.   0.5]
Slicing  [-3.5 -5.   1. ]  to  [-3.5 -5.   1.5]
Slicing  [-3.  -5.5  1. ]  to  [-3.5 -5.5  1. ]
Slicing  [-3.  -5.5  1. ]  to  [-2.5 -5.5  1. ]
Slicing  [-3.  -5.   0.5]  to  [-3.  -5.5  0.5]
Slicing  [-3.  -5.   0.5]  to  [-3.  -4.5  0.5]
Slicing  [-3.  -5.   1.5]  to  [-3.  -5.5  1.5]
Slicing  [-3.  -5.   1.5]  to  [-3.  -4.5  1.5]
Slicing  [-3.  -4.5  1. ]  to  [-3.5 -4.5  1. ]
Slicing  [-3.  -4.5  1. ]  to  [-2.5 -4.5  1. ]
Slicing  [-2.5 -5.   1. ]  to  [-2.5 -5.   0.5]
Slicing  [-2.5 -5.   1. ]  to  [-2.5 -5.   1.5]
Processing BZ [-3 -5  1], path segments from M to Gamma

12 symmetrically equivalent path segments
[[-0.5 -0.5  0.   0.   0.   0. ]
 [-0.5  0.  -0.5  0.   0.   0. ]
 [-0.5  0.   0.5  0.   0.   0. ]
 [-0.5  0.5  0.   0.   0.   0. ]
 [ 0.  -0.5 -0.5  0.   0.   0. ]
 [ 0.  -0.5  0.5  0.   0.   0. ]
 [ 0.   0.5 -0.5  0.   0.   0. ]
 [ 0.   0.5  0.5  0.   0.   0. ]
 [ 0.5 -0.5  0.   0.   0.   0. ]
 [ 0.5  0.  -0.5  0.   0.   0. ]
 [ 0.5  0.   0.5  0.   0.   0. ]
 [ 0.5  0.5  0.   0.   0.   0. ]]
Slicing  [-3.5 -5.5  1. ]  to  [-3. -5.  1.]
Slicing  [-3.5 -5.   0.5]  to  [-3. -5.  1.]
Slicing  [-3.5 -5.   1.5]  to  [-3. -5.  1.]
Slicing  [-3.5 -4.5  1. ]  to  [-3. -5.  1.]
Slicing  [-3.  -5.5  0.5]  to  [-3. -5.  1.]
Slicing  [-3.  -5.5  1.5]  to  [-3. -5.  1.]
Slicing  [-3.  -4.5  0.5]  to  [-3. -5.  1.]
Slicing  [-3.  -4.5  1.5]  to  [-3. -5.  1.]
Slicing  [-2.5 -5.5  1. ]  to  [-3. -5.  1.]
Slicing  [-2.5 -5.   0.5]  to  [-3. -5.  1.]
Slicing  [-2.5 -5.   1.5]  to  [-3. -5.  1.]
Slicing  [-2.5 -4.5  1. ]  to  [-3. -5.  1.]
Processing BZ [-3 -5  1], path segments from Gamma to R

4 symmetrically equivalent path segments
[[ 0.   0.   0.  -0.5 -0.5  0.5]
 [ 0.   0.   0.  -0.5  0.5 -0.5]
 [ 0.   0.   0.   0.5 -0.5 -0.5]
 [ 0.   0.   0.   0.5  0.5  0.5]]
Slicing  [-3. -5.  1.]  to  [-3.5 -5.5  1.5]
Slicing  [-3. -5.  1.]  to  [-3.5 -4.5  0.5]
Slicing  [-3. -5.  1.]  to  [-2.5 -5.5  0.5]
Slicing  [-3. -5.  1.]  to  [-2.5 -4.5  1.5]
Processing BZ [-3 -5  1], path segments from R to X

12 symmetrically equivalent path segments
[[-0.5 -0.5  0.5 -0.5  0.   0. ]
 [-0.5 -0.5  0.5  0.  -0.5  0. ]
 [-0.5 -0.5  0.5  0.   0.   0.5]
 [-0.5  0.5 -0.5 -0.5  0.   0. ]
 [-0.5  0.5 -0.5  0.   0.  -0.5]
 [-0.5  0.5 -0.5  0.   0.5  0. ]
 [ 0.5 -0.5 -0.5  0.  -0.5  0. ]
 [ 0.5 -0.5 -0.5  0.   0.  -0.5]
 [ 0.5 -0.5 -0.5  0.5  0.   0. ]
 [ 0.5  0.5  0.5  0.   0.   0.5]
 [ 0.5  0.5  0.5  0.   0.5  0. ]
 [ 0.5  0.5  0.5  0.5  0.   0. ]]
Slicing  [-3.5 -5.5  1.5]  to  [-3.5 -5.   1. ]
Slicing  [-3.5 -5.5  1.5]  to  [-3.  -5.5  1. ]
Slicing  [-3.5 -5.5  1.5]  to  [-3.  -5.   1.5]
Slicing  [-3.5 -4.5  0.5]  to  [-3.5 -5.   1. ]
Slicing  [-3.5 -4.5  0.5]  to  [-3.  -5.   0.5]
Slicing  [-3.5 -4.5  0.5]  to  [-3.  -4.5  1. ]
Slicing  [-2.5 -5.5  0.5]  to  [-3.  -5.5  1. ]
Slicing  [-2.5 -5.5  0.5]  to  [-3.  -5.   0.5]
Slicing  [-2.5 -5.5  0.5]  to  [-2.5 -5.   1. ]
Slicing  [-2.5 -4.5  1.5]  to  [-3.  -5.   1.5]
Slicing  [-2.5 -4.5  1.5]  to  [-3.  -4.5  1. ]
Slicing  [-2.5 -4.5  1.5]  to  [-2.5 -5.   1. ]

Generating Report for BZ [-3 -5  1]

Combining all 86 BZ

BZ [-3 -5  1] done. Total time elapsed 04:38:37
Processing BZ [-4 -4 -1], path segments from Gamma to X

6 symmetrically equivalent path segments
[[ 0.   0.   0.  -0.5  0.   0. ]
 [ 0.   0.   0.   0.  -0.5  0. ]
 [ 0.   0.   0.   0.   0.  -0.5]
 [ 0.   0.   0.   0.   0.   0.5]
 [ 0.   0.   0.   0.   0.5  0. ]
 [ 0.   0.   0.   0.5  0.   0. ]]
Slicing  [-4. -4. -1.]  to  [-4.5 -4.  -1. ]
Slicing  [-4. -4. -1.]  to  [-4.  -4.5 -1. ]
Slicing  [-4. -4. -1.]  to  [-4.  -4.  -1.5]
Slicing  [-4. -4. -1.]  to  [-4.  -4.  -0.5]
Slicing  [-4. -4. -1.]  to  [-4.  -3.5 -1. ]
Slicing  [-4. -4. -1.]  to  [-3.5 -4.  -1. ]
Processing BZ [-4 -4 -1], path segments from X to M

12 symmetrically equivalent path segments
[[-0.5  0.   0.  -0.5  0.  -0.5]
 [-0.5  0.   0.  -0.5  0.   0.5]
 [ 0.  -0.5  0.  -0.5 -0.5  0. ]
 [ 0.  -0.5  0.   0.5 -0.5  0. ]
 [ 0.   0.  -0.5  0.  -0.5 -0.5]
 [ 0.   0.  -0.5  0.   0.5 -0.5]
 [ 0.   0.   0.5  0.  -0.5  0.5]
 [ 0.   0.   0.5  0.   0.5  0.5]
 [ 0.   0.5  0.  -0.5  0.5  0. ]
 [ 0.   0.5  0.   0.5  0.5  0. ]
 [ 0.5  0.   0.   0.5  0.  -0.5]
 [ 0.5  0.   0.   0.5  0.   0.5]]
Slicing  [-4.5 -4.  -1. ]  to  [-4.5 -4.  -1.5]
Slicing  [-4.5 -4.  -1. ]  to  [-4.5 -4.  -0.5]
Slicing  [-4.  -4.5 -1. ]  to  [-4.5 -4.5 -1. ]
Slicing  [-4.  -4.5 -1. ]  to  [-3.5 -4.5 -1. ]
Slicing  [-4.  -4.  -1.5]  to  [-4.  -4.5 -1.5]
Slicing  [-4.  -4.  -1.5]  to  [-4.  -3.5 -1.5]
Slicing  [-4.  -4.  -0.5]  to  [-4.  -4.5 -0.5]
Slicing  [-4.  -4.  -0.5]  to  [-4.  -3.5 -0.5]


Processed: 4016/4462 (90.00%) | Elapsed: 04:39:03 | BZ Folding estimated remaining time: 00:30:59


Slicing  [-4.  -3.5 -1. ]  to  [-4.5 -3.5 -1. ]
Slicing  [-4.  -3.5 -1. ]  to  [-3.5 -3.5 -1. ]
Slicing  [-3.5 -4.  -1. ]  to  [-3.5 -4.  -1.5]
Slicing  [-3.5 -4.  -1. ]  to  [-3.5 -4.  -0.5]
Processing BZ [-4 -4 -1], path segments from M to Gamma

12 symmetrically equivalent path segments
[[-0.5 -0.5  0.   0.   0.   0. ]
 [-0.5  0.  -0.5  0.   0.   0. ]
 [-0.5  0.   0.5  0.   0.   0. ]
 [-0.5  0.5  0.   0.   0.   0. ]
 [ 0.  -0.5 -0.5  0.   0.   0. ]
 [ 0.  -0.5  0.5  0.   0.   0. ]
 [ 0.   0.5 -0.5  0.   0.   0. ]
 [ 0.   0.5  0.5  0.   0.   0. ]
 [ 0.5 -0.5  0.   0.   0.   0. ]
 [ 0.5  0.  -0.5  0.   0.   0. ]
 [ 0.5  0.   0.5  0.   0.   0. ]
 [ 0.5  0.5  0.   0.   0.   0. ]]
Slicing  [-4.5 -4.5 -1. ]  to  [-4. -4. -1.]
Slicing  [-4.5 -4.  -1.5]  to  [-4. -4. -1.]
Slicing  [-4.5 -4.  -0.5]  to  [-4. -4. -1.]
Slicing  [-4.5 -3.5 -1. ]  to  [-4. -4. -1.]
Slicing  [-4.  -4.5 -1.5]  to  [-4. -4. -1.]
Slicing  [-4.  -4.5 -0.5]  to  [-4. -4. -1.]
Slicing  [-4.  -3.5 -1.5]  to  [-4. -4. -1.]
Slicing  [-4.  -3.5 -0.5]  to  [-4. -4. -1.]
Slicing  [-3.5 -4.5 -1. ]  to  [-4. -4. -1.]
Slicing  [-3.5 -4.  -1.5]  to  [-4. -4. -1.]
Slicing  [-3.5 -4.  -0.5]  to  [-4. -4. -1.]
Slicing  [-3.5 -3.5 -1. ]  to  [-4. -4. -1.]
Processing BZ [-4 -4 -1], path segments from Gamma to R

4 symmetrically equivalent path segments
[[ 0.   0.   0.  -0.5 -0.5  0.5]
 [ 0.   0.   0.  -0.5  0.5 -0.5]
 [ 0.   0.   0.   0.5 -0.5 -0.5]
 [ 0.   0.   0.   0.5  0.5  0.5]]
Slicing  [-4. -4. -1.]  to  [-4.5 -4.5 -0.5]
Slicing  [-4. -4. -1.]  to  [-4.5 -3.5 -1.5]
Slicing  [-4. -4. -1.]  to  [-3.5 -4.5 -1.5]
Slicing  [-4. -4. -1.]  to  [-3.5 -3.5 -0.5]
Processing BZ [-4 -4 -1], path segments from R to X

12 symmetrically equivalent path segments
[[-0.5 -0.5  0.5 -0.5  0.   0. ]
 [-0.5 -0.5  0.5  0.  -0.5  0. ]
 [-0.5 -0.5  0.5  0.   0.   0.5]
 [-0.5  0.5 -0.5 -0.5  0.   0. ]
 [-0.5  0.5 -0.5  0.   0.  -0.5]
 [-0.5  0.5 -0.5  0.   0.5  0. ]
 [ 0.5 -0.5 -0.5  0.  -0.5  0. ]
 [ 0.5 -0.5 -0.5  0.   0.  -0.5]
 [ 0.5 -0.5 -0.5  0.5  0.   0. ]
 [ 0.5  0.5  0.5  0.   0.   0.5]
 [ 0.5  0.5  0.5  0.   0.5  0. ]
 [ 0.5  0.5  0.5  0.5  0.   0. ]]
Slicing  [-4.5 -4.5 -0.5]  to  [-4.5 -4.  -1. ]
Slicing  [-4.5 -4.5 -0.5]  to  [-4.  -4.5 -1. ]
Slicing  [-4.5 -4.5 -0.5]  to  [-4.  -4.  -0.5]
Slicing  [-4.5 -3.5 -1.5]  to  [-4.5 -4.  -1. ]
Slicing  [-4.5 -3.5 -1.5]  to  [-4.  -4.  -1.5]
Slicing  [-4.5 -3.5 -1.5]  to  [-4.  -3.5 -1. ]
Slicing  [-3.5 -4.5 -1.5]  to  [-4.  -4.5 -1. ]
Slicing  [-3.5 -4.5 -1.5]  to  [-4.  -4.  -1.5]
Slicing  [-3.5 -4.5 -1.5]  to  [-3.5 -4.  -1. ]
Slicing  [-3.5 -3.5 -0.5]  to  [-4.  -4.  -0.5]
Slicing  [-3.5 -3.5 -0.5]  to  [-4.  -3.5 -1. ]
Slicing  [-3.5 -3.5 -0.5]  to  [-3.5 -4.  -1. ]

Generating Report for BZ [-4 -4 -1]

Combining all 87 BZ

BZ [-4 -4 -1] done. Total time elapsed 04:42:02
Processing BZ [-1 -3 -2], path segments from Gamma to X

6 symmetrically equivalent path segments
[[ 0.   0.   0.  -0.5  0.   0. ]
 [ 0.   0.   0.   0.  -0.5  0. ]
 [ 0.   0.   0.   0.   0.  -0.5]
 [ 0.   0.   0.   0.   0.   0.5]
 [ 0.   0.   0.   0.   0.5  0. ]
 [ 0.   0.   0.   0.5  0.   0. ]]
Slicing  [-1. -3. -2.]  to  [-1.5 -3.  -2. ]
Slicing  [-1. -3. -2.]  to  [-1.  -3.5 -2. ]
Slicing  [-1. -3. -2.]  to  [-1.  -3.  -2.5]
Slicing  [-1. -3. -2.]  to  [-1.  -3.  -1.5]
Slicing  [-1. -3. -2.]  to  [-1.  -2.5 -2. ]
Slicing  [-1. -3. -2.]  to  [-0.5 -3.  -2. ]
Processing BZ [-1 -3 -2], path segments from X to M

12 symmetrically equivalent path segments
[[-0.5  0.   0.  -0.5  0.  -0.5]
 [-0.5  0.   0.  -0.5  0.   0.5]
 [ 0.  -0.5  0.  -0.5 -0.5  0. ]
 [ 0.  -0.5  0.   0.5 -0.5  0. ]
 [ 0.   0.  -0.5  0.  -0.5 -0.5]
 [ 0.   0.  -0.5  0.   0.5 -0.5]
 [ 0.   0.   0.5  0.  -0.5  0.5]
 [ 0.   0.   0.5  0.   0.5  0.5]
 [ 0.   0.5  0.  -0.5  0.5  0. ]
 [ 0.   0.5  0.   0.5  0.5  0. ]
 [ 0.5  0.   0.   0.5  0.  -0.5]
 [ 0.5  0.   0.   0.5  0.   0.5]]
Slicing  [-1.5 -3.  -2. ]  to  [-1.5 -3.  -2.5]
Slicing  [-1.5 -3.  -2. ]  to  [-1.5 -3.  -1.5]
Slicing  [-1.  -3.5 -2. ]  to  [-1.5 -3.5 -2. ]
Slicing  [-1.  -3.5 -2. ]  to  [-0.5 -3.5 -2. ]
Slicing  [-1.  -3.  -2.5]  to  [-1.  -3.5 -2.5]
Slicing  [-1.  -3.  -2.5]  to  [-1.  -2.5 -2.5]
Slicing  [-1.  -3.  -1.5]  to  [-1.  -3.5 -1.5]
Slicing  [-1.  -3.  -1.5]  to  [-1.  -2.5 -1.5]
Slicing  [-1.  -2.5 -2. ]  to  [-1.5 -2.5 -2. ]
Slicing  [-1.  -2.5 -2. ]  to  [-0.5 -2.5 -2. ]
Slicing  [-0.5 -3.  -2. ]  to  [-0.5 -3.  -2.5]
Slicing  [-0.5 -3.  -2. ]  to  [-0.5 -3.  -1.5]
Processing BZ [-1 -3 -2], path segments from M to Gamma

12 symmetrically equivalent path segments
[[-0.5 -0.5  0.   0.   0.   0. ]
 [-0.5  0.  -0.5  0.   0.   0. ]
 [-0.5  0.   0.5  0.   0.   0. ]
 [-0.5  0.5  0.   0.   0.   0. ]
 [ 0.  -0.5 -0.5  0.   0.   0. ]
 [ 0.  -0.5  0.5  0.   0.   0. ]
 [ 0.   0.5 -0.5  0.   0.   0. ]
 [ 0.   0.5  0.5  0.   0.   0. ]
 [ 0.5 -0.5  0.   0.   0.   0. ]
 [ 0.5  0.  -0.5  0.   0.   0. ]
 [ 0.5  0.   0.5  0.   0.   0. ]
 [ 0.5  0.5  0.   0.   0.   0. ]]
Slicing  [-1.5 -3.5 -2. ]  to  [-1. -3. -2.]
Slicing  [-1.5 -3.  -2.5]  to  [-1. -3. -2.]
Slicing  [-1.5 -3.  -1.5]  to  [-1. -3. -2.]
Slicing  [-1.5 -2.5 -2. ]  to  [-1. -3. -2.]
Slicing  [-1.  -3.5 -2.5]  to  [-1. -3. -2.]
Slicing  [-1.  -3.5 -1.5]  to  [-1. -3. -2.]
Slicing  [-1.  -2.5 -2.5]  to  [-1. -3. -2.]
Slicing  [-1.  -2.5 -1.5]  to  [-1. -3. -2.]
Slicing  [-0.5 -3.5 -2. ]  to  [-1. -3. -2.]
Slicing  [-0.5 -3.  -2.5]  to  [-1. -3. -2.]
Slicing  [-0.5 -3.  -1.5]  to  [-1. -3. -2.]
Slicing  [-0.5 -2.5 -2. ]  to  [-1. -3. -2.]
Processing BZ [-1 -3 -2], path segments from Gamma to R

4 symmetrically equivalent path segments
[[ 0.   0.   0.  -0.5 -0.5  0.5]
 [ 0.   0.   0.  -0.5  0.5 -0.5]
 [ 0.   0.   0.   0.5 -0.5 -0.5]
 [ 0.   0.   0.   0.5  0.5  0.5]]
Slicing  [-1. -3. -2.]  to  [-1.5 -3.5 -1.5]
Slicing  [-1. -3. -2.]  to  [-1.5 -2.5 -2.5]
Slicing  [-1. -3. -2.]  to  [-0.5 -3.5 -2.5]
Slicing  [-1. -3. -2.]  to  [-0.5 -2.5 -1.5]
Processing BZ [-1 -3 -2], path segments from R to X

12 symmetrically equivalent path segments
[[-0.5 -0.5  0.5 -0.5  0.   0. ]
 [-0.5 -0.5  0.5  0.  -0.5  0. ]
 [-0.5 -0.5  0.5  0.   0.   0.5]
 [-0.5  0.5 -0.5 -0.5  0.   0. ]
 [-0.5  0.5 -0.5  0.   0.  -0.5]
 [-0.5  0.5 -0.5  0.   0.5  0. ]
 [ 0.5 -0.5 -0.5  0.  -0.5  0. ]
 [ 0.5 -0.5 -0.5  0.   0.  -0.5]
 [ 0.5 -0.5 -0.5  0.5  0.   0. ]
 [ 0.5  0.5  0.5  0.   0.   0.5]
 [ 0.5  0.5  0.5  0.   0.5  0. ]
 [ 0.5  0.5  0.5  0.5  0.   0. ]]
Slicing  [-1.5 -3.5 -1.5]  to  [-1.5 -3.  -2. ]
Slicing  [-1.5 -3.5 -1.5]  to  [-1.  -3.5 -2. ]
Slicing  [-1.5 -3.5 -1.5]  to  [-1.  -3.  -1.5]
Slicing  [-1.5 -2.5 -2.5]  to  [-1.5 -3.  -2. ]
Slicing  [-1.5 -2.5 -2.5]  to  [-1.  -3.  -2.5]
Slicing  [-1.5 -2.5 -2.5]  to  [-1.  -2.5 -2. ]
Slicing  [-0.5 -3.5 -2.5]  to  [-1.  -3.5 -2. ]
Slicing  [-0.5 -3.5 -2.5]  to  [-1.  -3.  -2.5]
Slicing  [-0.5 -3.5 -2.5]  to  [-0.5 -3.  -2. ]
Slicing  [-0.5 -2.5 -1.5]  to  [-1.  -3.  -1.5]
Slicing  [-0.5 -2.5 -1.5]  to  [-1.  -2.5 -2. ]
Slicing  [-0.5 -2.5 -1.5]  to  [-0.5 -3.  -2. ]

Generating Report for BZ [-1 -3 -2]

Combining all 88 BZ

BZ [-1 -3 -2] done. Total time elapsed 04:45:27
Processing BZ [-1 -1 -2], path segments from Gamma to X

6 symmetrically equivalent path segments
[[ 0.   0.   0.  -0.5  0.   0. ]
 [ 0.   0.   0.   0.  -0.5  0. ]
 [ 0.   0.   0.   0.   0.  -0.5]
 [ 0.   0.   0.   0.   0.   0.5]
 [ 0.   0.   0.   0.   0.5  0. ]
 [ 0.   0.   0.   0.5  0.   0. ]]
Slicing  [-1. -1. -2.]  to  [-1.5 -1.  -2. ]
Slicing  [-1. -1. -2.]  to  [-1.  -1.5 -2. ]
Slicing  [-1. -1. -2.]  to  [-1.  -1.  -2.5]
Slicing  [-1. -1. -2.]  to  [-1.  -1.  -1.5]
Slicing  [-1. -1. -2.]  to  [-1.  -0.5 -2. ]
Slicing  [-1. -1. -2.]  to  [-0.5 -1.  -2. ]
Processing BZ [-1 -1 -2], path segments from X to M

12 symmetrically equivalent path segments
[[-0.5  0.   0.  -0.5  0.  -0.5]
 [-0.5  0.   0.  -0.5  0.   0.5]
 [ 0.  -0.5  0.  -0.5 -0.5  0. ]
 [ 0.  -0.5  0.   0.5 -0.5  0. ]
 [ 0.   0.  -0.5  0.  -0.5 -0.5]
 [ 0.   0.  -0.5  0.   0.5 -0.5]
 [ 0.   0.   0.5  0.  -0.5  0.5]
 [ 0.   0.   0.5  0.   0.5  0.5]
 [ 0.   0.5  0.  -0.5  0.5  0. ]
 [ 0.   0.5  0.   0.5  0.5  0. ]
 [ 0.5  0.   0.   0.5  0.  -0.5]
 [ 0.5  0.   0.   0.5  0.   0.5]]
Slicing  [-1.5 -1.  -2. ]  to  [-1.5 -1.  -2.5]
Slicing  [-1.5 -1.  -2. ]  to  [-1.5 -1.  -1.5]
Slicing  [-1.  -1.5 -2. ]  to  [-1.5 -1.5 -2. ]
Slicing  [-1.  -1.5 -2. ]  to  [-0.5 -1.5 -2. ]
Slicing  [-1.  -1.  -2.5]  to  [-1.  -1.5 -2.5]
Slicing  [-1.  -1.  -2.5]  to  [-1.  -0.5 -2.5]


Processed: 4106/4462 (92.02%) | Elapsed: 04:45:49 | BZ Folding estimated remaining time: 00:24:46


Slicing  [-1.  -1.  -1.5]  to  [-1.  -1.5 -1.5]
Slicing  [-1.  -1.  -1.5]  to  [-1.  -0.5 -1.5]
Slicing  [-1.  -0.5 -2. ]  to  [-1.5 -0.5 -2. ]
Slicing  [-1.  -0.5 -2. ]  to  [-0.5 -0.5 -2. ]
Slicing  [-0.5 -1.  -2. ]  to  [-0.5 -1.  -2.5]
Slicing  [-0.5 -1.  -2. ]  to  [-0.5 -1.  -1.5]
Processing BZ [-1 -1 -2], path segments from M to Gamma

12 symmetrically equivalent path segments
[[-0.5 -0.5  0.   0.   0.   0. ]
 [-0.5  0.  -0.5  0.   0.   0. ]
 [-0.5  0.   0.5  0.   0.   0. ]
 [-0.5  0.5  0.   0.   0.   0. ]
 [ 0.  -0.5 -0.5  0.   0.   0. ]
 [ 0.  -0.5  0.5  0.   0.   0. ]
 [ 0.   0.5 -0.5  0.   0.   0. ]
 [ 0.   0.5  0.5  0.   0.   0. ]
 [ 0.5 -0.5  0.   0.   0.   0. ]
 [ 0.5  0.  -0.5  0.   0.   0. ]
 [ 0.5  0.   0.5  0.   0.   0. ]
 [ 0.5  0.5  0.   0.   0.   0. ]]
Slicing  [-1.5 -1.5 -2. ]  to  [-1. -1. -2.]
Slicing  [-1.5 -1.  -2.5]  to  [-1. -1. -2.]
Slicing  [-1.5 -1.  -1.5]  to  [-1. -1. -2.]
Slicing  [-1.5 -0.5 -2. ]  to  [-1. -1. -2.]
Slicing  [-1.  -1.5 -2.5]  to  [-1. -1. -2.]
Slicing  [-1.  -1.5 -1.5]  to  [-1. -1. -2.]
Slicing  [-1.  -0.5 -2.5]  to  [-1. -1. -2.]
Slicing  [-1.  -0.5 -1.5]  to  [-1. -1. -2.]
Slicing  [-0.5 -1.5 -2. ]  to  [-1. -1. -2.]
Slicing  [-0.5 -1.  -2.5]  to  [-1. -1. -2.]
Slicing  [-0.5 -1.  -1.5]  to  [-1. -1. -2.]
Slicing  [-0.5 -0.5 -2. ]  to  [-1. -1. -2.]
Processing BZ [-1 -1 -2], path segments from Gamma to R

4 symmetrically equivalent path segments
[[ 0.   0.   0.  -0.5 -0.5  0.5]
 [ 0.   0.   0.  -0.5  0.5 -0.5]
 [ 0.   0.   0.   0.5 -0.5 -0.5]
 [ 0.   0.   0.   0.5  0.5  0.5]]
Slicing  [-1. -1. -2.]  to  [-1.5 -1.5 -1.5]
Slicing  [-1. -1. -2.]  to  [-1.5 -0.5 -2.5]
Slicing  [-1. -1. -2.]  to  [-0.5 -1.5 -2.5]
Slicing  [-1. -1. -2.]  to  [-0.5 -0.5 -1.5]
Processing BZ [-1 -1 -2], path segments from R to X

12 symmetrically equivalent path segments
[[-0.5 -0.5  0.5 -0.5  0.   0. ]
 [-0.5 -0.5  0.5  0.  -0.5  0. ]
 [-0.5 -0.5  0.5  0.   0.   0.5]
 [-0.5  0.5 -0.5 -0.5  0.   0. ]
 [-0.5  0.5 -0.5  0.   0.  -0.5]
 [-0.5  0.5 -0.5  0.   0.5  0. ]
 [ 0.5 -0.5 -0.5  0.  -0.5  0. ]
 [ 0.5 -0.5 -0.5  0.   0.  -0.5]
 [ 0.5 -0.5 -0.5  0.5  0.   0. ]
 [ 0.5  0.5  0.5  0.   0.   0.5]
 [ 0.5  0.5  0.5  0.   0.5  0. ]
 [ 0.5  0.5  0.5  0.5  0.   0. ]]
Slicing  [-1.5 -1.5 -1.5]  to  [-1.5 -1.  -2. ]
Slicing  [-1.5 -1.5 -1.5]  to  [-1.  -1.5 -2. ]
Slicing  [-1.5 -1.5 -1.5]  to  [-1.  -1.  -1.5]
Slicing  [-1.5 -0.5 -2.5]  to  [-1.5 -1.  -2. ]
Slicing  [-1.5 -0.5 -2.5]  to  [-1.  -1.  -2.5]
Slicing  [-1.5 -0.5 -2.5]  to  [-1.  -0.5 -2. ]
Slicing  [-0.5 -1.5 -2.5]  to  [-1.  -1.5 -2. ]
Slicing  [-0.5 -1.5 -2.5]  to  [-1.  -1.  -2.5]
Slicing  [-0.5 -1.5 -2.5]  to  [-0.5 -1.  -2. ]
Slicing  [-0.5 -0.5 -1.5]  to  [-1.  -1.  -1.5]
Slicing  [-0.5 -0.5 -1.5]  to  [-1.  -0.5 -2. ]
Slicing  [-0.5 -0.5 -1.5]  to  [-0.5 -1.  -2. ]

Generating Report for BZ [-1 -1 -2]

Combining all 89 BZ

BZ [-1 -1 -2] done. Total time elapsed 04:49:01
Processing BZ [1 0 2], path segments from Gamma to X

6 symmetrically equivalent path segments
[[ 0.   0.   0.  -0.5  0.   0. ]
 [ 0.   0.   0.   0.  -0.5  0. ]
 [ 0.   0.   0.   0.   0.  -0.5]
 [ 0.   0.   0.   0.   0.   0.5]
 [ 0.   0.   0.   0.   0.5  0. ]
 [ 0.   0.   0.   0.5  0.   0. ]]
Slicing  [1. 0. 2.]  to  [0.5 0.  2. ]
Slicing  [1. 0. 2.]  to  [ 1.  -0.5  2. ]
Slicing  [1. 0. 2.]  to  [1.  0.  1.5]
Slicing  [1. 0. 2.]  to  [1.  0.  2.5]
Slicing  [1. 0. 2.]  to  [1.  0.5 2. ]
Slicing  [1. 0. 2.]  to  [1.5 0.  2. ]
Processing BZ [1 0 2], path segments from X to M

12 symmetrically equivalent path segments
[[-0.5  0.   0.  -0.5  0.  -0.5]
 [-0.5  0.   0.  -0.5  0.   0.5]
 [ 0.  -0.5  0.  -0.5 -0.5  0. ]
 [ 0.  -0.5  0.   0.5 -0.5  0. ]
 [ 0.   0.  -0.5  0.  -0.5 -0.5]
 [ 0.   0.  -0.5  0.   0.5 -0.5]
 [ 0.   0.   0.5  0.  -0.5  0.5]
 [ 0.   0.   0.5  0.   0.5  0.5]
 [ 0.   0.5  0.  -0.5  0.5  0. ]
 [ 0.   0.5  0.   0.5  0.5  0. ]
 [ 0.5  0.   0.   0.5  0.  -0.5]
 [ 0.5  0.   0.   0.5  0.   0.5]]
Slicing  [0.5 0.  2. ]  to  [0.5 0.  1.5]
Slicing  [0.5 0.  2. ]  to  [0.5 0.  2.5]
Slicing  [ 1.  -0.5  2. ]  to  [ 0.5 -0.5  2. ]
Slicing  [ 1.  -0.5  2. ]  to  [ 1.5 -0.5  2. ]
Slicing  [1.  0.  1.5]  to  [ 1.  -0.5  1.5]
Slicing  [1.  0.  1.5]  to  [1.  0.5 1.5]
Slicing  [1.  0.  2.5]  to  [ 1.  -0.5  2.5]
Slicing  [1.  0.  2.5]  to  [1.  0.5 2.5]
Slicing  [1.  0.5 2. ]  to  [0.5 0.5 2. ]
Slicing  [1.  0.5 2. ]  to  [1.5 0.5 2. ]
Slicing  [1.5 0.  2. ]  to  [1.5 0.  1.5]
Slicing  [1.5 0.  2. ]  to  [1.5 0.  2.5]
Processing BZ [1 0 2], path segments from M to Gamma

12 symmetrically equivalent path segments
[[-0.5 -0.5  0.   0.   0.   0. ]
 [-0.5  0.  -0.5  0.   0.   0. ]
 [-0.5  0.   0.5  0.   0.   0. ]
 [-0.5  0.5  0.   0.   0.   0. ]
 [ 0.  -0.5 -0.5  0.   0.   0. ]
 [ 0.  -0.5  0.5  0.   0.   0. ]
 [ 0.   0.5 -0.5  0.   0.   0. ]
 [ 0.   0.5  0.5  0.   0.   0. ]
 [ 0.5 -0.5  0.   0.   0.   0. ]
 [ 0.5  0.  -0.5  0.   0.   0. ]
 [ 0.5  0.   0.5  0.   0.   0. ]
 [ 0.5  0.5  0.   0.   0.   0. ]]
Slicing  [ 0.5 -0.5  2. ]  to  [1. 0. 2.]
Slicing  [0.5 0.  1.5]  to  [1. 0. 2.]
Slicing  [0.5 0.  2.5]  to  [1. 0. 2.]
Slicing  [0.5 0.5 2. ]  to  [1. 0. 2.]
Slicing  [ 1.  -0.5  1.5]  to  [1. 0. 2.]
Slicing  [ 1.  -0.5  2.5]  to  [1. 0. 2.]
Slicing  [1.  0.5 1.5]  to  [1. 0. 2.]
Slicing  [1.  0.5 2.5]  to  [1. 0. 2.]
Slicing  [ 1.5 -0.5  2. ]  to  [1. 0. 2.]
Slicing  [1.5 0.  1.5]  to  [1. 0. 2.]
Slicing  [1.5 0.  2.5]  to  [1. 0. 2.]
Slicing  [1.5 0.5 2. ]  to  [1. 0. 2.]
Processing BZ [1 0 2], path segments from Gamma to R

4 symmetrically equivalent path segments
[[ 0.   0.   0.  -0.5 -0.5  0.5]
 [ 0.   0.   0.  -0.5  0.5 -0.5]
 [ 0.   0.   0.   0.5 -0.5 -0.5]
 [ 0.   0.   0.   0.5  0.5  0.5]]
Slicing  [1. 0. 2.]  to  [ 0.5 -0.5  2.5]
Slicing  [1. 0. 2.]  to  [0.5 0.5 1.5]
Slicing  [1. 0. 2.]  to  [ 1.5 -0.5  1.5]
Slicing  [1. 0. 2.]  to  [1.5 0.5 2.5]
Processing BZ [1 0 2], path segments from R to X

12 symmetrically equivalent path segments
[[-0.5 -0.5  0.5 -0.5  0.   0. ]
 [-0.5 -0.5  0.5  0.  -0.5  0. ]
 [-0.5 -0.5  0.5  0.   0.   0.5]
 [-0.5  0.5 -0.5 -0.5  0.   0. ]
 [-0.5  0.5 -0.5  0.   0.  -0.5]
 [-0.5  0.5 -0.5  0.   0.5  0. ]
 [ 0.5 -0.5 -0.5  0.  -0.5  0. ]
 [ 0.5 -0.5 -0.5  0.   0.  -0.5]
 [ 0.5 -0.5 -0.5  0.5  0.   0. ]
 [ 0.5  0.5  0.5  0.   0.   0.5]
 [ 0.5  0.5  0.5  0.   0.5  0. ]
 [ 0.5  0.5  0.5  0.5  0.   0. ]]
Slicing  [ 0.5 -0.5  2.5]  to  [0.5 0.  2. ]
Slicing  [ 0.5 -0.5  2.5]  to  [ 1.  -0.5  2. ]
Slicing  [ 0.5 -0.5  2.5]  to  [1.  0.  2.5]
Slicing  [0.5 0.5 1.5]  to  [0.5 0.  2. ]
Slicing  [0.5 0.5 1.5]  to  [1.  0.  1.5]
Slicing  [0.5 0.5 1.5]  to  [1.  0.5 2. ]
Slicing  [ 1.5 -0.5  1.5]  to  [ 1.  -0.5  2. ]
Slicing  [ 1.5 -0.5  1.5]  to  [1.  0.  1.5]
Slicing  [ 1.5 -0.5  1.5]  to  [1.5 0.  2. ]
Slicing  [1.5 0.5 2.5]  to  [1.  0.  2.5]
Slicing  [1.5 0.5 2.5]  to  [1.  0.5 2. ]
Slicing  [1.5 0.5 2.5]  to  [1.5 0.  2. ]

Generating Report for BZ [1 0 2]

Combining all 90 BZ

BZ [1 0 2] done. Total time elapsed 04:52:18
Processing BZ [ 1 -1  0], path segments from Gamma to X

6 symmetrically equivalent path segments
[[ 0.   0.   0.  -0.5  0.   0. ]
 [ 0.   0.   0.   0.  -0.5  0. ]
 [ 0.   0.   0.   0.   0.  -0.5]
 [ 0.   0.   0.   0.   0.   0.5]
 [ 0.   0.   0.   0.   0.5  0. ]
 [ 0.   0.   0.   0.5  0.   0. ]]
Slicing  [ 1. -1.  0.]  to  [ 0.5 -1.   0. ]
Slicing  [ 1. -1.  0.]  to  [ 1.  -1.5  0. ]
Slicing  [ 1. -1.  0.]  to  [ 1.  -1.  -0.5]
Slicing  [ 1. -1.  0.]  to  [ 1.  -1.   0.5]
Slicing  [ 1. -1.  0.]  to  [ 1.  -0.5  0. ]
Slicing  [ 1. -1.  0.]  to  [ 1.5 -1.   0. ]
Processing BZ [ 1 -1  0], path segments from X to M

12 symmetrically equivalent path segments
[[-0.5  0.   0.  -0.5  0.  -0.5]
 [-0.5  0.   0.  -0.5  0.   0.5]
 [ 0.  -0.5  0.  -0.5 -0.5  0. ]
 [ 0.  -0.5  0.   0.5 -0.5  0. ]
 [ 0.   0.  -0.5  0.  -0.5 -0.5]
 [ 0.   0.  -0.5  0.   0.5 -0.5]
 [ 0.   0.   0.5  0.  -0.5  0.5]
 [ 0.   0.   0.5  0.   0.5  0.5]
 [ 0.   0.5  0.  -0.5  0.5  0. ]
 [ 0.   0.5  0.   0.5  0.5  0. ]
 [ 0.5  0.   0.   0.5  0.  -0.5]
 [ 0.5  0.   0.   0.5  0.   0.5]]
Slicing  [ 0.5 -1.   0. ]  to  [ 0.5 -1.  -0.5]
Slicing  [ 0.5 -1.   0. ]  to  [ 0.5 -1.   0.5]
Slicing  [ 1.  -1.5  0. ]  to  [ 0.5 -1.5  0. ]


Processed: 4195/4462 (94.02%) | Elapsed: 04:52:25 | BZ Folding estimated remaining time: 00:18:36


Slicing  [ 1.  -1.5  0. ]  to  [ 1.5 -1.5  0. ]
Slicing  [ 1.  -1.  -0.5]  to  [ 1.  -1.5 -0.5]
Slicing  [ 1.  -1.  -0.5]  to  [ 1.  -0.5 -0.5]
Slicing  [ 1.  -1.   0.5]  to  [ 1.  -1.5  0.5]
Slicing  [ 1.  -1.   0.5]  to  [ 1.  -0.5  0.5]
Slicing  [ 1.  -0.5  0. ]  to  [ 0.5 -0.5  0. ]
Slicing  [ 1.  -0.5  0. ]  to  [ 1.5 -0.5  0. ]
Slicing  [ 1.5 -1.   0. ]  to  [ 1.5 -1.  -0.5]
Slicing  [ 1.5 -1.   0. ]  to  [ 1.5 -1.   0.5]
Processing BZ [ 1 -1  0], path segments from M to Gamma

12 symmetrically equivalent path segments
[[-0.5 -0.5  0.   0.   0.   0. ]
 [-0.5  0.  -0.5  0.   0.   0. ]
 [-0.5  0.   0.5  0.   0.   0. ]
 [-0.5  0.5  0.   0.   0.   0. ]
 [ 0.  -0.5 -0.5  0.   0.   0. ]
 [ 0.  -0.5  0.5  0.   0.   0. ]
 [ 0.   0.5 -0.5  0.   0.   0. ]
 [ 0.   0.5  0.5  0.   0.   0. ]
 [ 0.5 -0.5  0.   0.   0.   0. ]
 [ 0.5  0.  -0.5  0.   0.   0. ]
 [ 0.5  0.   0.5  0.   0.   0. ]
 [ 0.5  0.5  0.   0.   0.   0. ]]
Slicing  [ 0.5 -1.5  0. ]  to  [ 1. -1.  0.]
Slicing  [ 0.5 -1.  -0.5]  to  [ 1. -1.  0.]
Slicing  [ 0.5 -1.   0.5]  to  [ 1. -1.  0.]
Slicing  [ 0.5 -0.5  0. ]  to  [ 1. -1.  0.]
Slicing  [ 1.  -1.5 -0.5]  to  [ 1. -1.  0.]
Slicing  [ 1.  -1.5  0.5]  to  [ 1. -1.  0.]
Slicing  [ 1.  -0.5 -0.5]  to  [ 1. -1.  0.]
Slicing  [ 1.  -0.5  0.5]  to  [ 1. -1.  0.]
Slicing  [ 1.5 -1.5  0. ]  to  [ 1. -1.  0.]
Slicing  [ 1.5 -1.  -0.5]  to  [ 1. -1.  0.]
Slicing  [ 1.5 -1.   0.5]  to  [ 1. -1.  0.]
Slicing  [ 1.5 -0.5  0. ]  to  [ 1. -1.  0.]
Processing BZ [ 1 -1  0], path segments from Gamma to R

4 symmetrically equivalent path segments
[[ 0.   0.   0.  -0.5 -0.5  0.5]
 [ 0.   0.   0.  -0.5  0.5 -0.5]
 [ 0.   0.   0.   0.5 -0.5 -0.5]
 [ 0.   0.   0.   0.5  0.5  0.5]]
Slicing  [ 1. -1.  0.]  to  [ 0.5 -1.5  0.5]
Slicing  [ 1. -1.  0.]  to  [ 0.5 -0.5 -0.5]
Slicing  [ 1. -1.  0.]  to  [ 1.5 -1.5 -0.5]
Slicing  [ 1. -1.  0.]  to  [ 1.5 -0.5  0.5]
Processing BZ [ 1 -1  0], path segments from R to X

12 symmetrically equivalent path segments
[[-0.5 -0.5  0.5 -0.5  0.   0. ]
 [-0.5 -0.5  0.5  0.  -0.5  0. ]
 [-0.5 -0.5  0.5  0.   0.   0.5]
 [-0.5  0.5 -0.5 -0.5  0.   0. ]
 [-0.5  0.5 -0.5  0.   0.  -0.5]
 [-0.5  0.5 -0.5  0.   0.5  0. ]
 [ 0.5 -0.5 -0.5  0.  -0.5  0. ]
 [ 0.5 -0.5 -0.5  0.   0.  -0.5]
 [ 0.5 -0.5 -0.5  0.5  0.   0. ]
 [ 0.5  0.5  0.5  0.   0.   0.5]
 [ 0.5  0.5  0.5  0.   0.5  0. ]
 [ 0.5  0.5  0.5  0.5  0.   0. ]]
Slicing  [ 0.5 -1.5  0.5]  to  [ 0.5 -1.   0. ]
Slicing  [ 0.5 -1.5  0.5]  to  [ 1.  -1.5  0. ]
Slicing  [ 0.5 -1.5  0.5]  to  [ 1.  -1.   0.5]
Slicing  [ 0.5 -0.5 -0.5]  to  [ 0.5 -1.   0. ]
Slicing  [ 0.5 -0.5 -0.5]  to  [ 1.  -1.  -0.5]
Slicing  [ 0.5 -0.5 -0.5]  to  [ 1.  -0.5  0. ]
Slicing  [ 1.5 -1.5 -0.5]  to  [ 1.  -1.5  0. ]
Slicing  [ 1.5 -1.5 -0.5]  to  [ 1.  -1.  -0.5]
Slicing  [ 1.5 -1.5 -0.5]  to  [ 1.5 -1.   0. ]
Slicing  [ 1.5 -0.5  0.5]  to  [ 1.  -1.   0.5]
Slicing  [ 1.5 -0.5  0.5]  to  [ 1.  -0.5  0. ]
Slicing  [ 1.5 -0.5  0.5]  to  [ 1.5 -1.   0. ]

Generating Report for BZ [ 1 -1  0]

Combining all 91 BZ

BZ [ 1 -1  0] done. Total time elapsed 04:55:39
Processing BZ [ 0  0 -1], path segments from Gamma to X

6 symmetrically equivalent path segments
[[ 0.   0.   0.  -0.5  0.   0. ]
 [ 0.   0.   0.   0.  -0.5  0. ]
 [ 0.   0.   0.   0.   0.  -0.5]
 [ 0.   0.   0.   0.   0.   0.5]
 [ 0.   0.   0.   0.   0.5  0. ]
 [ 0.   0.   0.   0.5  0.   0. ]]
Slicing  [ 0.  0. -1.]  to  [-0.5  0.  -1. ]
Slicing  [ 0.  0. -1.]  to  [ 0.  -0.5 -1. ]
Slicing  [ 0.  0. -1.]  to  [ 0.   0.  -1.5]
Slicing  [ 0.  0. -1.]  to  [ 0.   0.  -0.5]
Slicing  [ 0.  0. -1.]  to  [ 0.   0.5 -1. ]
Slicing  [ 0.  0. -1.]  to  [ 0.5  0.  -1. ]
Processing BZ [ 0  0 -1], path segments from X to M

12 symmetrically equivalent path segments
[[-0.5  0.   0.  -0.5  0.  -0.5]
 [-0.5  0.   0.  -0.5  0.   0.5]
 [ 0.  -0.5  0.  -0.5 -0.5  0. ]
 [ 0.  -0.5  0.   0.5 -0.5  0. ]
 [ 0.   0.  -0.5  0.  -0.5 -0.5]
 [ 0.   0.  -0.5  0.   0.5 -0.5]
 [ 0.   0.   0.5  0.  -0.5  0.5]
 [ 0.   0.   0.5  0.   0.5  0.5]
 [ 0.   0.5  0.  -0.5  0.5  0. ]
 [ 0.   0.5  0.   0.5  0.5  0. ]
 [ 0.5  0.   0.   0.5  0.  -0.5]
 [ 0.5  0.   0.   0.5  0.   0.5]]
Slicing  [-0.5  0.  -1. ]  to  [-0.5  0.  -1.5]
Slicing  [-0.5  0.  -1. ]  to  [-0.5  0.  -0.5]
Slicing  [ 0.  -0.5 -1. ]  to  [-0.5 -0.5 -1. ]
Slicing  [ 0.  -0.5 -1. ]  to  [ 0.5 -0.5 -1. ]
Slicing  [ 0.   0.  -1.5]  to  [ 0.  -0.5 -1.5]
Slicing  [ 0.   0.  -1.5]  to  [ 0.   0.5 -1.5]
Slicing  [ 0.   0.  -0.5]  to  [ 0.  -0.5 -0.5]
Slicing  [ 0.   0.  -0.5]  to  [ 0.   0.5 -0.5]
Slicing  [ 0.   0.5 -1. ]  to  [-0.5  0.5 -1. ]
Slicing  [ 0.   0.5 -1. ]  to  [ 0.5  0.5 -1. ]
Slicing  [ 0.5  0.  -1. ]  to  [ 0.5  0.  -1.5]
Slicing  [ 0.5  0.  -1. ]  to  [ 0.5  0.  -0.5]
Processing BZ [ 0  0 -1], path segments from M to Gamma

12 symmetrically equivalent path segments
[[-0.5 -0.5  0.   0.   0.   0. ]
 [-0.5  0.  -0.5  0.   0.   0. ]
 [-0.5  0.   0.5  0.   0.   0. ]
 [-0.5  0.5  0.   0.   0.   0. ]
 [ 0.  -0.5 -0.5  0.   0.   0. ]
 [ 0.  -0.5  0.5  0.   0.   0. ]
 [ 0.   0.5 -0.5  0.   0.   0. ]
 [ 0.   0.5  0.5  0.   0.   0. ]
 [ 0.5 -0.5  0.   0.   0.   0. ]
 [ 0.5  0.  -0.5  0.   0.   0. ]
 [ 0.5  0.   0.5  0.   0.   0. ]
 [ 0.5  0.5  0.   0.   0.   0. ]]
Slicing  [-0.5 -0.5 -1. ]  to  [ 0.  0. -1.]
Slicing  [-0.5  0.  -1.5]  to  [ 0.  0. -1.]
Slicing  [-0.5  0.  -0.5]  to  [ 0.  0. -1.]
Slicing  [-0.5  0.5 -1. ]  to  [ 0.  0. -1.]
Slicing  [ 0.  -0.5 -1.5]  to  [ 0.  0. -1.]
Slicing  [ 0.  -0.5 -0.5]  to  [ 0.  0. -1.]
Slicing  [ 0.   0.5 -1.5]  to  [ 0.  0. -1.]
Slicing  [ 0.   0.5 -0.5]  to  [ 0.  0. -1.]
Slicing  [ 0.5 -0.5 -1. ]  to  [ 0.  0. -1.]
Slicing  [ 0.5  0.  -1.5]  to  [ 0.  0. -1.]
Slicing  [ 0.5  0.  -0.5]  to  [ 0.  0. -1.]
Slicing  [ 0.5  0.5 -1. ]  to  [ 0.  0. -1.]
Processing BZ [ 0  0 -1], path segments from Gamma to R

4 symmetrically equivalent path segments
[[ 0.   0.   0.  -0.5 -0.5  0.5]
 [ 0.   0.   0.  -0.5  0.5 -0.5]
 [ 0.   0.   0.   0.5 -0.5 -0.5]
 [ 0.   0.   0.   0.5  0.5  0.5]]
Slicing  [ 0.  0. -1.]  to  [-0.5 -0.5 -0.5]
Slicing  [ 0.  0. -1.]  to  [-0.5  0.5 -1.5]
Slicing  [ 0.  0. -1.]  to  [ 0.5 -0.5 -1.5]
Slicing  [ 0.  0. -1.]  to  [ 0.5  0.5 -0.5]
Processing BZ [ 0  0 -1], path segments from R to X

12 symmetrically equivalent path segments
[[-0.5 -0.5  0.5 -0.5  0.   0. ]
 [-0.5 -0.5  0.5  0.  -0.5  0. ]
 [-0.5 -0.5  0.5  0.   0.   0.5]
 [-0.5  0.5 -0.5 -0.5  0.   0. ]
 [-0.5  0.5 -0.5  0.   0.  -0.5]
 [-0.5  0.5 -0.5  0.   0.5  0. ]
 [ 0.5 -0.5 -0.5  0.  -0.5  0. ]
 [ 0.5 -0.5 -0.5  0.   0.  -0.5]
 [ 0.5 -0.5 -0.5  0.5  0.   0. ]
 [ 0.5  0.5  0.5  0.   0.   0.5]
 [ 0.5  0.5  0.5  0.   0.5  0. ]
 [ 0.5  0.5  0.5  0.5  0.   0. ]]
Slicing  [-0.5 -0.5 -0.5]  to  [-0.5  0.  -1. ]
Slicing  [-0.5 -0.5 -0.5]  to  [ 0.  -0.5 -1. ]
Slicing  [-0.5 -0.5 -0.5]  to  [ 0.   0.  -0.5]
Slicing  [-0.5  0.5 -1.5]  to  [-0.5  0.  -1. ]
Slicing  [-0.5  0.5 -1.5]  to  [ 0.   0.  -1.5]
Slicing  [-0.5  0.5 -1.5]  to  [ 0.   0.5 -1. ]
Slicing  [ 0.5 -0.5 -1.5]  to  [ 0.  -0.5 -1. ]
Slicing  [ 0.5 -0.5 -1.5]  to  [ 0.   0.  -1.5]
Slicing  [ 0.5 -0.5 -1.5]  to  [ 0.5  0.  -1. ]
Slicing  [ 0.5  0.5 -0.5]  to  [ 0.   0.  -0.5]
Slicing  [ 0.5  0.5 -0.5]  to  [ 0.   0.5 -1. ]
Slicing  [ 0.5  0.5 -0.5]  to  [ 0.5  0.  -1. ]

Generating Report for BZ [ 0  0 -1]

Combining all 92 BZ

BZ [ 0  0 -1] done. Total time elapsed 04:59:06
Processing BZ [-5 -3  0], path segments from Gamma to X

6 symmetrically equivalent path segments
[[ 0.   0.   0.  -0.5  0.   0. ]
 [ 0.   0.   0.   0.  -0.5  0. ]
 [ 0.   0.   0.   0.   0.  -0.5]
 [ 0.   0.   0.   0.   0.   0.5]
 [ 0.   0.   0.   0.   0.5  0. ]
 [ 0.   0.   0.   0.5  0.   0. ]]
Slicing  [-5. -3.  0.]  to  [-5.5 -3.   0. ]
Slicing  [-5. -3.  0.]  to  [-5.  -3.5  0. ]
Slicing  [-5. -3.  0.]  to  [-5.  -3.  -0.5]
Slicing  [-5. -3.  0.]  to  [-5.  -3.   0.5]
Slicing  [-5. -3.  0.]  to  [-5.  -2.5  0. ]
Slicing  [-5. -3.  0.]  to  [-4.5 -3.   0. ]


Processed: 4284/4462 (96.01%) | Elapsed: 04:59:01 | BZ Folding estimated remaining time: 00:12:25


Processing BZ [-5 -3  0], path segments from X to M

12 symmetrically equivalent path segments
[[-0.5  0.   0.  -0.5  0.  -0.5]
 [-0.5  0.   0.  -0.5  0.   0.5]
 [ 0.  -0.5  0.  -0.5 -0.5  0. ]
 [ 0.  -0.5  0.   0.5 -0.5  0. ]
 [ 0.   0.  -0.5  0.  -0.5 -0.5]
 [ 0.   0.  -0.5  0.   0.5 -0.5]
 [ 0.   0.   0.5  0.  -0.5  0.5]
 [ 0.   0.   0.5  0.   0.5  0.5]
 [ 0.   0.5  0.  -0.5  0.5  0. ]
 [ 0.   0.5  0.   0.5  0.5  0. ]
 [ 0.5  0.   0.   0.5  0.  -0.5]
 [ 0.5  0.   0.   0.5  0.   0.5]]
Slicing  [-5.5 -3.   0. ]  to  [-5.5 -3.  -0.5]
Slicing  [-5.5 -3.   0. ]  to  [-5.5 -3.   0.5]
Slicing  [-5.  -3.5  0. ]  to  [-5.5 -3.5  0. ]
Slicing  [-5.  -3.5  0. ]  to  [-4.5 -3.5  0. ]
Slicing  [-5.  -3.  -0.5]  to  [-5.  -3.5 -0.5]
Slicing  [-5.  -3.  -0.5]  to  [-5.  -2.5 -0.5]
Slicing  [-5.  -3.   0.5]  to  [-5.  -3.5  0.5]
Slicing  [-5.  -3.   0.5]  to  [-5.  -2.5  0.5]
Slicing  [-5.  -2.5  0. ]  to  [-5.5 -2.5  0. ]
Slicing  [-5.  -2.5  0. ]  to  [-4.5 -2.5  0. ]
Slicing  [-4.5 -3.   0. ]  to  [-4.5 -3.  -0.5]
Slicing  [-4.5 -3.   0. ]  to  [-4.5 -3.   0.5]
Processing BZ [-5 -3  0], path segments from M to Gamma

12 symmetrically equivalent path segments
[[-0.5 -0.5  0.   0.   0.   0. ]
 [-0.5  0.  -0.5  0.   0.   0. ]
 [-0.5  0.   0.5  0.   0.   0. ]
 [-0.5  0.5  0.   0.   0.   0. ]
 [ 0.  -0.5 -0.5  0.   0.   0. ]
 [ 0.  -0.5  0.5  0.   0.   0. ]
 [ 0.   0.5 -0.5  0.   0.   0. ]
 [ 0.   0.5  0.5  0.   0.   0. ]
 [ 0.5 -0.5  0.   0.   0.   0. ]
 [ 0.5  0.  -0.5  0.   0.   0. ]
 [ 0.5  0.   0.5  0.   0.   0. ]
 [ 0.5  0.5  0.   0.   0.   0. ]]
Slicing  [-5.5 -3.5  0. ]  to  [-5. -3.  0.]
Slicing  [-5.5 -3.  -0.5]  to  [-5. -3.  0.]
Slicing  [-5.5 -3.   0.5]  to  [-5. -3.  0.]
Slicing  [-5.5 -2.5  0. ]  to  [-5. -3.  0.]
Slicing  [-5.  -3.5 -0.5]  to  [-5. -3.  0.]
Slicing  [-5.  -3.5  0.5]  to  [-5. -3.  0.]
Slicing  [-5.  -2.5 -0.5]  to  [-5. -3.  0.]
Slicing  [-5.  -2.5  0.5]  to  [-5. -3.  0.]
Slicing  [-4.5 -3.5  0. ]  to  [-5. -3.  0.]
Slicing  [-4.5 -3.  -0.5]  to  [-5. -3.  0.]
Slicing  [-4.5 -3.   0.5]  to  [-5. -3.  0.]
Slicing  [-4.5 -2.5  0. ]  to  [-5. -3.  0.]
Processing BZ [-5 -3  0], path segments from Gamma to R

4 symmetrically equivalent path segments
[[ 0.   0.   0.  -0.5 -0.5  0.5]
 [ 0.   0.   0.  -0.5  0.5 -0.5]
 [ 0.   0.   0.   0.5 -0.5 -0.5]
 [ 0.   0.   0.   0.5  0.5  0.5]]
Slicing  [-5. -3.  0.]  to  [-5.5 -3.5  0.5]
Slicing  [-5. -3.  0.]  to  [-5.5 -2.5 -0.5]
Slicing  [-5. -3.  0.]  to  [-4.5 -3.5 -0.5]
Slicing  [-5. -3.  0.]  to  [-4.5 -2.5  0.5]
Processing BZ [-5 -3  0], path segments from R to X

12 symmetrically equivalent path segments
[[-0.5 -0.5  0.5 -0.5  0.   0. ]
 [-0.5 -0.5  0.5  0.  -0.5  0. ]
 [-0.5 -0.5  0.5  0.   0.   0.5]
 [-0.5  0.5 -0.5 -0.5  0.   0. ]
 [-0.5  0.5 -0.5  0.   0.  -0.5]
 [-0.5  0.5 -0.5  0.   0.5  0. ]
 [ 0.5 -0.5 -0.5  0.  -0.5  0. ]
 [ 0.5 -0.5 -0.5  0.   0.  -0.5]
 [ 0.5 -0.5 -0.5  0.5  0.   0. ]
 [ 0.5  0.5  0.5  0.   0.   0.5]
 [ 0.5  0.5  0.5  0.   0.5  0. ]
 [ 0.5  0.5  0.5  0.5  0.   0. ]]
Slicing  [-5.5 -3.5  0.5]  to  [-5.5 -3.   0. ]
Slicing  [-5.5 -3.5  0.5]  to  [-5.  -3.5  0. ]
Slicing  [-5.5 -3.5  0.5]  to  [-5.  -3.   0.5]
Slicing  [-5.5 -2.5 -0.5]  to  [-5.5 -3.   0. ]
Slicing  [-5.5 -2.5 -0.5]  to  [-5.  -3.  -0.5]
Slicing  [-5.5 -2.5 -0.5]  to  [-5.  -2.5  0. ]
Slicing  [-4.5 -3.5 -0.5]  to  [-5.  -3.5  0. ]
Slicing  [-4.5 -3.5 -0.5]  to  [-5.  -3.  -0.5]
Slicing  [-4.5 -3.5 -0.5]  to  [-4.5 -3.   0. ]
Slicing  [-4.5 -2.5  0.5]  to  [-5.  -3.   0.5]
Slicing  [-4.5 -2.5  0.5]  to  [-5.  -2.5  0. ]
Slicing  [-4.5 -2.5  0.5]  to  [-4.5 -3.   0. ]

Generating Report for BZ [-5 -3  0]

Combining all 93 BZ

BZ [-5 -3  0] done. Total time elapsed 05:02:24
Processing BZ [-3 -1 -2], path segments from Gamma to X

6 symmetrically equivalent path segments
[[ 0.   0.   0.  -0.5  0.   0. ]
 [ 0.   0.   0.   0.  -0.5  0. ]
 [ 0.   0.   0.   0.   0.  -0.5]
 [ 0.   0.   0.   0.   0.   0.5]
 [ 0.   0.   0.   0.   0.5  0. ]
 [ 0.   0.   0.   0.5  0.   0. ]]
Slicing  [-3. -1. -2.]  to  [-3.5 -1.  -2. ]
Slicing  [-3. -1. -2.]  to  [-3.  -1.5 -2. ]
Slicing  [-3. -1. -2.]  to  [-3.  -1.  -2.5]
Slicing  [-3. -1. -2.]  to  [-3.  -1.  -1.5]
Slicing  [-3. -1. -2.]  to  [-3.  -0.5 -2. ]
Slicing  [-3. -1. -2.]  to  [-2.5 -1.  -2. ]
Processing BZ [-3 -1 -2], path segments from X to M

12 symmetrically equivalent path segments
[[-0.5  0.   0.  -0.5  0.  -0.5]
 [-0.5  0.   0.  -0.5  0.   0.5]
 [ 0.  -0.5  0.  -0.5 -0.5  0. ]
 [ 0.  -0.5  0.   0.5 -0.5  0. ]
 [ 0.   0.  -0.5  0.  -0.5 -0.5]
 [ 0.   0.  -0.5  0.   0.5 -0.5]
 [ 0.   0.   0.5  0.  -0.5  0.5]
 [ 0.   0.   0.5  0.   0.5  0.5]
 [ 0.   0.5  0.  -0.5  0.5  0. ]
 [ 0.   0.5  0.   0.5  0.5  0. ]
 [ 0.5  0.   0.   0.5  0.  -0.5]
 [ 0.5  0.   0.   0.5  0.   0.5]]
Slicing  [-3.5 -1.  -2. ]  to  [-3.5 -1.  -2.5]
Slicing  [-3.5 -1.  -2. ]  to  [-3.5 -1.  -1.5]
Slicing  [-3.  -1.5 -2. ]  to  [-3.5 -1.5 -2. ]
Slicing  [-3.  -1.5 -2. ]  to  [-2.5 -1.5 -2. ]
Slicing  [-3.  -1.  -2.5]  to  [-3.  -1.5 -2.5]
Slicing  [-3.  -1.  -2.5]  to  [-3.  -0.5 -2.5]
Slicing  [-3.  -1.  -1.5]  to  [-3.  -1.5 -1.5]
Slicing  [-3.  -1.  -1.5]  to  [-3.  -0.5 -1.5]
Slicing  [-3.  -0.5 -2. ]  to  [-3.5 -0.5 -2. ]
Slicing  [-3.  -0.5 -2. ]  to  [-2.5 -0.5 -2. ]
Slicing  [-2.5 -1.  -2. ]  to  [-2.5 -1.  -2.5]
Slicing  [-2.5 -1.  -2. ]  to  [-2.5 -1.  -1.5]
Processing BZ [-3 -1 -2], path segments from M to Gamma

12 symmetrically equivalent path segments
[[-0.5 -0.5  0.   0.   0.   0. ]
 [-0.5  0.  -0.5  0.   0.   0. ]
 [-0.5  0.   0.5  0.   0.   0. ]
 [-0.5  0.5  0.   0.   0.   0. ]
 [ 0.  -0.5 -0.5  0.   0.   0. ]
 [ 0.  -0.5  0.5  0.   0.   0. ]
 [ 0.   0.5 -0.5  0.   0.   0. ]
 [ 0.   0.5  0.5  0.   0.   0. ]
 [ 0.5 -0.5  0.   0.   0.   0. ]
 [ 0.5  0.  -0.5  0.   0.   0. ]
 [ 0.5  0.   0.5  0.   0.   0. ]
 [ 0.5  0.5  0.   0.   0.   0. ]]
Slicing  [-3.5 -1.5 -2. ]  to  [-3. -1. -2.]
Slicing  [-3.5 -1.  -2.5]  to  [-3. -1. -2.]
Slicing  [-3.5 -1.  -1.5]  to  [-3. -1. -2.]
Slicing  [-3.5 -0.5 -2. ]  to  [-3. -1. -2.]
Slicing  [-3.  -1.5 -2.5]  to  [-3. -1. -2.]
Slicing  [-3.  -1.5 -1.5]  to  [-3. -1. -2.]
Slicing  [-3.  -0.5 -2.5]  to  [-3. -1. -2.]
Slicing  [-3.  -0.5 -1.5]  to  [-3. -1. -2.]
Slicing  [-2.5 -1.5 -2. ]  to  [-3. -1. -2.]
Slicing  [-2.5 -1.  -2.5]  to  [-3. -1. -2.]
Slicing  [-2.5 -1.  -1.5]  to  [-3. -1. -2.]
Slicing  [-2.5 -0.5 -2. ]  to  [-3. -1. -2.]
Processing BZ [-3 -1 -2], path segments from Gamma to R

4 symmetrically equivalent path segments
[[ 0.   0.   0.  -0.5 -0.5  0.5]
 [ 0.   0.   0.  -0.5  0.5 -0.5]
 [ 0.   0.   0.   0.5 -0.5 -0.5]
 [ 0.   0.   0.   0.5  0.5  0.5]]
Slicing  [-3. -1. -2.]  to  [-3.5 -1.5 -1.5]
Slicing  [-3. -1. -2.]  to  [-3.5 -0.5 -2.5]
Slicing  [-3. -1. -2.]  to  [-2.5 -1.5 -2.5]
Slicing  [-3. -1. -2.]  to  [-2.5 -0.5 -1.5]
Processing BZ [-3 -1 -2], path segments from R to X

12 symmetrically equivalent path segments
[[-0.5 -0.5  0.5 -0.5  0.   0. ]
 [-0.5 -0.5  0.5  0.  -0.5  0. ]
 [-0.5 -0.5  0.5  0.   0.   0.5]
 [-0.5  0.5 -0.5 -0.5  0.   0. ]
 [-0.5  0.5 -0.5  0.   0.  -0.5]
 [-0.5  0.5 -0.5  0.   0.5  0. ]
 [ 0.5 -0.5 -0.5  0.  -0.5  0. ]
 [ 0.5 -0.5 -0.5  0.   0.  -0.5]
 [ 0.5 -0.5 -0.5  0.5  0.   0. ]
 [ 0.5  0.5  0.5  0.   0.   0.5]
 [ 0.5  0.5  0.5  0.   0.5  0. ]
 [ 0.5  0.5  0.5  0.5  0.   0. ]]
Slicing  [-3.5 -1.5 -1.5]  to  [-3.5 -1.  -2. ]
Slicing  [-3.5 -1.5 -1.5]  to  [-3.  -1.5 -2. ]
Slicing  [-3.5 -1.5 -1.5]  to  [-3.  -1.  -1.5]
Slicing  [-3.5 -0.5 -2.5]  to  [-3.5 -1.  -2. ]
Slicing  [-3.5 -0.5 -2.5]  to  [-3.  -1.  -2.5]
Slicing  [-3.5 -0.5 -2.5]  to  [-3.  -0.5 -2. ]
Slicing  [-2.5 -1.5 -2.5]  to  [-3.  -1.5 -2. ]
Slicing  [-2.5 -1.5 -2.5]  to  [-3.  -1.  -2.5]
Slicing  [-2.5 -1.5 -2.5]  to  [-2.5 -1.  -2. ]
Slicing  [-2.5 -0.5 -1.5]  to  [-3.  -1.  -1.5]
Slicing  [-2.5 -0.5 -1.5]  to  [-3.  -0.5 -2. ]
Slicing  [-2.5 -0.5 -1.5]  to  [-2.5 -1.  -2. ]

Generating Report for BZ [-3 -1 -2]

Combining all 94 BZ

BZ [-3 -1 -2] done. Total time elapsed 05:05:49
Processing BZ [ 1 -1  2], path segments from Gamma to X

6 symmetrically equivalent path segments
[[ 0.   0.   0.  -0.5  0.   0. ]
 [ 0.   0.   0.   0.  -0.5  0. ]
 [ 0.   0.   0.   0.   0.  -0.5]
 [ 0.   0.   0.   0.   0.   0.5]
 [ 0.   0.   0.   0.   0.5  0. ]
 [ 0.   0.   0.   0.5  0.   0. ]]
Slicing  [ 1. -1.  2.]  to  [ 0.5 -1.   2. ]
Slicing  [ 1. -1.  2.]  to  [ 1.  -1.5  2. ]
Slicing  [ 1. -1.  2.]  to  [ 1.  -1.   1.5]


Processed: 4373/4462 (98.01%) | Elapsed: 05:05:36 | BZ Folding estimated remaining time: 00:06:13


Slicing  [ 1. -1.  2.]  to  [ 1.  -1.   2.5]
Slicing  [ 1. -1.  2.]  to  [ 1.  -0.5  2. ]
Slicing  [ 1. -1.  2.]  to  [ 1.5 -1.   2. ]
Processing BZ [ 1 -1  2], path segments from X to M

12 symmetrically equivalent path segments
[[-0.5  0.   0.  -0.5  0.  -0.5]
 [-0.5  0.   0.  -0.5  0.   0.5]
 [ 0.  -0.5  0.  -0.5 -0.5  0. ]
 [ 0.  -0.5  0.   0.5 -0.5  0. ]
 [ 0.   0.  -0.5  0.  -0.5 -0.5]
 [ 0.   0.  -0.5  0.   0.5 -0.5]
 [ 0.   0.   0.5  0.  -0.5  0.5]
 [ 0.   0.   0.5  0.   0.5  0.5]
 [ 0.   0.5  0.  -0.5  0.5  0. ]
 [ 0.   0.5  0.   0.5  0.5  0. ]
 [ 0.5  0.   0.   0.5  0.  -0.5]
 [ 0.5  0.   0.   0.5  0.   0.5]]
Slicing  [ 0.5 -1.   2. ]  to  [ 0.5 -1.   1.5]
Slicing  [ 0.5 -1.   2. ]  to  [ 0.5 -1.   2.5]
Slicing  [ 1.  -1.5  2. ]  to  [ 0.5 -1.5  2. ]
Slicing  [ 1.  -1.5  2. ]  to  [ 1.5 -1.5  2. ]
Slicing  [ 1.  -1.   1.5]  to  [ 1.  -1.5  1.5]
Slicing  [ 1.  -1.   1.5]  to  [ 1.  -0.5  1.5]
Slicing  [ 1.  -1.   2.5]  to  [ 1.  -1.5  2.5]
Slicing  [ 1.  -1.   2.5]  to  [ 1.  -0.5  2.5]
Slicing  [ 1.  -0.5  2. ]  to  [ 0.5 -0.5  2. ]
Slicing  [ 1.  -0.5  2. ]  to  [ 1.5 -0.5  2. ]
Slicing  [ 1.5 -1.   2. ]  to  [ 1.5 -1.   1.5]
Slicing  [ 1.5 -1.   2. ]  to  [ 1.5 -1.   2.5]
Processing BZ [ 1 -1  2], path segments from M to Gamma

12 symmetrically equivalent path segments
[[-0.5 -0.5  0.   0.   0.   0. ]
 [-0.5  0.  -0.5  0.   0.   0. ]
 [-0.5  0.   0.5  0.   0.   0. ]
 [-0.5  0.5  0.   0.   0.   0. ]
 [ 0.  -0.5 -0.5  0.   0.   0. ]
 [ 0.  -0.5  0.5  0.   0.   0. ]
 [ 0.   0.5 -0.5  0.   0.   0. ]
 [ 0.   0.5  0.5  0.   0.   0. ]
 [ 0.5 -0.5  0.   0.   0.   0. ]
 [ 0.5  0.  -0.5  0.   0.   0. ]
 [ 0.5  0.   0.5  0.   0.   0. ]
 [ 0.5  0.5  0.   0.   0.   0. ]]
Slicing  [ 0.5 -1.5  2. ]  to  [ 1. -1.  2.]
Slicing  [ 0.5 -1.   1.5]  to  [ 1. -1.  2.]
Slicing  [ 0.5 -1.   2.5]  to  [ 1. -1.  2.]
Slicing  [ 0.5 -0.5  2. ]  to  [ 1. -1.  2.]
Slicing  [ 1.  -1.5  1.5]  to  [ 1. -1.  2.]
Slicing  [ 1.  -1.5  2.5]  to  [ 1. -1.  2.]
Slicing  [ 1.  -0.5  1.5]  to  [ 1. -1.  2.]
Slicing  [ 1.  -0.5  2.5]  to  [ 1. -1.  2.]
Slicing  [ 1.5 -1.5  2. ]  to  [ 1. -1.  2.]
Slicing  [ 1.5 -1.   1.5]  to  [ 1. -1.  2.]
Slicing  [ 1.5 -1.   2.5]  to  [ 1. -1.  2.]
Slicing  [ 1.5 -0.5  2. ]  to  [ 1. -1.  2.]
Processing BZ [ 1 -1  2], path segments from Gamma to R

4 symmetrically equivalent path segments
[[ 0.   0.   0.  -0.5 -0.5  0.5]
 [ 0.   0.   0.  -0.5  0.5 -0.5]
 [ 0.   0.   0.   0.5 -0.5 -0.5]
 [ 0.   0.   0.   0.5  0.5  0.5]]
Slicing  [ 1. -1.  2.]  to  [ 0.5 -1.5  2.5]
Slicing  [ 1. -1.  2.]  to  [ 0.5 -0.5  1.5]
Slicing  [ 1. -1.  2.]  to  [ 1.5 -1.5  1.5]
Slicing  [ 1. -1.  2.]  to  [ 1.5 -0.5  2.5]
Processing BZ [ 1 -1  2], path segments from R to X

12 symmetrically equivalent path segments
[[-0.5 -0.5  0.5 -0.5  0.   0. ]
 [-0.5 -0.5  0.5  0.  -0.5  0. ]
 [-0.5 -0.5  0.5  0.   0.   0.5]
 [-0.5  0.5 -0.5 -0.5  0.   0. ]
 [-0.5  0.5 -0.5  0.   0.  -0.5]
 [-0.5  0.5 -0.5  0.   0.5  0. ]
 [ 0.5 -0.5 -0.5  0.  -0.5  0. ]
 [ 0.5 -0.5 -0.5  0.   0.  -0.5]
 [ 0.5 -0.5 -0.5  0.5  0.   0. ]
 [ 0.5  0.5  0.5  0.   0.   0.5]
 [ 0.5  0.5  0.5  0.   0.5  0. ]
 [ 0.5  0.5  0.5  0.5  0.   0. ]]
Slicing  [ 0.5 -1.5  2.5]  to  [ 0.5 -1.   2. ]
Slicing  [ 0.5 -1.5  2.5]  to  [ 1.  -1.5  2. ]
Slicing  [ 0.5 -1.5  2.5]  to  [ 1.  -1.   2.5]
Slicing  [ 0.5 -0.5  1.5]  to  [ 0.5 -1.   2. ]
Slicing  [ 0.5 -0.5  1.5]  to  [ 1.  -1.   1.5]
Slicing  [ 0.5 -0.5  1.5]  to  [ 1.  -0.5  2. ]
Slicing  [ 1.5 -1.5  1.5]  to  [ 1.  -1.5  2. ]
Slicing  [ 1.5 -1.5  1.5]  to  [ 1.  -1.   1.5]
Slicing  [ 1.5 -1.5  1.5]  to  [ 1.5 -1.   2. ]
Slicing  [ 1.5 -0.5  2.5]  to  [ 1.  -1.   2.5]
Slicing  [ 1.5 -0.5  2.5]  to  [ 1.  -0.5  2. ]
Slicing  [ 1.5 -0.5  2.5]  to  [ 1.5 -1.   2. ]

Generating Report for BZ [ 1 -1  2]

Combining all 95 BZ

BZ [ 1 -1  2] done. Total time elapsed 05:09:36
Processing BZ [-2  0  1], path segments from Gamma to X

6 symmetrically equivalent path segments
[[ 0.   0.   0.  -0.5  0.   0. ]
 [ 0.   0.   0.   0.  -0.5  0. ]
 [ 0.   0.   0.   0.   0.  -0.5]
 [ 0.   0.   0.   0.   0.   0.5]
 [ 0.   0.   0.   0.   0.5  0. ]
 [ 0.   0.   0.   0.5  0.   0. ]]
Slicing  [-2.  0.  1.]  to  [-2.5  0.   1. ]
Slicing  [-2.  0.  1.]  to  [-2.  -0.5  1. ]
Slicing  [-2.  0.  1.]  to  [-2.   0.   0.5]
Slicing  [-2.  0.  1.]  to  [-2.   0.   1.5]
Slicing  [-2.  0.  1.]  to  [-2.   0.5  1. ]
Slicing  [-2.  0.  1.]  to  [-1.5  0.   1. ]
Processing BZ [-2  0  1], path segments from X to M

12 symmetrically equivalent path segments
[[-0.5  0.   0.  -0.5  0.  -0.5]
 [-0.5  0.   0.  -0.5  0.   0.5]
 [ 0.  -0.5  0.  -0.5 -0.5  0. ]
 [ 0.  -0.5  0.   0.5 -0.5  0. ]
 [ 0.   0.  -0.5  0.  -0.5 -0.5]
 [ 0.   0.  -0.5  0.   0.5 -0.5]
 [ 0.   0.   0.5  0.  -0.5  0.5]
 [ 0.   0.   0.5  0.   0.5  0.5]
 [ 0.   0.5  0.  -0.5  0.5  0. ]
 [ 0.   0.5  0.   0.5  0.5  0. ]
 [ 0.5  0.   0.   0.5  0.  -0.5]
 [ 0.5  0.   0.   0.5  0.   0.5]]
Slicing  [-2.5  0.   1. ]  to  [-2.5  0.   0.5]
Slicing  [-2.5  0.   1. ]  to  [-2.5  0.   1.5]
Slicing  [-2.  -0.5  1. ]  to  [-2.5 -0.5  1. ]
Slicing  [-2.  -0.5  1. ]  to  [-1.5 -0.5  1. ]
Slicing  [-2.   0.   0.5]  to  [-2.  -0.5  0.5]
Slicing  [-2.   0.   0.5]  to  [-2.   0.5  0.5]
Slicing  [-2.   0.   1.5]  to  [-2.  -0.5  1.5]
Slicing  [-2.   0.   1.5]  to  [-2.   0.5  1.5]
Slicing  [-2.   0.5  1. ]  to  [-2.5  0.5  1. ]
Slicing  [-2.   0.5  1. ]  to  [-1.5  0.5  1. ]
Slicing  [-1.5  0.   1. ]  to  [-1.5  0.   0.5]
Slicing  [-1.5  0.   1. ]  to  [-1.5  0.   1.5]
Processing BZ [-2  0  1], path segments from M to Gamma

12 symmetrically equivalent path segments
[[-0.5 -0.5  0.   0.   0.   0. ]
 [-0.5  0.  -0.5  0.   0.   0. ]
 [-0.5  0.   0.5  0.   0.   0. ]
 [-0.5  0.5  0.   0.   0.   0. ]
 [ 0.  -0.5 -0.5  0.   0.   0. ]
 [ 0.  -0.5  0.5  0.   0.   0. ]
 [ 0.   0.5 -0.5  0.   0.   0. ]
 [ 0.   0.5  0.5  0.   0.   0. ]
 [ 0.5 -0.5  0.   0.   0.   0. ]
 [ 0.5  0.  -0.5  0.   0.   0. ]
 [ 0.5  0.   0.5  0.   0.   0. ]
 [ 0.5  0.5  0.   0.   0.   0. ]]
Slicing  [-2.5 -0.5  1. ]  to  [-2.  0.  1.]
Slicing  [-2.5  0.   0.5]  to  [-2.  0.  1.]
Slicing  [-2.5  0.   1.5]  to  [-2.  0.  1.]
Slicing  [-2.5  0.5  1. ]  to  [-2.  0.  1.]
Slicing  [-2.  -0.5  0.5]  to  [-2.  0.  1.]
Slicing  [-2.  -0.5  1.5]  to  [-2.  0.  1.]
Slicing  [-2.   0.5  0.5]  to  [-2.  0.  1.]
Slicing  [-2.   0.5  1.5]  to  [-2.  0.  1.]
Slicing  [-1.5 -0.5  1. ]  to  [-2.  0.  1.]
Slicing  [-1.5  0.   0.5]  to  [-2.  0.  1.]
Slicing  [-1.5  0.   1.5]  to  [-2.  0.  1.]
Slicing  [-1.5  0.5  1. ]  to  [-2.  0.  1.]
Processing BZ [-2  0  1], path segments from Gamma to R

4 symmetrically equivalent path segments
[[ 0.   0.   0.  -0.5 -0.5  0.5]
 [ 0.   0.   0.  -0.5  0.5 -0.5]
 [ 0.   0.   0.   0.5 -0.5 -0.5]
 [ 0.   0.   0.   0.5  0.5  0.5]]
Slicing  [-2.  0.  1.]  to  [-2.5 -0.5  1.5]
Slicing  [-2.  0.  1.]  to  [-2.5  0.5  0.5]
Slicing  [-2.  0.  1.]  to  [-1.5 -0.5  0.5]
Slicing  [-2.  0.  1.]  to  [-1.5  0.5  1.5]
Processing BZ [-2  0  1], path segments from R to X

12 symmetrically equivalent path segments
[[-0.5 -0.5  0.5 -0.5  0.   0. ]
 [-0.5 -0.5  0.5  0.  -0.5  0. ]
 [-0.5 -0.5  0.5  0.   0.   0.5]
 [-0.5  0.5 -0.5 -0.5  0.   0. ]
 [-0.5  0.5 -0.5  0.   0.  -0.5]
 [-0.5  0.5 -0.5  0.   0.5  0. ]
 [ 0.5 -0.5 -0.5  0.  -0.5  0. ]
 [ 0.5 -0.5 -0.5  0.   0.  -0.5]
 [ 0.5 -0.5 -0.5  0.5  0.   0. ]
 [ 0.5  0.5  0.5  0.   0.   0.5]
 [ 0.5  0.5  0.5  0.   0.5  0. ]
 [ 0.5  0.5  0.5  0.5  0.   0. ]]
Slicing  [-2.5 -0.5  1.5]  to  [-2.5  0.   1. ]
Slicing  [-2.5 -0.5  1.5]  to  [-2.  -0.5  1. ]
Slicing  [-2.5 -0.5  1.5]  to  [-2.   0.   1.5]
Slicing  [-2.5  0.5  0.5]  to  [-2.5  0.   1. ]
Slicing  [-2.5  0.5  0.5]  to  [-2.   0.   0.5]
Slicing  [-2.5  0.5  0.5]  to  [-2.   0.5  1. ]
Slicing  [-1.5 -0.5  0.5]  to  [-2.  -0.5  1. ]
Slicing  [-1.5 -0.5  0.5]  to  [-2.   0.   0.5]
Slicing  [-1.5 -0.5  0.5]  to  [-1.5  0.   1. ]
Slicing  [-1.5  0.5  1.5]  to  [-2.   0.   1.5]
Slicing  [-1.5  0.5  1.5]  to  [-2.   0.5  1. ]
Slicing  [-1.5  0.5  1.5]  to  [-1.5  0.   1. ]


Processed: 4462/4462 (100.00%) | Elapsed: 05:11:55 | BZ Folding estimated remaining time: 00:00:00



Generating Report for BZ [-2  0  1]

Combining all 96 BZ

BZ [-2  0  1] done. Total time elapsed 05:12:50

Folded 97 BZ in 05:12:50
