   8   64
   1   1
    14.369843375708415    -0.483132301244361    -0.176808380510832
    -0.176808380510832    14.369843375708413    -0.483132301244360
    -0.483132301244360    -0.176808380510832    14.369843375708415
   1   2
    -0.109023000000000    -0.006859000000000    -0.080468500000000
    -0.006277000000000     0.011492500000000     0.074079500000000
    -0.079939000000000     0.074218000000000     0.073736500000000
   1   3
     0.073736500000000    -0.079939000000000     0.074218000000000
    -0.080468500000000    -0.109023000000000    -0.006859000000000
     0.074079500000000    -0.006277000000000     0.011492500000000
   1   4
    -0.044094000000000     0.048638000000000     0.016464500000000
     0.047804000000000    -0.082119500000000    -0.002714500000000
     0.016497000000000    -0.002402000000000     0.097361000000000
   1   5
     0.011492500000000     0.074079500000000    -0.006277000000000
     0.074218000000000     0.073736500000000    -0.079939000000000
    -0.006859000000000    -0.080468500000000    -0.109023000000000
   1   6
    -0.082119500000000    -0.002714500000000     0.047804000000000
    -0.002402000000000     0.097361000000000     0.016497000000000
     0.048638000000000     0.016464500000000    -0.044094000000000
   1   7
     0.097361000000000     0.016497000000000    -0.002402000000000
     0.016464500000000    -0.044094000000000     0.048638000000000
    -0.002714500000000     0.047804000000000    -0.082119500000000
   1   8
    -0.076604500000000     0.038694500000000     0.038246500000000
     0.038246500000000    -0.076604500000000     0.038694500000000
     0.038694500000000     0.038246500000000    -0.076604500000000
   1   9
    -0.068223000000000    -0.002326000000000    -0.173575000000000
    -0.054862000000000    -0.006485000000000    -0.134893500000000
    -0.103455000000000    -0.004290000000000    -0.246612000000000
   1  10
    -0.068318500000000     0.056007000000000     0.103935500000000
     0.002690000000000    -0.006595500000000    -0.004810500000000
     0.173778000000000    -0.134568000000000    -0.246244000000000
   1  11
    -0.031607500000000     0.072518500000000    -0.035820000000000
     0.037478500000000    -0.030194500000000     0.064371500000000
     0.044336500000000    -0.180519000000000    -0.014329500000000
   1  12
    -0.032442500000000    -0.036221000000000    -0.043443000000000
    -0.072587500000000    -0.029658000000000    -0.180340000000000
     0.035674500000000     0.063351000000000    -0.014065000000000
   1  13
    -1.624643606634944    -0.553117500000000     1.010288655740613
    -1.464655434150111    -0.661359500000000     0.488242000000000
     0.543439500000000    -0.311806500000000    -0.128613500000000
   1  14
    -1.126339366331886     1.020025155223026    -0.543496500000000
     0.553011000000000    -0.661719499999999    -0.312101500000000
    -1.057760191225929     0.488621500000000    -0.128302000000000
   1  15
    -0.061548500000000     0.084484500000000    -0.075039500000000
     0.080139000000000    -0.126507000000000     0.067227000000000
    -0.010107500000000    -0.116027000000000     0.087466000000000
   1  16
    -0.061860000000000    -0.079630500000000     0.010193500000000
    -0.084071500000000    -0.126176500000000    -0.116622500000000
     0.075201500000000     0.067638500000000     0.087684500000000
   1  17
    -0.246612000000000    -0.103455000000000    -0.004290000000000
    -0.173575000000000    -0.068223000000000    -0.002326000000000
    -0.134893500000000    -0.054862000000000    -0.006485000000000
   1  18
    -0.128613500000000     0.543439500000000    -0.311806500000000
     1.010288655740613    -1.624643606634944    -0.553117500000000
     0.488242000000000    -1.464655434150111    -0.661359500000000
   1  19
    -0.246244000000000     0.173778000000000    -0.134568000000000
     0.103935500000000    -0.068318500000000     0.056007000000000
    -0.004810500000000     0.002690000000000    -0.006595500000000
   1  20
    -0.128302000000000    -1.057760191225929     0.488621500000000
    -0.543496500000000    -1.126339366331886     1.020025155223026
    -0.312101500000000     0.553011000000000    -0.661719499999999
   1  21
    -0.014329500000000     0.044336500000000    -0.180519000000000
    -0.035820000000000    -0.031607500000000     0.072518500000000
     0.064371500000000     0.037478500000000    -0.030194500000000
   1  22
     0.087466000000000    -0.010107500000000    -0.116027000000000
    -0.075039500000000    -0.061548500000000     0.084484500000000
     0.067227000000000     0.080139000000000    -0.126507000000000
   1  23
    -0.014065000000000     0.035674500000000     0.063351000000000
    -0.043443000000000    -0.032442500000000    -0.036221000000000
    -0.180340000000000    -0.072587500000000    -0.029658000000000
   1  24
     0.087684500000000     0.075201500000000     0.067638500000000
     0.010193500000000    -0.061860000000000    -0.079630500000000
    -0.116622500000000    -0.084071500000000    -0.126176500000000
   1  25
    -0.006485000000000    -0.134893500000000    -0.054862000000000
    -0.004290000000000    -0.246612000000000    -0.103455000000000
    -0.002326000000000    -0.173575000000000    -0.068223000000000
   1  26
    -0.030194500000000     0.064371500000000     0.037478500000000
    -0.180519000000000    -0.014329500000000     0.044336500000000
     0.072518500000000    -0.035820000000000    -0.031607500000000
   1  27
    -0.661359500000000     0.488242000000000    -1.464655434150111
    -0.311806500000000    -0.128613500000000     0.543439500000000
    -0.553117500000000     1.010288655740613    -1.624643606634944
   1  28
    -0.126507000000000     0.067227000000000     0.080139000000000
    -0.116027000000000     0.087466000000000    -0.010107500000000
     0.084484500000000    -0.075039500000000    -0.061548500000000
   1  29
    -0.006595500000000    -0.004810500000000     0.002690000000000
    -0.134568000000000    -0.246244000000000     0.173778000000000
     0.056007000000000     0.103935500000000    -0.068318500000000
   1  30
    -0.029658000000000    -0.180340000000000    -0.072587500000000
     0.063351000000000    -0.014065000000000     0.035674500000000
    -0.036221000000000    -0.043443000000000    -0.032442500000000
   1  31
    -0.661719499999999    -0.312101500000000     0.553011000000000
     0.488621500000000    -0.128302000000000    -1.057760191225929
     1.020025155223026    -0.543496500000000    -1.126339366331886
   1  32
    -0.126176500000000    -0.116622500000000    -0.084071500000000
     0.067638500000000     0.087684500000000     0.075201500000000
    -0.079630500000000     0.010193500000000    -0.061860000000000
   1  33
     0.037889000000000     0.009165000000000     0.029625500000000
     0.029625500000000     0.037889000000000     0.009165000000000
     0.009165000000000     0.029625500000000     0.037889000000000
   1  34
    -0.052802500000000     0.033006000000000     0.036067000000000
    -0.030074500000000     0.049373500000000     0.036094000000000
     0.004680500000000     0.075410000000000     0.090609000000000
   1  35
     0.090609000000000     0.004680500000000     0.075410000000000
     0.036067000000000    -0.052802500000000     0.033006000000000
     0.036094000000000    -0.030074500000000     0.049373500000000
   1  36
    -0.069228000000000    -0.025497000000000     0.019060000000000
    -0.104426500000000    -0.054153000000000     0.045621500000000
     0.035468500000000    -0.007718000000000    -0.049723000000000
   1  37
     0.049373500000000     0.036094000000000    -0.030074500000000
     0.075410000000000     0.090609000000000     0.004680500000000
     0.033006000000000     0.036067000000000    -0.052802500000000
   1  38
    -0.054153000000000     0.045621500000000    -0.104426500000000
    -0.007718000000000    -0.049723000000000     0.035468500000000
    -0.025497000000000     0.019060000000000    -0.069228000000000
   1  39
    -0.049723000000000     0.035468500000000    -0.007718000000000
     0.019060000000000    -0.069228000000000    -0.025497000000000
     0.045621500000000    -0.104426500000000    -0.054153000000000
   1  40
    -1.327796090713633    -1.563780988478050    -1.809185499932988
    -1.809185499932988    -1.327796090713633    -1.563780988478050
    -1.563780988478050    -1.809185499932988    -1.327796090713633
   1  41
    -0.387006500000000    -0.093591000000000    -0.155076000000000
    -0.239088500000000    -1.058687499999999    -0.165122000000000
     0.008243500000000     0.252887500000000    -0.324618500000000
   1  42
     0.050168500000000    -0.117711500000000    -0.055865000000000
     0.039561000000000    -0.025285500000000    -0.003287500000000
    -0.021509500000000    -0.019646500000000    -0.155317500000000
   1  43
    -0.985706000000000     1.654867825725313     0.048328000000000
     2.264126158853318    -4.337112312027952     0.247656500000000
    -0.034972500000000     0.405245000000000    -0.424288000000000
   1  44
    -0.003575000000000     0.044219500000000     0.019547500000000
     0.088235000000000    -0.030233000000000     0.054425000000000
    -0.009864500000000     0.020502000000000    -0.061998000000000
   1  45
    -0.046253000000000     0.033595000000000     0.028572500000000
     0.001261000000000     0.016571000000000    -0.024849000000000
    -0.033664500000000    -0.012472500000000     0.059009500000000
   1  46
     0.022477000000000     0.006707500000000    -0.008321000000000
    -0.003103500000000    -0.000964500000000    -0.004913000000000
    -0.000159500000000     0.018273000000000     0.066970000000000
   1  47
    -0.006980500000000     0.082508000000000     0.086902000000000
     0.031739500000000    -0.077030000000000     0.054286500000000
     0.004476500000000    -0.008149500000000     0.077968000000000
   1  48
     0.027183000000000     0.021980000000000    -0.052045000000000
    -0.008329500000000     0.021598000000000    -0.040502500000000
     0.023239500000000     0.014795500000000     0.045043500000000
   1  49
    -0.324618500000000     0.008243500000000     0.252887500000000
    -0.155076000000000    -0.387006500000000    -0.093591000000000
    -0.165122000000000    -0.239088500000000    -1.058687499999999
   1  50
     0.059009500000000    -0.033664500000000    -0.012472500000000
     0.028572500000000    -0.046253000000000     0.033595000000000
    -0.024849000000000     0.001261000000000     0.016571000000000
   1  51
    -0.155317500000000    -0.021509500000000    -0.019646500000000
    -0.055865000000000     0.050168500000000    -0.117711500000000
    -0.003287500000000     0.039561000000000    -0.025285500000000
   1  52
     0.066970000000000    -0.000159500000000     0.018273000000000
    -0.008321000000000     0.022477000000000     0.006707500000000
    -0.004913000000000    -0.003103500000000    -0.000964500000000
   1  53
    -0.424288000000000    -0.034972500000000     0.405245000000000
     0.048328000000000    -0.985706000000000     1.654867825725313
     0.247656500000000     2.264126158853318    -4.337112312027952
   1  54
     0.077968000000000     0.004476500000000    -0.008149500000000
     0.086902000000000    -0.006980500000000     0.082508000000000
     0.054286500000000     0.031739500000000    -0.077030000000000
   1  55
    -0.061998000000000    -0.009864500000000     0.020502000000000
     0.019547500000000    -0.003575000000000     0.044219500000000
     0.054425000000000     0.088235000000000    -0.030233000000000
   1  56
     0.045043500000000     0.023239500000000     0.014795500000000
    -0.052045000000000     0.027183000000000     0.021980000000000
    -0.040502500000000    -0.008329500000000     0.021598000000000
   1  57
    -1.058687499999999    -0.165122000000000    -0.239088500000000
     0.252887500000000    -0.324618500000000     0.008243500000000
    -0.093591000000000    -0.155076000000000    -0.387006500000000
   1  58
    -4.337112312027952     0.247656500000000     2.264126158853318
     0.405245000000000    -0.424288000000000    -0.034972500000000
     1.654867825725313     0.048328000000000    -0.985706000000000
   1  59
     0.016571000000000    -0.024849000000000     0.001261000000000
    -0.012472500000000     0.059009500000000    -0.033664500000000
     0.033595000000000     0.028572500000000    -0.046253000000000
   1  60
    -0.077030000000000     0.054286500000000     0.031739500000000
    -0.008149500000000     0.077968000000000     0.004476500000000
     0.082508000000000     0.086902000000000    -0.006980500000000
   1  61
    -0.025285500000000    -0.003287500000000     0.039561000000000
    -0.019646500000000    -0.155317500000000    -0.021509500000000
    -0.117711500000000    -0.055865000000000     0.050168500000000
   1  62
    -0.030233000000000     0.054425000000000     0.088235000000000
     0.020502000000000    -0.061998000000000    -0.009864500000000
     0.044219500000000     0.019547500000000    -0.003575000000000
   1  63
    -0.000964500000000    -0.004913000000000    -0.003103500000000
     0.018273000000000     0.066970000000000    -0.000159500000000
     0.006707500000000    -0.008321000000000     0.022477000000000
   1  64
     0.021598000000000    -0.040502500000000    -0.008329500000000
     0.014795500000000     0.045043500000000     0.023239500000000
     0.021980000000000    -0.052045000000000     0.027183000000000
   9   1
    -0.068318500000000    -0.056007000000000    -0.103935500000000
    -0.002690000000000    -0.006595500000000    -0.004810500000000
    -0.173778000000000    -0.134568000000000    -0.246244000000000
   9   2
    -0.068223000000000     0.002326000000000     0.173575000000000
     0.054862000000000    -0.006485000000000    -0.134893500000000
     0.103455000000000    -0.004290000000000    -0.246612000000000
   9   3
    -0.032442500000000     0.036221000000000     0.043443000000000
     0.072587500000000    -0.029658000000000    -0.180340000000000
    -0.035674500000000     0.063351000000000    -0.014065000000000
   9   4
    -0.031607500000000    -0.072518500000000     0.035820000000000
    -0.037478500000000    -0.030194500000000     0.064371500000000
    -0.044336500000000    -0.180519000000000    -0.014329500000000
   9   5
    -1.126339366331886    -1.020025155223026     0.543496500000000
    -0.553011000000000    -0.661719499999999    -0.312101500000000
     1.057760191225929     0.488621500000000    -0.128302000000000
   9   6
    -1.624643606634944     0.553117500000000    -1.010288655740613
     1.464655434150111    -0.661359500000000     0.488242000000000
    -0.543439500000000    -0.311806500000000    -0.128613500000000
   9   7
    -0.061860000000000     0.079630500000000    -0.010193500000000
     0.084071500000000    -0.126176500000000    -0.116622500000000
    -0.075201500000000     0.067638500000000     0.087684500000000
   9   8
    -0.061548500000000    -0.084484500000000     0.075039500000000
    -0.080139000000000    -0.126507000000000     0.067227000000000
     0.010107500000000    -0.116027000000000     0.087466000000000
   9   9
    14.369843375708419     0.483132301244361     0.176808380510832
     0.176808380510832    14.369843375708417    -0.483132301244361
     0.483132301244360    -0.176808380510833    14.369843375708413
   9  10
    -0.109023000000000     0.006859000000000     0.080468500000000
     0.006277000000000     0.011492500000000     0.074079500000000
     0.079939000000000     0.074218000000000     0.073736500000000
   9  11
     0.073736500000000     0.079939000000000    -0.074218000000000
     0.080468500000000    -0.109023000000000    -0.006859000000000
    -0.074079500000000    -0.006277000000000     0.011492500000000
   9  12
    -0.044094000000000    -0.048638000000000    -0.016464500000000
    -0.047804000000000    -0.082119500000000    -0.002714500000000
    -0.016497000000000    -0.002402000000000     0.097361000000000
   9  13
     0.011492500000000    -0.074079500000000     0.006277000000000
    -0.074218000000000     0.073736500000000    -0.079939000000000
     0.006859000000000    -0.080468500000000    -0.109023000000000
   9  14
    -0.082119500000000     0.002714500000000    -0.047804000000000
     0.002402000000000     0.097361000000000     0.016497000000000
    -0.048638000000000     0.016464500000000    -0.044094000000000
   9  15
     0.097361000000000    -0.016497000000000     0.002402000000000
    -0.016464500000000    -0.044094000000000     0.048638000000000
     0.002714500000000     0.047804000000000    -0.082119500000000
   9  16
    -0.076604500000000    -0.038694500000000    -0.038246500000000
    -0.038246500000000    -0.076604500000000     0.038694500000000
    -0.038694500000000     0.038246500000000    -0.076604500000000
   9  17
    -0.661359500000000    -0.488242000000000     1.464655434150111
     0.311806500000000    -0.128613500000000     0.543439500000000
     0.553117500000000     1.010288655740613    -1.624643606634944
   9  18
    -0.126507000000000    -0.067227000000000    -0.080139000000000
     0.116027000000000     0.087466000000000    -0.010107500000000
    -0.084484500000000    -0.075039500000000    -0.061548500000000
   9  19
    -0.006485000000000     0.134893500000000     0.054862000000000
     0.004290000000000    -0.246612000000000    -0.103455000000000
     0.002326000000000    -0.173575000000000    -0.068223000000000
   9  20
    -0.030194500000000    -0.064371500000000    -0.037478500000000
     0.180519000000000    -0.014329500000000     0.044336500000000
    -0.072518500000000    -0.035820000000000    -0.031607500000000
   9  21
    -0.661719499999999     0.312101500000000    -0.553011000000000
    -0.488621500000000    -0.128302000000000    -1.057760191225929
    -1.020025155223026    -0.543496500000000    -1.126339366331886
   9  22
    -0.126176500000000     0.116622500000000     0.084071500000000
    -0.067638500000000     0.087684500000000     0.075201500000000
     0.079630500000000     0.010193500000000    -0.061860000000000
   9  23
    -0.006595500000000     0.004810500000000    -0.002690000000000
     0.134568000000000    -0.246244000000000     0.173778000000000
    -0.056007000000000     0.103935500000000    -0.068318500000000
   9  24
    -0.029658000000000     0.180340000000000     0.072587500000000
    -0.063351000000000    -0.014065000000000     0.035674500000000
     0.036221000000000    -0.043443000000000    -0.032442500000000
   9  25
    -0.128302000000000     1.057760191225929    -0.488621500000000
     0.543496500000000    -1.126339366331886     1.020025155223026
     0.312101500000000     0.553011000000000    -0.661719499999999
   9  26
    -0.246244000000000    -0.173778000000000     0.134568000000000
    -0.103935500000000    -0.068318500000000     0.056007000000000
     0.004810500000000     0.002690000000000    -0.006595500000000
   9  27
    -0.128613500000000    -0.543439500000000     0.311806500000000
    -1.010288655740613    -1.624643606634944    -0.553117500000000
    -0.488242000000000    -1.464655434150111    -0.661359500000000
   9  28
    -0.246612000000000     0.103455000000000     0.004290000000000
     0.173575000000000    -0.068223000000000    -0.002326000000000
     0.134893500000000    -0.054862000000000    -0.006485000000000
   9  29
     0.087684500000000    -0.075201500000000    -0.067638500000000
    -0.010193500000000    -0.061860000000000    -0.079630500000000
     0.116622500000000    -0.084071500000000    -0.126176500000000
   9  30
    -0.014065000000000    -0.035674500000000    -0.063351000000000
     0.043443000000000    -0.032442500000000    -0.036221000000000
     0.180340000000000    -0.072587500000000    -0.029658000000000
   9  31
     0.087466000000000     0.010107500000000     0.116027000000000
     0.075039500000000    -0.061548500000000     0.084484500000000
    -0.067227000000000     0.080139000000000    -0.126507000000000
   9  32
    -0.014329500000000    -0.044336500000000     0.180519000000000
     0.035820000000000    -0.031607500000000     0.072518500000000
    -0.064371500000000     0.037478500000000    -0.030194500000000
   9  33
    -0.985706000000000    -1.654867825725313    -0.048328000000000
    -2.264126158853318    -4.337112312027952     0.247656500000000
     0.034972500000000     0.405245000000000    -0.424288000000000
   9  34
    -0.003575000000000    -0.044219500000000    -0.019547500000000
    -0.088235000000000    -0.030233000000000     0.054425000000000
     0.009864500000000     0.020502000000000    -0.061998000000000
   9  35
    -0.387006500000000     0.093591000000000     0.155076000000000
     0.239088500000000    -1.058687499999999    -0.165122000000000
    -0.008243500000000     0.252887500000000    -0.324618500000000
   9  36
     0.050168500000000     0.117711500000000     0.055865000000000
    -0.039561000000000    -0.025285500000000    -0.003287500000000
     0.021509500000000    -0.019646500000000    -0.155317500000000
   9  37
    -0.006980500000000    -0.082508000000000    -0.086902000000000
    -0.031739500000000    -0.077030000000000     0.054286500000000
    -0.004476500000000    -0.008149500000000     0.077968000000000
   9  38
     0.027183000000000    -0.021980000000000     0.052045000000000
     0.008329500000000     0.021598000000000    -0.040502500000000
    -0.023239500000000     0.014795500000000     0.045043500000000
   9  39
    -0.046253000000000    -0.033595000000000    -0.028572500000000
    -0.001261000000000     0.016571000000000    -0.024849000000000
     0.033664500000000    -0.012472500000000     0.059009500000000
   9  40
     0.022477000000000    -0.006707500000000     0.008321000000000
     0.003103500000000    -0.000964500000000    -0.004913000000000
     0.000159500000000     0.018273000000000     0.066970000000000
   9  41
    -0.069228000000000     0.025497000000000    -0.019060000000000
     0.104426500000000    -0.054153000000000     0.045621500000000
    -0.035468500000000    -0.007718000000000    -0.049723000000000
   9  42
     0.090609000000000    -0.004680500000000    -0.075410000000000
    -0.036067000000000    -0.052802500000000     0.033006000000000
    -0.036094000000000    -0.030074500000000     0.049373500000000
   9  43
    -0.052802500000000    -0.033006000000000    -0.036067000000000
     0.030074500000000     0.049373500000000     0.036094000000000
    -0.004680500000000     0.075410000000000     0.090609000000000
   9  44
     0.037889000000000    -0.009165000000000    -0.029625500000000
    -0.029625500000000     0.037889000000000     0.009165000000000
    -0.009165000000000     0.029625500000000     0.037889000000000
   9  45
    -1.327796090713633     1.563780988478050     1.809185499932988
     1.809185499932988    -1.327796090713633    -1.563780988478050
     1.563780988478050    -1.809185499932988    -1.327796090713633
   9  46
    -0.049723000000000    -0.035468500000000     0.007718000000000
    -0.019060000000000    -0.069228000000000    -0.025497000000000
    -0.045621500000000    -0.104426500000000    -0.054153000000000
   9  47
    -0.054153000000000    -0.045621500000000     0.104426500000000
     0.007718000000000    -0.049723000000000     0.035468500000000
     0.025497000000000     0.019060000000000    -0.069228000000000
   9  48
     0.049373500000000    -0.036094000000000     0.030074500000000
    -0.075410000000000     0.090609000000000     0.004680500000000
    -0.033006000000000     0.036067000000000    -0.052802500000000
   9  49
    -4.337112312027952    -0.247656500000000    -2.264126158853318
    -0.405245000000000    -0.424288000000000    -0.034972500000000
    -1.654867825725313     0.048328000000000    -0.985706000000000
   9  50
    -1.058687499999999     0.165122000000000     0.239088500000000
    -0.252887500000000    -0.324618500000000     0.008243500000000
     0.093591000000000    -0.155076000000000    -0.387006500000000
   9  51
    -0.077030000000000    -0.054286500000000    -0.031739500000000
     0.008149500000000     0.077968000000000     0.004476500000000
    -0.082508000000000     0.086902000000000    -0.006980500000000
   9  52
     0.016571000000000     0.024849000000000    -0.001261000000000
     0.012472500000000     0.059009500000000    -0.033664500000000
    -0.033595000000000     0.028572500000000    -0.046253000000000
   9  53
    -0.030233000000000    -0.054425000000000    -0.088235000000000
    -0.020502000000000    -0.061998000000000    -0.009864500000000
    -0.044219500000000     0.019547500000000    -0.003575000000000
   9  54
    -0.025285500000000     0.003287500000000    -0.039561000000000
     0.019646500000000    -0.155317500000000    -0.021509500000000
     0.117711500000000    -0.055865000000000     0.050168500000000
   9  55
     0.021598000000000     0.040502500000000     0.008329500000000
    -0.014795500000000     0.045043500000000     0.023239500000000
    -0.021980000000000    -0.052045000000000     0.027183000000000
   9  56
    -0.000964500000000     0.004913000000000     0.003103500000000
    -0.018273000000000     0.066970000000000    -0.000159500000000
    -0.006707500000000    -0.008321000000000     0.022477000000000
   9  57
    -0.324618500000000    -0.008243500000000    -0.252887500000000
     0.155076000000000    -0.387006500000000    -0.093591000000000
     0.165122000000000    -0.239088500000000    -1.058687499999999
   9  58
     0.059009500000000     0.033664500000000     0.012472500000000
    -0.028572500000000    -0.046253000000000     0.033595000000000
     0.024849000000000     0.001261000000000     0.016571000000000
   9  59
    -0.155317500000000     0.021509500000000     0.019646500000000
     0.055865000000000     0.050168500000000    -0.117711500000000
     0.003287500000000     0.039561000000000    -0.025285500000000
   9  60
     0.066970000000000     0.000159500000000    -0.018273000000000
     0.008321000000000     0.022477000000000     0.006707500000000
     0.004913000000000    -0.003103500000000    -0.000964500000000
   9  61
    -0.424288000000000     0.034972500000000    -0.405245000000000
    -0.048328000000000    -0.985706000000000     1.654867825725313
    -0.247656500000000     2.264126158853318    -4.337112312027952
   9  62
     0.077968000000000    -0.004476500000000     0.008149500000000
    -0.086902000000000    -0.006980500000000     0.082508000000000
    -0.054286500000000     0.031739500000000    -0.077030000000000
   9  63
    -0.061998000000000     0.009864500000000    -0.020502000000000
    -0.019547500000000    -0.003575000000000     0.044219500000000
    -0.054425000000000     0.088235000000000    -0.030233000000000
   9  64
     0.045043500000000    -0.023239500000000    -0.014795500000000
     0.052045000000000     0.027183000000000     0.021980000000000
     0.040502500000000    -0.008329500000000     0.021598000000000
  17   1
    -0.246244000000000    -0.173778000000000    -0.134568000000000
    -0.103935500000000    -0.068318500000000    -0.056007000000000
    -0.004810500000000    -0.002690000000000    -0.006595500000000
  17   2
    -0.128302000000000     1.057760191225929     0.488621500000000
     0.543496500000000    -1.126339366331886    -1.020025155223026
    -0.312101500000000    -0.553011000000000    -0.661719499999999
  17   3
    -0.246612000000000     0.103455000000000    -0.004290000000000
     0.173575000000000    -0.068223000000000     0.002326000000000
    -0.134893500000000     0.054862000000000    -0.006485000000000
  17   4
    -0.128613500000000    -0.543439500000000    -0.311806500000000
    -1.010288655740613    -1.624643606634944     0.553117500000000
     0.488242000000000     1.464655434150111    -0.661359500000000
  17   5
    -0.014065000000000    -0.035674500000000     0.063351000000000
     0.043443000000000    -0.032442500000000     0.036221000000000
    -0.180340000000000     0.072587500000000    -0.029658000000000
  17   6
     0.087684500000000    -0.075201500000000     0.067638500000000
    -0.010193500000000    -0.061860000000000     0.079630500000000
    -0.116622500000000     0.084071500000000    -0.126176500000000
  17   7
    -0.014329500000000    -0.044336500000000    -0.180519000000000
     0.035820000000000    -0.031607500000000    -0.072518500000000
     0.064371500000000    -0.037478500000000    -0.030194500000000
  17   8
     0.087466000000000     0.010107500000000    -0.116027000000000
     0.075039500000000    -0.061548500000000    -0.084484500000000
     0.067227000000000    -0.080139000000000    -0.126507000000000
  17   9
    -0.661719499999999     0.312101500000000     0.553011000000000
    -0.488621500000000    -0.128302000000000     1.057760191225929
     1.020025155223026     0.543496500000000    -1.126339366331886
  17  10
    -0.126176500000000     0.116622500000000    -0.084071500000000
    -0.067638500000000     0.087684500000000    -0.075201500000000
    -0.079630500000000    -0.010193500000000    -0.061860000000000
  17  11
    -0.006595500000000     0.004810500000000     0.002690000000000
     0.134568000000000    -0.246244000000000    -0.173778000000000
     0.056007000000000    -0.103935500000000    -0.068318500000000
  17  12
    -0.029658000000000     0.180340000000000    -0.072587500000000
    -0.063351000000000    -0.014065000000000    -0.035674500000000
    -0.036221000000000     0.043443000000000    -0.032442500000000
  17  13
    -0.661359500000000    -0.488242000000000    -1.464655434150111
     0.311806500000000    -0.128613500000000    -0.543439500000000
    -0.553117500000000    -1.010288655740613    -1.624643606634944
  17  14
    -0.126507000000000    -0.067227000000000     0.080139000000000
     0.116027000000000     0.087466000000000     0.010107500000000
     0.084484500000000     0.075039500000000    -0.061548500000000
  17  15
    -0.006485000000000     0.134893500000000    -0.054862000000000
     0.004290000000000    -0.246612000000000     0.103455000000000
    -0.002326000000000     0.173575000000000    -0.068223000000000
  17  16
    -0.030194500000000    -0.064371500000000     0.037478500000000
     0.180519000000000    -0.014329500000000    -0.044336500000000
     0.072518500000000     0.035820000000000    -0.031607500000000
  17  17
    14.369843375708413     0.483132301244361    -0.176808380510833
     0.176808380510833    14.369843375708413     0.483132301244360
    -0.483132301244361     0.176808380510832    14.369843375708415
  17  18
    -0.109023000000000     0.006859000000000    -0.080468500000000
     0.006277000000000     0.011492500000000    -0.074079500000000
    -0.079939000000000    -0.074218000000000     0.073736500000000
  17  19
     0.073736500000000     0.079939000000000     0.074218000000000
     0.080468500000000    -0.109023000000000     0.006859000000000
     0.074079500000000     0.006277000000000     0.011492500000000
  17  20
    -0.044094000000000    -0.048638000000000     0.016464500000000
    -0.047804000000000    -0.082119500000000     0.002714500000000
     0.016497000000000     0.002402000000000     0.097361000000000
  17  21
     0.011492500000000    -0.074079500000000    -0.006277000000000
    -0.074218000000000     0.073736500000000     0.079939000000000
    -0.006859000000000     0.080468500000000    -0.109023000000000
  17  22
    -0.082119500000000     0.002714500000000     0.047804000000000
     0.002402000000000     0.097361000000000    -0.016497000000000
     0.048638000000000    -0.016464500000000    -0.044094000000000
  17  23
     0.097361000000000    -0.016497000000000    -0.002402000000000
    -0.016464500000000    -0.044094000000000    -0.048638000000000
    -0.002714500000000    -0.047804000000000    -0.082119500000000
  17  24
    -0.076604500000000    -0.038694500000000     0.038246500000000
    -0.038246500000000    -0.076604500000000    -0.038694500000000
     0.038694500000000    -0.038246500000000    -0.076604500000000
  17  25
    -1.624643606634944     0.553117500000000     1.010288655740613
     1.464655434150111    -0.661359500000000    -0.488242000000000
     0.543439500000000     0.311806500000000    -0.128613500000000
  17  26
    -1.126339366331886    -1.020025155223026    -0.543496500000000
    -0.553011000000000    -0.661719499999999     0.312101500000000
    -1.057760191225929    -0.488621500000000    -0.128302000000000
  17  27
    -0.061548500000000    -0.084484500000000    -0.075039500000000
    -0.080139000000000    -0.126507000000000    -0.067227000000000
    -0.010107500000000     0.116027000000000     0.087466000000000
  17  28
    -0.061860000000000     0.079630500000000     0.010193500000000
     0.084071500000000    -0.126176500000000     0.116622500000000
     0.075201500000000    -0.067638500000000     0.087684500000000
  17  29
    -0.068223000000000     0.002326000000000    -0.173575000000000
     0.054862000000000    -0.006485000000000     0.134893500000000
    -0.103455000000000     0.004290000000000    -0.246612000000000
  17  30
    -0.068318500000000    -0.056007000000000     0.103935500000000
    -0.002690000000000    -0.006595500000000     0.004810500000000
     0.173778000000000     0.134568000000000    -0.246244000000000
  17  31
    -0.031607500000000    -0.072518500000000    -0.035820000000000
    -0.037478500000000    -0.030194500000000    -0.064371500000000
     0.044336500000000     0.180519000000000    -0.014329500000000
  17  32
    -0.032442500000000     0.036221000000000    -0.043443000000000
     0.072587500000000    -0.029658000000000     0.180340000000000
     0.035674500000000    -0.063351000000000    -0.014065000000000
  17  33
    -0.424288000000000     0.034972500000000     0.405245000000000
    -0.048328000000000    -0.985706000000000    -1.654867825725313
     0.247656500000000    -2.264126158853318    -4.337112312027952
  17  34
     0.077968000000000    -0.004476500000000    -0.008149500000000
    -0.086902000000000    -0.006980500000000    -0.082508000000000
     0.054286500000000    -0.031739500000000    -0.077030000000000
  17  35
    -0.061998000000000     0.009864500000000     0.020502000000000
    -0.019547500000000    -0.003575000000000    -0.044219500000000
     0.054425000000000    -0.088235000000000    -0.030233000000000
  17  36
     0.045043500000000    -0.023239500000000     0.014795500000000
     0.052045000000000     0.027183000000000    -0.021980000000000
    -0.040502500000000     0.008329500000000     0.021598000000000
  17  37
    -0.324618500000000    -0.008243500000000     0.252887500000000
     0.155076000000000    -0.387006500000000     0.093591000000000
    -0.165122000000000     0.239088500000000    -1.058687499999999
  17  38
     0.059009500000000     0.033664500000000    -0.012472500000000
    -0.028572500000000    -0.046253000000000    -0.033595000000000
    -0.024849000000000    -0.001261000000000     0.016571000000000
  17  39
    -0.155317500000000     0.021509500000000    -0.019646500000000
     0.055865000000000     0.050168500000000     0.117711500000000
    -0.003287500000000    -0.039561000000000    -0.025285500000000
  17  40
     0.066970000000000     0.000159500000000     0.018273000000000
     0.008321000000000     0.022477000000000    -0.006707500000000
    -0.004913000000000     0.003103500000000    -0.000964500000000
  17  41
    -1.058687499999999     0.165122000000000    -0.239088500000000
    -0.252887500000000    -0.324618500000000    -0.008243500000000
    -0.093591000000000     0.155076000000000    -0.387006500000000
  17  42
    -4.337112312027952    -0.247656500000000     2.264126158853318
    -0.405245000000000    -0.424288000000000     0.034972500000000
     1.654867825725313    -0.048328000000000    -0.985706000000000
  17  43
     0.016571000000000     0.024849000000000     0.001261000000000
     0.012472500000000     0.059009500000000     0.033664500000000
     0.033595000000000    -0.028572500000000    -0.046253000000000
  17  44
    -0.077030000000000    -0.054286500000000     0.031739500000000
     0.008149500000000     0.077968000000000    -0.004476500000000
     0.082508000000000    -0.086902000000000    -0.006980500000000
  17  45
    -0.025285500000000     0.003287500000000     0.039561000000000
     0.019646500000000    -0.155317500000000     0.021509500000000
    -0.117711500000000     0.055865000000000     0.050168500000000
  17  46
    -0.030233000000000    -0.054425000000000     0.088235000000000
    -0.020502000000000    -0.061998000000000     0.009864500000000
     0.044219500000000    -0.019547500000000    -0.003575000000000
  17  47
    -0.000964500000000     0.004913000000000    -0.003103500000000
    -0.018273000000000     0.066970000000000     0.000159500000000
     0.006707500000000     0.008321000000000     0.022477000000000
  17  48
     0.021598000000000     0.040502500000000    -0.008329500000000
    -0.014795500000000     0.045043500000000    -0.023239500000000
     0.021980000000000     0.052045000000000     0.027183000000000
  17  49
    -0.049723000000000    -0.035468500000000    -0.007718000000000
    -0.019060000000000    -0.069228000000000     0.025497000000000
     0.045621500000000     0.104426500000000    -0.054153000000000
  17  50
    -1.327796090713633     1.563780988478050    -1.809185499932988
     1.809185499932988    -1.327796090713633     1.563780988478050
    -1.563780988478050     1.809185499932988    -1.327796090713633
  17  51
     0.049373500000000    -0.036094000000000    -0.030074500000000
    -0.075410000000000     0.090609000000000    -0.004680500000000
     0.033006000000000    -0.036067000000000    -0.052802500000000
  17  52
    -0.054153000000000    -0.045621500000000    -0.104426500000000
     0.007718000000000    -0.049723000000000    -0.035468500000000
    -0.025497000000000    -0.019060000000000    -0.069228000000000
  17  53
     0.090609000000000    -0.004680500000000     0.075410000000000
    -0.036067000000000    -0.052802500000000    -0.033006000000000
     0.036094000000000     0.030074500000000     0.049373500000000
  17  54
    -0.069228000000000     0.025497000000000     0.019060000000000
     0.104426500000000    -0.054153000000000    -0.045621500000000
     0.035468500000000     0.007718000000000    -0.049723000000000
  17  55
     0.037889000000000    -0.009165000000000     0.029625500000000
    -0.029625500000000     0.037889000000000    -0.009165000000000
     0.009165000000000    -0.029625500000000     0.037889000000000
  17  56
    -0.052802500000000    -0.033006000000000     0.036067000000000
     0.030074500000000     0.049373500000000    -0.036094000000000
     0.004680500000000    -0.075410000000000     0.090609000000000
  17  57
    -0.985706000000000    -1.654867825725313     0.048328000000000
    -2.264126158853318    -4.337112312027952    -0.247656500000000
    -0.034972500000000    -0.405245000000000    -0.424288000000000
  17  58
    -0.003575000000000    -0.044219500000000     0.019547500000000
    -0.088235000000000    -0.030233000000000    -0.054425000000000
    -0.009864500000000    -0.020502000000000    -0.061998000000000
  17  59
    -0.387006500000000     0.093591000000000    -0.155076000000000
     0.239088500000000    -1.058687499999999     0.165122000000000
     0.008243500000000    -0.252887500000000    -0.324618500000000
  17  60
     0.050168500000000     0.117711500000000    -0.055865000000000
    -0.039561000000000    -0.025285500000000     0.003287500000000
    -0.021509500000000     0.019646500000000    -0.155317500000000
  17  61
    -0.006980500000000    -0.082508000000000     0.086902000000000
    -0.031739500000000    -0.077030000000000    -0.054286500000000
     0.004476500000000     0.008149500000000     0.077968000000000
  17  62
     0.027183000000000    -0.021980000000000    -0.052045000000000
     0.008329500000000     0.021598000000000     0.040502500000000
     0.023239500000000    -0.014795500000000     0.045043500000000
  17  63
    -0.046253000000000    -0.033595000000000     0.028572500000000
    -0.001261000000000     0.016571000000000     0.024849000000000
    -0.033664500000000     0.012472500000000     0.059009500000000
  17  64
     0.022477000000000    -0.006707500000000    -0.008321000000000
     0.003103500000000    -0.000964500000000     0.004913000000000
    -0.000159500000000    -0.018273000000000     0.066970000000000
  25   1
    -0.006595500000000    -0.004810500000000    -0.002690000000000
    -0.134568000000000    -0.246244000000000    -0.173778000000000
    -0.056007000000000    -0.103935500000000    -0.068318500000000
  25   2
    -0.029658000000000    -0.180340000000000     0.072587500000000
     0.063351000000000    -0.014065000000000    -0.035674500000000
     0.036221000000000     0.043443000000000    -0.032442500000000
  25   3
    -0.661719499999999    -0.312101500000000    -0.553011000000000
     0.488621500000000    -0.128302000000000     1.057760191225929
    -1.020025155223026     0.543496500000000    -1.126339366331886
  25   4
    -0.126176500000000    -0.116622500000000     0.084071500000000
     0.067638500000000     0.087684500000000    -0.075201500000000
     0.079630500000000    -0.010193500000000    -0.061860000000000
  25   5
    -0.006485000000000    -0.134893500000000     0.054862000000000
    -0.004290000000000    -0.246612000000000     0.103455000000000
     0.002326000000000     0.173575000000000    -0.068223000000000
  25   6
    -0.030194500000000     0.064371500000000    -0.037478500000000
    -0.180519000000000    -0.014329500000000    -0.044336500000000
    -0.072518500000000     0.035820000000000    -0.031607500000000
  25   7
    -0.661359500000000     0.488242000000000     1.464655434150111
    -0.311806500000000    -0.128613500000000    -0.543439500000000
     0.553117500000000    -1.010288655740613    -1.624643606634944
  25   8
    -0.126507000000000     0.067227000000000    -0.080139000000000
    -0.116027000000000     0.087466000000000     0.010107500000000
    -0.084484500000000     0.075039500000000    -0.061548500000000
  25   9
    -0.128613500000000     0.543439500000000     0.311806500000000
     1.010288655740613    -1.624643606634944     0.553117500000000
    -0.488242000000000     1.464655434150111    -0.661359500000000
  25  10
    -0.246612000000000    -0.103455000000000     0.004290000000000
    -0.173575000000000    -0.068223000000000     0.002326000000000
     0.134893500000000     0.054862000000000    -0.006485000000000
  25  11
    -0.128302000000000    -1.057760191225929    -0.488621500000000
    -0.543496500000000    -1.126339366331886    -1.020025155223026
     0.312101500000000    -0.553011000000000    -0.661719499999999
  25  12
    -0.246244000000000     0.173778000000000     0.134568000000000
     0.103935500000000    -0.068318500000000    -0.056007000000000
     0.004810500000000    -0.002690000000000    -0.006595500000000
  25  13
     0.087466000000000    -0.010107500000000     0.116027000000000
    -0.075039500000000    -0.061548500000000    -0.084484500000000
    -0.067227000000000    -0.080139000000000    -0.126507000000000
  25  14
    -0.014329500000000     0.044336500000000     0.180519000000000
    -0.035820000000000    -0.031607500000000    -0.072518500000000
    -0.064371500000000    -0.037478500000000    -0.030194500000000
  25  15
     0.087684500000000     0.075201500000000    -0.067638500000000
     0.010193500000000    -0.061860000000000     0.079630500000000
     0.116622500000000     0.084071500000000    -0.126176500000000
  25  16
    -0.014065000000000     0.035674500000000    -0.063351000000000
    -0.043443000000000    -0.032442500000000     0.036221000000000
     0.180340000000000     0.072587500000000    -0.029658000000000
  25  17
    -1.126339366331886     1.020025155223026     0.543496500000000
     0.553011000000000    -0.661719499999999     0.312101500000000
     1.057760191225929    -0.488621500000000    -0.128302000000000
  25  18
    -1.624643606634944    -0.553117500000000    -1.010288655740613
    -1.464655434150111    -0.661359500000000    -0.488242000000000
    -0.543439500000000     0.311806500000000    -0.128613500000000
  25  19
    -0.061860000000000    -0.079630500000000    -0.010193500000000
    -0.084071500000000    -0.126176500000000     0.116622500000000
    -0.075201500000000    -0.067638500000000     0.087684500000000
  25  20
    -0.061548500000000     0.084484500000000     0.075039500000000
     0.080139000000000    -0.126507000000000    -0.067227000000000
     0.010107500000000     0.116027000000000     0.087466000000000
  25  21
    -0.068318500000000     0.056007000000000    -0.103935500000000
     0.002690000000000    -0.006595500000000     0.004810500000000
    -0.173778000000000     0.134568000000000    -0.246244000000000
  25  22
    -0.068223000000000    -0.002326000000000     0.173575000000000
    -0.054862000000000    -0.006485000000000     0.134893500000000
     0.103455000000000     0.004290000000000    -0.246612000000000
  25  23
    -0.032442500000000    -0.036221000000000     0.043443000000000
    -0.072587500000000    -0.029658000000000     0.180340000000000
    -0.035674500000000    -0.063351000000000    -0.014065000000000
  25  24
    -0.031607500000000     0.072518500000000     0.035820000000000
     0.037478500000000    -0.030194500000000    -0.064371500000000
    -0.044336500000000     0.180519000000000    -0.014329500000000
  25  25
    14.369843375708417    -0.483132301244361     0.176808380510833
    -0.176808380510832    14.369843375708415     0.483132301244361
     0.483132301244361     0.176808380510833    14.369843375708419
  25  26
    -0.109023000000000    -0.006859000000000     0.080468500000000
    -0.006277000000000     0.011492500000000    -0.074079500000000
     0.079939000000000    -0.074218000000000     0.073736500000000
  25  27
     0.073736500000000    -0.079939000000000    -0.074218000000000
    -0.080468500000000    -0.109023000000000     0.006859000000000
    -0.074079500000000     0.006277000000000     0.011492500000000
  25  28
    -0.044094000000000     0.048638000000000    -0.016464500000000
     0.047804000000000    -0.082119500000000     0.002714500000000
    -0.016497000000000     0.002402000000000     0.097361000000000
  25  29
     0.011492500000000     0.074079500000000     0.006277000000000
     0.074218000000000     0.073736500000000     0.079939000000000
     0.006859000000000     0.080468500000000    -0.109023000000000
  25  30
    -0.082119500000000    -0.002714500000000    -0.047804000000000
    -0.002402000000000     0.097361000000000    -0.016497000000000
    -0.048638000000000    -0.016464500000000    -0.044094000000000
  25  31
     0.097361000000000     0.016497000000000     0.002402000000000
     0.016464500000000    -0.044094000000000    -0.048638000000000
     0.002714500000000    -0.047804000000000    -0.082119500000000
  25  32
    -0.076604500000000     0.038694500000000    -0.038246500000000
     0.038246500000000    -0.076604500000000    -0.038694500000000
    -0.038694500000000    -0.038246500000000    -0.076604500000000
  25  33
    -4.337112312027952     0.247656500000000    -2.264126158853318
     0.405245000000000    -0.424288000000000     0.034972500000000
    -1.654867825725313    -0.048328000000000    -0.985706000000000
  25  34
    -1.058687499999999    -0.165122000000000     0.239088500000000
     0.252887500000000    -0.324618500000000    -0.008243500000000
     0.093591000000000     0.155076000000000    -0.387006500000000
  25  35
    -0.077030000000000     0.054286500000000    -0.031739500000000
    -0.008149500000000     0.077968000000000    -0.004476500000000
    -0.082508000000000    -0.086902000000000    -0.006980500000000
  25  36
     0.016571000000000    -0.024849000000000    -0.001261000000000
    -0.012472500000000     0.059009500000000     0.033664500000000
    -0.033595000000000    -0.028572500000000    -0.046253000000000
  25  37
    -0.030233000000000     0.054425000000000    -0.088235000000000
     0.020502000000000    -0.061998000000000     0.009864500000000
    -0.044219500000000    -0.019547500000000    -0.003575000000000
  25  38
    -0.025285500000000    -0.003287500000000    -0.039561000000000
    -0.019646500000000    -0.155317500000000     0.021509500000000
     0.117711500000000     0.055865000000000     0.050168500000000
  25  39
     0.021598000000000    -0.040502500000000     0.008329500000000
     0.014795500000000     0.045043500000000    -0.023239500000000
    -0.021980000000000     0.052045000000000     0.027183000000000
  25  40
    -0.000964500000000    -0.004913000000000     0.003103500000000
     0.018273000000000     0.066970000000000     0.000159500000000
    -0.006707500000000     0.008321000000000     0.022477000000000
  25  41
    -0.424288000000000    -0.034972500000000    -0.405245000000000
     0.048328000000000    -0.985706000000000    -1.654867825725313
    -0.247656500000000    -2.264126158853318    -4.337112312027952
  25  42
     0.077968000000000     0.004476500000000     0.008149500000000
     0.086902000000000    -0.006980500000000    -0.082508000000000
    -0.054286500000000    -0.031739500000000    -0.077030000000000
  25  43
    -0.061998000000000    -0.009864500000000    -0.020502000000000
     0.019547500000000    -0.003575000000000    -0.044219500000000
    -0.054425000000000    -0.088235000000000    -0.030233000000000
  25  44
     0.045043500000000     0.023239500000000    -0.014795500000000
    -0.052045000000000     0.027183000000000    -0.021980000000000
     0.040502500000000     0.008329500000000     0.021598000000000
  25  45
    -0.324618500000000     0.008243500000000    -0.252887500000000
    -0.155076000000000    -0.387006500000000     0.093591000000000
     0.165122000000000     0.239088500000000    -1.058687499999999
  25  46
     0.059009500000000    -0.033664500000000     0.012472500000000
     0.028572500000000    -0.046253000000000    -0.033595000000000
     0.024849000000000    -0.001261000000000     0.016571000000000
  25  47
    -0.155317500000000    -0.021509500000000     0.019646500000000
    -0.055865000000000     0.050168500000000     0.117711500000000
     0.003287500000000    -0.039561000000000    -0.025285500000000
  25  48
     0.066970000000000    -0.000159500000000    -0.018273000000000
    -0.008321000000000     0.022477000000000    -0.006707500000000
     0.004913000000000     0.003103500000000    -0.000964500000000
  25  49
    -0.387006500000000    -0.093591000000000     0.155076000000000
    -0.239088500000000    -1.058687499999999     0.165122000000000
    -0.008243500000000    -0.252887500000000    -0.324618500000000
  25  50
     0.050168500000000    -0.117711500000000     0.055865000000000
     0.039561000000000    -0.025285500000000     0.003287500000000
     0.021509500000000     0.019646500000000    -0.155317500000000
  25  51
    -0.985706000000000     1.654867825725313    -0.048328000000000
     2.264126158853318    -4.337112312027952    -0.247656500000000
     0.034972500000000    -0.405245000000000    -0.424288000000000
  25  52
    -0.003575000000000     0.044219500000000    -0.019547500000000
     0.088235000000000    -0.030233000000000    -0.054425000000000
     0.009864500000000    -0.020502000000000    -0.061998000000000
  25  53
    -0.046253000000000     0.033595000000000    -0.028572500000000
     0.001261000000000     0.016571000000000     0.024849000000000
     0.033664500000000     0.012472500000000     0.059009500000000
  25  54
     0.022477000000000     0.006707500000000     0.008321000000000
    -0.003103500000000    -0.000964500000000     0.004913000000000
     0.000159500000000    -0.018273000000000     0.066970000000000
  25  55
    -0.006980500000000     0.082508000000000    -0.086902000000000
     0.031739500000000    -0.077030000000000    -0.054286500000000
    -0.004476500000000     0.008149500000000     0.077968000000000
  25  56
     0.027183000000000     0.021980000000000     0.052045000000000
    -0.008329500000000     0.021598000000000     0.040502500000000
    -0.023239500000000    -0.014795500000000     0.045043500000000
  25  57
    -0.054153000000000     0.045621500000000     0.104426500000000
    -0.007718000000000    -0.049723000000000    -0.035468500000000
     0.025497000000000    -0.019060000000000    -0.069228000000000
  25  58
     0.049373500000000     0.036094000000000     0.030074500000000
     0.075410000000000     0.090609000000000    -0.004680500000000
    -0.033006000000000    -0.036067000000000    -0.052802500000000
  25  59
    -1.327796090713633    -1.563780988478050     1.809185499932988
    -1.809185499932988    -1.327796090713633     1.563780988478050
     1.563780988478050     1.809185499932988    -1.327796090713633
  25  60
    -0.049723000000000     0.035468500000000     0.007718000000000
     0.019060000000000    -0.069228000000000     0.025497000000000
    -0.045621500000000     0.104426500000000    -0.054153000000000
  25  61
    -0.052802500000000     0.033006000000000    -0.036067000000000
    -0.030074500000000     0.049373500000000    -0.036094000000000
    -0.004680500000000    -0.075410000000000     0.090609000000000
  25  62
     0.037889000000000     0.009165000000000    -0.029625500000000
     0.029625500000000     0.037889000000000    -0.009165000000000
    -0.009165000000000    -0.029625500000000     0.037889000000000
  25  63
    -0.069228000000000    -0.025497000000000    -0.019060000000000
    -0.104426500000000    -0.054153000000000    -0.045621500000000
    -0.035468500000000     0.007718000000000    -0.049723000000000
  25  64
     0.090609000000000     0.004680500000000    -0.075410000000000
     0.036067000000000    -0.052802500000000    -0.033006000000000
    -0.036094000000000     0.030074500000000     0.049373500000000
  33   1
     0.038109000000000     0.029246500000000     0.009538500000000
     0.009538500000000     0.038109000000000     0.029246500000000
     0.029246500000000     0.009538500000000     0.038109000000000
  33   2
    -0.052588500000000    -0.030250000000000     0.005246000000000
     0.033140000000000     0.049286500000000     0.075383000000000
     0.036373500000000     0.036343500000000     0.090424000000000
  33   3
     0.090424000000000     0.036373500000000     0.036343500000000
     0.005246000000000    -0.052588500000000    -0.030250000000000
     0.075383000000000     0.033140000000000     0.049286500000000
  33   4
    -0.069398500000000    -0.104043500000000     0.035024500000000
    -0.025788500000000    -0.054216500000000    -0.008439500000000
     0.018750000000000     0.045198500000000    -0.049602500000000
  33   5
     0.049286500000000     0.075383000000000     0.033140000000000
     0.036343500000000     0.090424000000000     0.036373500000000
    -0.030250000000000     0.005246000000000    -0.052588500000000
  33   6
    -0.054216500000000    -0.008439500000000    -0.025788500000000
     0.045198500000000    -0.049602500000000     0.018750000000000
    -0.104043500000000     0.035024500000000    -0.069398500000000
  33   7
    -0.049602500000000     0.018750000000000     0.045198500000000
     0.035024500000000    -0.069398500000000    -0.104043500000000
    -0.008439500000000    -0.025788500000000    -0.054216500000000
  33   8
    -1.328959354726147    -1.428415686559234    -1.565277669170851
    -1.565277669170851    -1.328959354726147    -1.428415686559234
    -1.428415686559234    -1.565277669170851    -1.328959354726147
  33   9
    -0.986007500000000    -2.215244273878490     0.034501500000000
    -1.741368335679518    -4.186528128715186     0.405385000000000
    -0.047869000000000     0.247386500000000    -0.425041500000000
  33  10
    -0.003042000000000    -0.088888000000000     0.010505000000000
    -0.043533000000000    -0.031080000000000     0.020517000000000
    -0.019118500000000     0.053954500000000    -0.062002500000000
  33  11
    -0.387209500000000     0.238654500000000    -0.008273000000000
     0.093337500000000    -1.059175499999999     0.252486000000000
     0.155495500000000    -0.165533500000000    -0.325187500000000
  33  12
     0.050195000000000    -0.038913500000000     0.021325000000000
     0.117587000000000    -0.025095000000000    -0.019369000000000
     0.056194000000000    -0.003173000000000    -0.155581500000000
  33  13
    -0.007372000000000    -0.031347000000000    -0.004026500000000
    -0.082266500000000    -0.077167000000000    -0.008268500000000
    -0.087031000000000     0.054205000000000     0.078328500000000
  33  14
     0.027249000000000     0.008373500000000    -0.022838500000000
    -0.021892000000000     0.021344500000000     0.014654000000000
     0.052352500000000    -0.040625000000000     0.044548000000000
  33  15
    -0.046228500000000    -0.000492500000000     0.033638000000000
    -0.033831000000000     0.016773000000000    -0.013177500000000
    -0.028865500000000    -0.025707000000000     0.058786000000000
  33  16
     0.021610000000000     0.003480000000000     0.000654000000000
    -0.006372500000000    -0.001691000000000     0.017641000000000
     0.008544000000000    -0.005329500000000     0.066947500000000
  33  17
    -0.425041500000000    -0.047869000000000     0.247386500000000
     0.034501500000000    -0.986007500000000    -2.215244273878490
     0.405385000000000    -1.741368335679518    -4.186528128715186
  33  18
     0.078328500000000    -0.087031000000000     0.054205000000000
    -0.004026500000000    -0.007372000000000    -0.031347000000000
    -0.008268500000000    -0.082266500000000    -0.077167000000000
  33  19
    -0.062002500000000    -0.019118500000000     0.053954500000000
     0.010505000000000    -0.003042000000000    -0.088888000000000
     0.020517000000000    -0.043533000000000    -0.031080000000000
  33  20
     0.044548000000000     0.052352500000000    -0.040625000000000
    -0.022838500000000     0.027249000000000     0.008373500000000
     0.014654000000000    -0.021892000000000     0.021344500000000
  33  21
    -0.325187500000000     0.155495500000000    -0.165533500000000
    -0.008273000000000    -0.387209500000000     0.238654500000000
     0.252486000000000     0.093337500000000    -1.059175499999999
  33  22
     0.058786000000000    -0.028865500000000    -0.025707000000000
     0.033638000000000    -0.046228500000000    -0.000492500000000
    -0.013177500000000    -0.033831000000000     0.016773000000000
  33  23
    -0.155581500000000     0.056194000000000    -0.003173000000000
     0.021325000000000     0.050195000000000    -0.038913500000000
    -0.019369000000000     0.117587000000000    -0.025095000000000
  33  24
     0.066947500000000     0.008544000000000    -0.005329500000000
     0.000654000000000     0.021610000000000     0.003480000000000
     0.017641000000000    -0.006372500000000    -0.001691000000000
  33  25
    -4.186528128715186     0.405385000000000    -1.741368335679518
     0.247386500000000    -0.425041500000000    -0.047869000000000
    -2.215244273878490     0.034501500000000    -0.986007500000000
  33  26
    -1.059175499999999     0.252486000000000     0.093337500000000
    -0.165533500000000    -0.325187500000000     0.155495500000000
     0.238654500000000    -0.008273000000000    -0.387209500000000
  33  27
    -0.077167000000000    -0.008268500000000    -0.082266500000000
     0.054205000000000     0.078328500000000    -0.087031000000000
    -0.031347000000000    -0.004026500000000    -0.007372000000000
  33  28
     0.016773000000000    -0.013177500000000    -0.033831000000000
    -0.025707000000000     0.058786000000000    -0.028865500000000
    -0.000492500000000     0.033638000000000    -0.046228500000000
  33  29
    -0.031080000000000     0.020517000000000    -0.043533000000000
     0.053954500000000    -0.062002500000000    -0.019118500000000
    -0.088888000000000     0.010505000000000    -0.003042000000000
  33  30
    -0.025095000000000    -0.019369000000000     0.117587000000000
    -0.003173000000000    -0.155581500000000     0.056194000000000
    -0.038913500000000     0.021325000000000     0.050195000000000
  33  31
     0.021344500000000     0.014654000000000    -0.021892000000000
    -0.040625000000000     0.044548000000000     0.052352500000000
     0.008373500000000    -0.022838500000000     0.027249000000000
  33  32
    -0.001691000000000     0.017641000000000    -0.006372500000000
    -0.005329500000000     0.066947500000000     0.008544000000000
     0.003480000000000     0.000654000000000     0.021610000000000
  33  33
    11.916804483441332     2.710117960437723     2.585522504850368
     2.585522504850368    11.916804483441336     2.710117960437723
     2.710117960437723     2.585522504850369    11.916804483441336
  33  34
    -0.387210500000000     0.029371000000000    -0.015217500000000
     0.029863500000000     0.003729000000000    -0.023652500000000
    -0.014671000000000    -0.023538500000000     0.055255000000000
  33  35
     0.055255000000000    -0.014671000000000    -0.023538500000000
    -0.015217500000000    -0.387210500000000     0.029371000000000
    -0.023652500000000     0.029863500000000     0.003729000000000
  33  36
     0.001631000000000    -0.003466000000000    -0.006030000000000
    -0.003826500000000    -0.015482000000000    -0.000381000000000
    -0.006036500000000    -0.000866500000000     0.018008500000000
  33  37
     0.003729000000000    -0.023652500000000     0.029863500000000
    -0.023538500000000     0.055255000000000    -0.014671000000000
     0.029371000000000    -0.015217500000000    -0.387210500000000
  33  38
    -0.015482000000000    -0.000381000000000    -0.003826500000000
    -0.000866500000000     0.018008500000000    -0.006036500000000
    -0.003466000000000    -0.006030000000000     0.001631000000000
  33  39
     0.018008500000000    -0.006036500000000    -0.000866500000000
    -0.006030000000000     0.001631000000000    -0.003466000000000
    -0.000381000000000    -0.003826500000000    -0.015482000000000
  33  40
    -0.027361500000000    -0.007616000000000    -0.007384500000000
    -0.007384500000000    -0.027361500000000    -0.007616000000000
    -0.007616000000000    -0.007384500000000    -0.027361500000000
  33  41
    -0.037046000000000    -0.084517500000000    -0.297083500000000
    -0.086998000000000     0.039970000000000    -0.069147500000000
    -0.315475500000000    -0.049418000000000    -0.318577500000000
  33  42
    -0.037375500000000     0.087493000000000     0.314903000000000
     0.084008500000000     0.040637000000000    -0.049529500000000
     0.297105000000000    -0.069348000000000    -0.318668500000000
  33  43
     0.005002500000000     0.018790000000000     0.012313000000000
     0.024021000000000    -0.022790500000000    -0.001228500000000
    -0.019894000000000     0.028831500000000    -0.005143500000000
  33  44
     0.005507000000000    -0.024323500000000     0.019496000000000
    -0.018405500000000    -0.023084500000000     0.028506000000000
    -0.012376500000000    -0.000771500000000    -0.005140000000000
  33  45
    -0.898586500000000    -0.487301000000000     0.761163000000000
    -0.560197000000000     0.228190000000000     0.241056000000000
     0.809774000000000     0.259027000000000    -0.207747500000000
  33  46
    -0.898788500000000     0.560660000000000    -0.810065499999999
     0.486852500000000     0.228948500000000     0.259087000000000
    -0.761748500000000     0.242169000000000    -0.207378500000000
  33  47
    -0.034748000000000     0.092330000000000     0.025015500000000
     0.251181500000000    -0.210054500000000    -0.196337000000000
    -0.040031500000000     0.037188500000000     0.063466500000000
  33  48
    -0.035347000000000    -0.251624500000000     0.039748000000000
    -0.091602500000000    -0.210483000000000     0.036769000000000
    -0.025498000000000    -0.196300500000000     0.063437500000000
  33  49
    -0.318577500000000    -0.315475500000000    -0.049418000000000
    -0.297083500000000    -0.037046000000000    -0.084517500000000
    -0.069147500000000    -0.086998000000000     0.039970000000000
  33  50
    -0.207747500000000     0.809774000000000     0.259027000000000
     0.761163000000000    -0.898586500000000    -0.487301000000000
     0.241056000000000    -0.560197000000000     0.228190000000000
  33  51
    -0.318668500000000     0.297105000000000    -0.069348000000000
     0.314903000000000    -0.037375500000000     0.087493000000000
    -0.049529500000000     0.084008500000000     0.040637000000000
  33  52
    -0.207378500000000    -0.761748500000000     0.242169000000000
    -0.810065499999999    -0.898788500000000     0.560660000000000
     0.259087000000000     0.486852500000000     0.228948500000000
  33  53
    -0.005143500000000    -0.019894000000000     0.028831500000000
     0.012313000000000     0.005002500000000     0.018790000000000
    -0.001228500000000     0.024021000000000    -0.022790500000000
  33  54
     0.063466500000000    -0.040031500000000     0.037188500000000
     0.025015500000000    -0.034748000000000     0.092330000000000
    -0.196337000000000     0.251181500000000    -0.210054500000000
  33  55
    -0.005140000000000    -0.012376500000000    -0.000771500000000
     0.019496000000000     0.005507000000000    -0.024323500000000
     0.028506000000000    -0.018405500000000    -0.023084500000000
  33  56
     0.063437500000000    -0.025498000000000    -0.196300500000000
     0.039748000000000    -0.035347000000000    -0.251624500000000
     0.036769000000000    -0.091602500000000    -0.210483000000000
  33  57
     0.039970000000000    -0.069147500000000    -0.086998000000000
    -0.049418000000000    -0.318577500000000    -0.315475500000000
    -0.084517500000000    -0.297083500000000    -0.037046000000000
  33  58
    -0.022790500000000    -0.001228500000000     0.024021000000000
     0.028831500000000    -0.005143500000000    -0.019894000000000
     0.018790000000000     0.012313000000000     0.005002500000000
  33  59
     0.228190000000000     0.241056000000000    -0.560197000000000
     0.259027000000000    -0.207747500000000     0.809774000000000
    -0.487301000000000     0.761163000000000    -0.898586500000000
  33  60
    -0.210054500000000    -0.196337000000000     0.251181500000000
     0.037188500000000     0.063466500000000    -0.040031500000000
     0.092330000000000     0.025015500000000    -0.034748000000000
  33  61
     0.040637000000000    -0.049529500000000     0.084008500000000
    -0.069348000000000    -0.318668500000000     0.297105000000000
     0.087493000000000     0.314903000000000    -0.037375500000000
  33  62
    -0.023084500000000     0.028506000000000    -0.018405500000000
    -0.000771500000000    -0.005140000000000    -0.012376500000000
    -0.024323500000000     0.019496000000000     0.005507000000000
  33  63
     0.228948500000000     0.259087000000000     0.486852500000000
     0.242169000000000    -0.207378500000000    -0.761748500000000
     0.560660000000000    -0.810065499999999    -0.898788500000000
  33  64
    -0.210483000000000     0.036769000000000    -0.091602500000000
    -0.196300500000000     0.063437500000000    -0.025498000000000
    -0.251624500000000     0.039748000000000    -0.035347000000000
  41   1
    -0.387209500000000    -0.238654500000000     0.008273000000000
    -0.093337500000000    -1.059175499999999     0.252486000000000
    -0.155495500000000    -0.165533500000000    -0.325187500000000
  41   2
     0.050195000000000     0.038913500000000    -0.021325000000000
    -0.117587000000000    -0.025095000000000    -0.019369000000000
    -0.056194000000000    -0.003173000000000    -0.155581500000000
  41   3
    -0.986007500000000     2.215244273878490    -0.034501500000000
     1.741368335679518    -4.186528128715186     0.405385000000000
     0.047869000000000     0.247386500000000    -0.425041500000000
  41   4
    -0.003042000000000     0.088888000000000    -0.010505000000000
     0.043533000000000    -0.031080000000000     0.020517000000000
     0.019118500000000     0.053954500000000    -0.062002500000000
  41   5
    -0.046228500000000     0.000492500000000    -0.033638000000000
     0.033831000000000     0.016773000000000    -0.013177500000000
     0.028865500000000    -0.025707000000000     0.058786000000000
  41   6
     0.021610000000000    -0.003480000000000    -0.000654000000000
     0.006372500000000    -0.001691000000000     0.017641000000000
    -0.008544000000000    -0.005329500000000     0.066947500000000
  41   7
    -0.007372000000000     0.031347000000000     0.004026500000000
     0.082266500000000    -0.077167000000000    -0.008268500000000
     0.087031000000000     0.054205000000000     0.078328500000000
  41   8
     0.027249000000000    -0.008373500000000     0.022838500000000
     0.021892000000000     0.021344500000000     0.014654000000000
    -0.052352500000000    -0.040625000000000     0.044548000000000
  41   9
    -0.069398500000000     0.104043500000000    -0.035024500000000
     0.025788500000000    -0.054216500000000    -0.008439500000000
    -0.018750000000000     0.045198500000000    -0.049602500000000
  41  10
     0.090424000000000    -0.036373500000000    -0.036343500000000
    -0.005246000000000    -0.052588500000000    -0.030250000000000
    -0.075383000000000     0.033140000000000     0.049286500000000
  41  11
    -0.052588500000000     0.030250000000000    -0.005246000000000
    -0.033140000000000     0.049286500000000     0.075383000000000
    -0.036373500000000     0.036343500000000     0.090424000000000
  41  12
     0.038109000000000    -0.029246500000000    -0.009538500000000
    -0.009538500000000     0.038109000000000     0.029246500000000
    -0.029246500000000     0.009538500000000     0.038109000000000
  41  13
    -1.328959354726147     1.428415686559234     1.565277669170851
     1.565277669170851    -1.328959354726147    -1.428415686559234
     1.428415686559234    -1.565277669170851    -1.328959354726147
  41  14
    -0.049602500000000    -0.018750000000000    -0.045198500000000
    -0.035024500000000    -0.069398500000000    -0.104043500000000
     0.008439500000000    -0.025788500000000    -0.054216500000000
  41  15
    -0.054216500000000     0.008439500000000     0.025788500000000
    -0.045198500000000    -0.049602500000000     0.018750000000000
     0.104043500000000     0.035024500000000    -0.069398500000000
  41  16
     0.049286500000000    -0.075383000000000    -0.033140000000000
    -0.036343500000000     0.090424000000000     0.036373500000000
     0.030250000000000     0.005246000000000    -0.052588500000000
  41  17
    -1.059175499999999    -0.252486000000000    -0.093337500000000
     0.165533500000000    -0.325187500000000     0.155495500000000
    -0.238654500000000    -0.008273000000000    -0.387209500000000
  41  18
    -4.186528128715186    -0.405385000000000     1.741368335679518
    -0.247386500000000    -0.425041500000000    -0.047869000000000
     2.215244273878490     0.034501500000000    -0.986007500000000
  41  19
     0.016773000000000     0.013177500000000     0.033831000000000
     0.025707000000000     0.058786000000000    -0.028865500000000
     0.000492500000000     0.033638000000000    -0.046228500000000
  41  20
    -0.077167000000000     0.008268500000000     0.082266500000000
    -0.054205000000000     0.078328500000000    -0.087031000000000
     0.031347000000000    -0.004026500000000    -0.007372000000000
  41  21
    -0.025095000000000     0.019369000000000    -0.117587000000000
     0.003173000000000    -0.155581500000000     0.056194000000000
     0.038913500000000     0.021325000000000     0.050195000000000
  41  22
    -0.031080000000000    -0.020517000000000     0.043533000000000
    -0.053954500000000    -0.062002500000000    -0.019118500000000
     0.088888000000000     0.010505000000000    -0.003042000000000
  41  23
    -0.001691000000000    -0.017641000000000     0.006372500000000
     0.005329500000000     0.066947500000000     0.008544000000000
    -0.003480000000000     0.000654000000000     0.021610000000000
  41  24
     0.021344500000000    -0.014654000000000     0.021892000000000
     0.040625000000000     0.044548000000000     0.052352500000000
    -0.008373500000000    -0.022838500000000     0.027249000000000
  41  25
    -0.425041500000000     0.047869000000000    -0.247386500000000
    -0.034501500000000    -0.986007500000000    -2.215244273878490
    -0.405385000000000    -1.741368335679518    -4.186528128715186
  41  26
     0.078328500000000     0.087031000000000    -0.054205000000000
     0.004026500000000    -0.007372000000000    -0.031347000000000
     0.008268500000000    -0.082266500000000    -0.077167000000000
  41  27
    -0.062002500000000     0.019118500000000    -0.053954500000000
    -0.010505000000000    -0.003042000000000    -0.088888000000000
    -0.020517000000000    -0.043533000000000    -0.031080000000000
  41  28
     0.044548000000000    -0.052352500000000     0.040625000000000
     0.022838500000000     0.027249000000000     0.008373500000000
    -0.014654000000000    -0.021892000000000     0.021344500000000
  41  29
    -0.325187500000000    -0.155495500000000     0.165533500000000
     0.008273000000000    -0.387209500000000     0.238654500000000
    -0.252486000000000     0.093337500000000    -1.059175499999999
  41  30
     0.058786000000000     0.028865500000000     0.025707000000000
    -0.033638000000000    -0.046228500000000    -0.000492500000000
     0.013177500000000    -0.033831000000000     0.016773000000000
  41  31
    -0.155581500000000    -0.056194000000000     0.003173000000000
    -0.021325000000000     0.050195000000000    -0.038913500000000
     0.019369000000000     0.117587000000000    -0.025095000000000
  41  32
     0.066947500000000    -0.008544000000000     0.005329500000000
    -0.000654000000000     0.021610000000000     0.003480000000000
    -0.017641000000000    -0.006372500000000    -0.001691000000000
  41  33
    -0.037375500000000    -0.087493000000000    -0.314903000000000
    -0.084008500000000     0.040637000000000    -0.049529500000000
    -0.297105000000000    -0.069348000000000    -0.318668500000000
  41  34
    -0.037046000000000     0.084517500000000     0.297083500000000
     0.086998000000000     0.039970000000000    -0.069147500000000
     0.315475500000000    -0.049418000000000    -0.318577500000000
  41  35
     0.005507000000000     0.024323500000000    -0.019496000000000
     0.018405500000000    -0.023084500000000     0.028506000000000
     0.012376500000000    -0.000771500000000    -0.005140000000000
  41  36
     0.005002500000000    -0.018790000000000    -0.012313000000000
    -0.024021000000000    -0.022790500000000    -0.001228500000000
     0.019894000000000     0.028831500000000    -0.005143500000000
  41  37
    -0.898788500000000    -0.560660000000000     0.810065499999999
    -0.486852500000000     0.228948500000000     0.259087000000000
     0.761748500000000     0.242169000000000    -0.207378500000000
  41  38
    -0.898586500000000     0.487301000000000    -0.761163000000000
     0.560197000000000     0.228190000000000     0.241056000000000
    -0.809774000000000     0.259027000000000    -0.207747500000000
  41  39
    -0.035347000000000     0.251624500000000    -0.039748000000000
     0.091602500000000    -0.210483000000000     0.036769000000000
     0.025498000000000    -0.196300500000000     0.063437500000000
  41  40
    -0.034748000000000    -0.092330000000000    -0.025015500000000
    -0.251181500000000    -0.210054500000000    -0.196337000000000
     0.040031500000000     0.037188500000000     0.063466500000000
  41  41
    11.916804483441334    -2.710117960437723    -2.585522504850368
    -2.585522504850368    11.916804483441334     2.710117960437722
    -2.710117960437723     2.585522504850367    11.916804483441334
  41  42
    -0.387210500000000    -0.029371000000000     0.015217500000000
    -0.029863500000000     0.003729000000000    -0.023652500000000
     0.014671000000000    -0.023538500000000     0.055255000000000
  41  43
     0.055255000000000     0.014671000000000     0.023538500000000
     0.015217500000000    -0.387210500000000     0.029371000000000
     0.023652500000000     0.029863500000000     0.003729000000000
  41  44
     0.001631000000000     0.003466000000000     0.006030000000000
     0.003826500000000    -0.015482000000000    -0.000381000000000
     0.006036500000000    -0.000866500000000     0.018008500000000
  41  45
     0.003729000000000     0.023652500000000    -0.029863500000000
     0.023538500000000     0.055255000000000    -0.014671000000000
    -0.029371000000000    -0.015217500000000    -0.387210500000000
  41  46
    -0.015482000000000     0.000381000000000     0.003826500000000
     0.000866500000000     0.018008500000000    -0.006036500000000
     0.003466000000000    -0.006030000000000     0.001631000000000
  41  47
     0.018008500000000     0.006036500000000     0.000866500000000
     0.006030000000000     0.001631000000000    -0.003466000000000
     0.000381000000000    -0.003826500000000    -0.015482000000000
  41  48
    -0.027361500000000     0.007616000000000     0.007384500000000
     0.007384500000000    -0.027361500000000    -0.007616000000000
     0.007616000000000    -0.007384500000000    -0.027361500000000
  41  49
     0.228190000000000    -0.241056000000000     0.560197000000000
    -0.259027000000000    -0.207747500000000     0.809774000000000
     0.487301000000000     0.761163000000000    -0.898586500000000
  41  50
    -0.210054500000000     0.196337000000000    -0.251181500000000
    -0.037188500000000     0.063466500000000    -0.040031500000000
    -0.092330000000000     0.025015500000000    -0.034748000000000
  41  51
     0.039970000000000     0.069147500000000     0.086998000000000
     0.049418000000000    -0.318577500000000    -0.315475500000000
     0.084517500000000    -0.297083500000000    -0.037046000000000
  41  52
    -0.022790500000000     0.001228500000000    -0.024021000000000
    -0.028831500000000    -0.005143500000000    -0.019894000000000
    -0.018790000000000     0.012313000000000     0.005002500000000
  41  53
     0.228948500000000    -0.259087000000000    -0.486852500000000
    -0.242169000000000    -0.207378500000000    -0.761748500000000
    -0.560660000000000    -0.810065499999999    -0.898788500000000
  41  54
    -0.210483000000000    -0.036769000000000     0.091602500000000
     0.196300500000000     0.063437500000000    -0.025498000000000
     0.251624500000000     0.039748000000000    -0.035347000000000
  41  55
     0.040637000000000     0.049529500000000    -0.084008500000000
     0.069348000000000    -0.318668500000000     0.297105000000000
    -0.087493000000000     0.314903000000000    -0.037375500000000
  41  56
    -0.023084500000000    -0.028506000000000     0.018405500000000
     0.000771500000000    -0.005140000000000    -0.012376500000000
     0.024323500000000     0.019496000000000     0.005507000000000
  41  57
    -0.207378500000000     0.761748500000000    -0.242169000000000
     0.810065499999999    -0.898788500000000     0.560660000000000
    -0.259087000000000     0.486852500000000     0.228948500000000
  41  58
    -0.318668500000000    -0.297105000000000     0.069348000000000
    -0.314903000000000    -0.037375500000000     0.087493000000000
     0.049529500000000     0.084008500000000     0.040637000000000
  41  59
    -0.207747500000000    -0.809774000000000    -0.259027000000000
    -0.761163000000000    -0.898586500000000    -0.487301000000000
    -0.241056000000000    -0.560197000000000     0.228190000000000
  41  60
    -0.318577500000000     0.315475500000000     0.049418000000000
     0.297083500000000    -0.037046000000000    -0.084517500000000
     0.069147500000000    -0.086998000000000     0.039970000000000
  41  61
     0.063437500000000     0.025498000000000     0.196300500000000
    -0.039748000000000    -0.035347000000000    -0.251624500000000
    -0.036769000000000    -0.091602500000000    -0.210483000000000
  41  62
    -0.005140000000000     0.012376500000000     0.000771500000000
    -0.019496000000000     0.005507000000000    -0.024323500000000
    -0.028506000000000    -0.018405500000000    -0.023084500000000
  41  63
     0.063466500000000     0.040031500000000    -0.037188500000000
    -0.025015500000000    -0.034748000000000     0.092330000000000
     0.196337000000000     0.251181500000000    -0.210054500000000
  41  64
    -0.005143500000000     0.019894000000000    -0.028831500000000
    -0.012313000000000     0.005002500000000     0.018790000000000
     0.001228500000000     0.024021000000000    -0.022790500000000
  49   1
    -0.325187500000000    -0.155495500000000    -0.165533500000000
     0.008273000000000    -0.387209500000000    -0.238654500000000
     0.252486000000000    -0.093337500000000    -1.059175499999999
  49   2
     0.058786000000000     0.028865500000000    -0.025707000000000
    -0.033638000000000    -0.046228500000000     0.000492500000000
    -0.013177500000000     0.033831000000000     0.016773000000000
  49   3
    -0.155581500000000    -0.056194000000000    -0.003173000000000
    -0.021325000000000     0.050195000000000     0.038913500000000
    -0.019369000000000    -0.117587000000000    -0.025095000000000
  49   4
     0.066947500000000    -0.008544000000000    -0.005329500000000
    -0.000654000000000     0.021610000000000    -0.003480000000000
     0.017641000000000     0.006372500000000    -0.001691000000000
  49   5
    -0.425041500000000     0.047869000000000     0.247386500000000
    -0.034501500000000    -0.986007500000000     2.215244273878490
     0.405385000000000     1.741368335679518    -4.186528128715186
  49   6
     0.078328500000000     0.087031000000000     0.054205000000000
     0.004026500000000    -0.007372000000000     0.031347000000000
    -0.008268500000000     0.082266500000000    -0.077167000000000
  49   7
    -0.062002500000000     0.019118500000000     0.053954500000000
    -0.010505000000000    -0.003042000000000     0.088888000000000
     0.020517000000000     0.043533000000000    -0.031080000000000
  49   8
     0.044548000000000    -0.052352500000000    -0.040625000000000
     0.022838500000000     0.027249000000000    -0.008373500000000
     0.014654000000000     0.021892000000000     0.021344500000000
  49   9
    -4.186528128715186    -0.405385000000000    -1.741368335679518
    -0.247386500000000    -0.425041500000000     0.047869000000000
    -2.215244273878490    -0.034501500000000    -0.986007500000000
  49  10
    -1.059175499999999    -0.252486000000000     0.093337500000000
     0.165533500000000    -0.325187500000000    -0.155495500000000
     0.238654500000000     0.008273000000000    -0.387209500000000
  49  11
    -0.077167000000000     0.008268500000000    -0.082266500000000
    -0.054205000000000     0.078328500000000     0.087031000000000
    -0.031347000000000     0.004026500000000    -0.007372000000000
  49  12
     0.016773000000000     0.013177500000000    -0.033831000000000
     0.025707000000000     0.058786000000000     0.028865500000000
    -0.000492500000000    -0.033638000000000    -0.046228500000000
  49  13
    -0.031080000000000    -0.020517000000000    -0.043533000000000
    -0.053954500000000    -0.062002500000000     0.019118500000000
    -0.088888000000000    -0.010505000000000    -0.003042000000000
  49  14
    -0.025095000000000     0.019369000000000     0.117587000000000
     0.003173000000000    -0.155581500000000    -0.056194000000000
    -0.038913500000000    -0.021325000000000     0.050195000000000
  49  15
     0.021344500000000    -0.014654000000000    -0.021892000000000
     0.040625000000000     0.044548000000000    -0.052352500000000
     0.008373500000000     0.022838500000000     0.027249000000000
  49  16
    -0.001691000000000    -0.017641000000000    -0.006372500000000
     0.005329500000000     0.066947500000000    -0.008544000000000
     0.003480000000000    -0.000654000000000     0.021610000000000
  49  17
    -0.049602500000000    -0.018750000000000     0.045198500000000
    -0.035024500000000    -0.069398500000000     0.104043500000000
    -0.008439500000000     0.025788500000000    -0.054216500000000
  49  18
    -1.328959354726147     1.428415686559234    -1.565277669170851
     1.565277669170851    -1.328959354726147     1.428415686559234
    -1.428415686559234     1.565277669170851    -1.328959354726147
  49  19
     0.049286500000000    -0.075383000000000     0.033140000000000
    -0.036343500000000     0.090424000000000    -0.036373500000000
    -0.030250000000000    -0.005246000000000    -0.052588500000000
  49  20
    -0.054216500000000     0.008439500000000    -0.025788500000000
    -0.045198500000000    -0.049602500000000    -0.018750000000000
    -0.104043500000000    -0.035024500000000    -0.069398500000000
  49  21
     0.090424000000000    -0.036373500000000     0.036343500000000
    -0.005246000000000    -0.052588500000000     0.030250000000000
     0.075383000000000    -0.033140000000000     0.049286500000000
  49  22
    -0.069398500000000     0.104043500000000     0.035024500000000
     0.025788500000000    -0.054216500000000     0.008439500000000
     0.018750000000000    -0.045198500000000    -0.049602500000000
  49  23
     0.038109000000000    -0.029246500000000     0.009538500000000
    -0.009538500000000     0.038109000000000    -0.029246500000000
     0.029246500000000    -0.009538500000000     0.038109000000000
  49  24
    -0.052588500000000     0.030250000000000     0.005246000000000
    -0.033140000000000     0.049286500000000    -0.075383000000000
     0.036373500000000    -0.036343500000000     0.090424000000000
  49  25
    -0.387209500000000    -0.238654500000000    -0.008273000000000
    -0.093337500000000    -1.059175499999999    -0.252486000000000
     0.155495500000000     0.165533500000000    -0.325187500000000
  49  26
     0.050195000000000     0.038913500000000     0.021325000000000
    -0.117587000000000    -0.025095000000000     0.019369000000000
     0.056194000000000     0.003173000000000    -0.155581500000000
  49  27
    -0.986007500000000     2.215244273878490     0.034501500000000
     1.741368335679518    -4.186528128715186    -0.405385000000000
    -0.047869000000000    -0.247386500000000    -0.425041500000000
  49  28
    -0.003042000000000     0.088888000000000     0.010505000000000
     0.043533000000000    -0.031080000000000    -0.020517000000000
    -0.019118500000000    -0.053954500000000    -0.062002500000000
  49  29
    -0.046228500000000     0.000492500000000     0.033638000000000
     0.033831000000000     0.016773000000000     0.013177500000000
    -0.028865500000000     0.025707000000000     0.058786000000000
  49  30
     0.021610000000000    -0.003480000000000     0.000654000000000
     0.006372500000000    -0.001691000000000    -0.017641000000000
     0.008544000000000     0.005329500000000     0.066947500000000
  49  31
    -0.007372000000000     0.031347000000000    -0.004026500000000
     0.082266500000000    -0.077167000000000     0.008268500000000
    -0.087031000000000    -0.054205000000000     0.078328500000000
  49  32
     0.027249000000000    -0.008373500000000    -0.022838500000000
     0.021892000000000     0.021344500000000    -0.014654000000000
     0.052352500000000     0.040625000000000     0.044548000000000
  49  33
    -0.318668500000000    -0.297105000000000    -0.069348000000000
    -0.314903000000000    -0.037375500000000    -0.087493000000000
    -0.049529500000000    -0.084008500000000     0.040637000000000
  49  34
    -0.207378500000000     0.761748500000000     0.242169000000000
     0.810065499999999    -0.898788500000000    -0.560660000000000
     0.259087000000000    -0.486852500000000     0.228948500000000
  49  35
    -0.318577500000000     0.315475500000000    -0.049418000000000
     0.297083500000000    -0.037046000000000     0.084517500000000
    -0.069147500000000     0.086998000000000     0.039970000000000
  49  36
    -0.207747500000000    -0.809774000000000     0.259027000000000
    -0.761163000000000    -0.898586500000000     0.487301000000000
     0.241056000000000     0.560197000000000     0.228190000000000
  49  37
    -0.005140000000000     0.012376500000000    -0.000771500000000
    -0.019496000000000     0.005507000000000     0.024323500000000
     0.028506000000000     0.018405500000000    -0.023084500000000
  49  38
     0.063437500000000     0.025498000000000    -0.196300500000000
    -0.039748000000000    -0.035347000000000     0.251624500000000
     0.036769000000000     0.091602500000000    -0.210483000000000
  49  39
    -0.005143500000000     0.019894000000000     0.028831500000000
    -0.012313000000000     0.005002500000000    -0.018790000000000
    -0.001228500000000    -0.024021000000000    -0.022790500000000
  49  40
     0.063466500000000     0.040031500000000     0.037188500000000
    -0.025015500000000    -0.034748000000000    -0.092330000000000
    -0.196337000000000    -0.251181500000000    -0.210054500000000
  49  41
     0.228948500000000    -0.259087000000000     0.486852500000000
    -0.242169000000000    -0.207378500000000     0.761748500000000
     0.560660000000000     0.810065499999999    -0.898788500000000
  49  42
    -0.210483000000000    -0.036769000000000    -0.091602500000000
     0.196300500000000     0.063437500000000     0.025498000000000
    -0.251624500000000    -0.039748000000000    -0.035347000000000
  49  43
     0.040637000000000     0.049529500000000     0.084008500000000
     0.069348000000000    -0.318668500000000    -0.297105000000000
     0.087493000000000    -0.314903000000000    -0.037375500000000
  49  44
    -0.023084500000000    -0.028506000000000    -0.018405500000000
     0.000771500000000    -0.005140000000000     0.012376500000000
    -0.024323500000000    -0.019496000000000     0.005507000000000
  49  45
     0.228190000000000    -0.241056000000000    -0.560197000000000
    -0.259027000000000    -0.207747500000000    -0.809774000000000
    -0.487301000000000    -0.761163000000000    -0.898586500000000
  49  46
    -0.210054500000000     0.196337000000000     0.251181500000000
    -0.037188500000000     0.063466500000000     0.040031500000000
     0.092330000000000    -0.025015500000000    -0.034748000000000
  49  47
     0.039970000000000     0.069147500000000    -0.086998000000000
     0.049418000000000    -0.318577500000000     0.315475500000000
    -0.084517500000000     0.297083500000000    -0.037046000000000
  49  48
    -0.022790500000000     0.001228500000000     0.024021000000000
    -0.028831500000000    -0.005143500000000     0.019894000000000
     0.018790000000000    -0.012313000000000     0.005002500000000
  49  49
    11.916804483441336    -2.710117960437723     2.585522504850368
    -2.585522504850368    11.916804483441332    -2.710117960437724
     2.710117960437724    -2.585522504850368    11.916804483441338
  49  50
    -0.387210500000000    -0.029371000000000    -0.015217500000000
    -0.029863500000000     0.003729000000000     0.023652500000000
    -0.014671000000000     0.023538500000000     0.055255000000000
  49  51
     0.055255000000000     0.014671000000000    -0.023538500000000
     0.015217500000000    -0.387210500000000    -0.029371000000000
    -0.023652500000000    -0.029863500000000     0.003729000000000
  49  52
     0.001631000000000     0.003466000000000    -0.006030000000000
     0.003826500000000    -0.015482000000000     0.000381000000000
    -0.006036500000000     0.000866500000000     0.018008500000000
  49  53
     0.003729000000000     0.023652500000000     0.029863500000000
     0.023538500000000     0.055255000000000     0.014671000000000
     0.029371000000000     0.015217500000000    -0.387210500000000
  49  54
    -0.015482000000000     0.000381000000000    -0.003826500000000
     0.000866500000000     0.018008500000000     0.006036500000000
    -0.003466000000000     0.006030000000000     0.001631000000000
  49  55
     0.018008500000000     0.006036500000000    -0.000866500000000
     0.006030000000000     0.001631000000000     0.003466000000000
    -0.000381000000000     0.003826500000000    -0.015482000000000
  49  56
    -0.027361500000000     0.007616000000000    -0.007384500000000
     0.007384500000000    -0.027361500000000     0.007616000000000
    -0.007616000000000     0.007384500000000    -0.027361500000000
  49  57
    -0.898586500000000     0.487301000000000     0.761163000000000
     0.560197000000000     0.228190000000000    -0.241056000000000
     0.809774000000000    -0.259027000000000    -0.207747500000000
  49  58
    -0.898788500000000    -0.560660000000000    -0.810065499999999
    -0.486852500000000     0.228948500000000    -0.259087000000000
    -0.761748500000000    -0.242169000000000    -0.207378500000000
  49  59
    -0.034748000000000    -0.092330000000000     0.025015500000000
    -0.251181500000000    -0.210054500000000     0.196337000000000
    -0.040031500000000    -0.037188500000000     0.063466500000000
  49  60
    -0.035347000000000     0.251624500000000     0.039748000000000
     0.091602500000000    -0.210483000000000    -0.036769000000000
    -0.025498000000000     0.196300500000000     0.063437500000000
  49  61
    -0.037046000000000     0.084517500000000    -0.297083500000000
     0.086998000000000     0.039970000000000     0.069147500000000
    -0.315475500000000     0.049418000000000    -0.318577500000000
  49  62
    -0.037375500000000    -0.087493000000000     0.314903000000000
    -0.084008500000000     0.040637000000000     0.049529500000000
     0.297105000000000     0.069348000000000    -0.318668500000000
  49  63
     0.005002500000000    -0.018790000000000     0.012313000000000
    -0.024021000000000    -0.022790500000000     0.001228500000000
    -0.019894000000000    -0.028831500000000    -0.005143500000000
  49  64
     0.005507000000000     0.024323500000000     0.019496000000000
     0.018405500000000    -0.023084500000000    -0.028506000000000
    -0.012376500000000     0.000771500000000    -0.005140000000000
  57   1
    -1.059175499999999     0.252486000000000    -0.093337500000000
    -0.165533500000000    -0.325187500000000    -0.155495500000000
    -0.238654500000000     0.008273000000000    -0.387209500000000
  57   2
    -4.186528128715186     0.405385000000000     1.741368335679518
     0.247386500000000    -0.425041500000000     0.047869000000000
     2.215244273878490    -0.034501500000000    -0.986007500000000
  57   3
     0.016773000000000    -0.013177500000000     0.033831000000000
    -0.025707000000000     0.058786000000000     0.028865500000000
     0.000492500000000    -0.033638000000000    -0.046228500000000
  57   4
    -0.077167000000000    -0.008268500000000     0.082266500000000
     0.054205000000000     0.078328500000000     0.087031000000000
     0.031347000000000     0.004026500000000    -0.007372000000000
  57   5
    -0.025095000000000    -0.019369000000000    -0.117587000000000
    -0.003173000000000    -0.155581500000000    -0.056194000000000
     0.038913500000000    -0.021325000000000     0.050195000000000
  57   6
    -0.031080000000000     0.020517000000000     0.043533000000000
     0.053954500000000    -0.062002500000000     0.019118500000000
     0.088888000000000    -0.010505000000000    -0.003042000000000
  57   7
    -0.001691000000000     0.017641000000000     0.006372500000000
    -0.005329500000000     0.066947500000000    -0.008544000000000
    -0.003480000000000    -0.000654000000000     0.021610000000000
  57   8
     0.021344500000000     0.014654000000000     0.021892000000000
    -0.040625000000000     0.044548000000000    -0.052352500000000
    -0.008373500000000     0.022838500000000     0.027249000000000
  57   9
    -0.325187500000000     0.155495500000000     0.165533500000000
    -0.008273000000000    -0.387209500000000    -0.238654500000000
    -0.252486000000000    -0.093337500000000    -1.059175499999999
  57  10
     0.058786000000000    -0.028865500000000     0.025707000000000
     0.033638000000000    -0.046228500000000     0.000492500000000
     0.013177500000000     0.033831000000000     0.016773000000000
  57  11
    -0.155581500000000     0.056194000000000     0.003173000000000
     0.021325000000000     0.050195000000000     0.038913500000000
     0.019369000000000    -0.117587000000000    -0.025095000000000
  57  12
     0.066947500000000     0.008544000000000     0.005329500000000
     0.000654000000000     0.021610000000000    -0.003480000000000
    -0.017641000000000     0.006372500000000    -0.001691000000000
  57  13
    -0.425041500000000    -0.047869000000000    -0.247386500000000
     0.034501500000000    -0.986007500000000     2.215244273878490
    -0.405385000000000     1.741368335679518    -4.186528128715186
  57  14
     0.078328500000000    -0.087031000000000    -0.054205000000000
    -0.004026500000000    -0.007372000000000     0.031347000000000
     0.008268500000000     0.082266500000000    -0.077167000000000
  57  15
    -0.062002500000000    -0.019118500000000    -0.053954500000000
     0.010505000000000    -0.003042000000000     0.088888000000000
    -0.020517000000000     0.043533000000000    -0.031080000000000
  57  16
     0.044548000000000     0.052352500000000     0.040625000000000
    -0.022838500000000     0.027249000000000    -0.008373500000000
    -0.014654000000000     0.021892000000000     0.021344500000000
  57  17
    -0.986007500000000    -2.215244273878490    -0.034501500000000
    -1.741368335679518    -4.186528128715186    -0.405385000000000
     0.047869000000000    -0.247386500000000    -0.425041500000000
  57  18
    -0.003042000000000    -0.088888000000000    -0.010505000000000
    -0.043533000000000    -0.031080000000000    -0.020517000000000
     0.019118500000000    -0.053954500000000    -0.062002500000000
  57  19
    -0.387209500000000     0.238654500000000     0.008273000000000
     0.093337500000000    -1.059175499999999    -0.252486000000000
    -0.155495500000000     0.165533500000000    -0.325187500000000
  57  20
     0.050195000000000    -0.038913500000000    -0.021325000000000
     0.117587000000000    -0.025095000000000     0.019369000000000
    -0.056194000000000     0.003173000000000    -0.155581500000000
  57  21
    -0.007372000000000    -0.031347000000000     0.004026500000000
    -0.082266500000000    -0.077167000000000     0.008268500000000
     0.087031000000000    -0.054205000000000     0.078328500000000
  57  22
     0.027249000000000     0.008373500000000     0.022838500000000
    -0.021892000000000     0.021344500000000    -0.014654000000000
    -0.052352500000000     0.040625000000000     0.044548000000000
  57  23
    -0.046228500000000    -0.000492500000000    -0.033638000000000
    -0.033831000000000     0.016773000000000     0.013177500000000
     0.028865500000000     0.025707000000000     0.058786000000000
  57  24
     0.021610000000000     0.003480000000000    -0.000654000000000
    -0.006372500000000    -0.001691000000000    -0.017641000000000
    -0.008544000000000     0.005329500000000     0.066947500000000
  57  25
    -0.054216500000000    -0.008439500000000     0.025788500000000
     0.045198500000000    -0.049602500000000    -0.018750000000000
     0.104043500000000    -0.035024500000000    -0.069398500000000
  57  26
     0.049286500000000     0.075383000000000    -0.033140000000000
     0.036343500000000     0.090424000000000    -0.036373500000000
     0.030250000000000    -0.005246000000000    -0.052588500000000
  57  27
    -1.328959354726147    -1.428415686559234     1.565277669170851
    -1.565277669170851    -1.328959354726147     1.428415686559234
     1.428415686559234     1.565277669170851    -1.328959354726147
  57  28
    -0.049602500000000     0.018750000000000    -0.045198500000000
     0.035024500000000    -0.069398500000000     0.104043500000000
     0.008439500000000     0.025788500000000    -0.054216500000000
  57  29
    -0.052588500000000    -0.030250000000000    -0.005246000000000
     0.033140000000000     0.049286500000000    -0.075383000000000
    -0.036373500000000    -0.036343500000000     0.090424000000000
  57  30
     0.038109000000000     0.029246500000000    -0.009538500000000
     0.009538500000000     0.038109000000000    -0.029246500000000
    -0.029246500000000    -0.009538500000000     0.038109000000000
  57  31
    -0.069398500000000    -0.104043500000000    -0.035024500000000
    -0.025788500000000    -0.054216500000000     0.008439500000000
    -0.018750000000000    -0.045198500000000    -0.049602500000000
  57  32
     0.090424000000000     0.036373500000000    -0.036343500000000
     0.005246000000000    -0.052588500000000     0.030250000000000
    -0.075383000000000    -0.033140000000000     0.049286500000000
  57  33
     0.040637000000000    -0.049529500000000    -0.084008500000000
    -0.069348000000000    -0.318668500000000    -0.297105000000000
    -0.087493000000000    -0.314903000000000    -0.037375500000000
  57  34
    -0.023084500000000     0.028506000000000     0.018405500000000
    -0.000771500000000    -0.005140000000000     0.012376500000000
     0.024323500000000    -0.019496000000000     0.005507000000000
  57  35
     0.228948500000000     0.259087000000000    -0.486852500000000
     0.242169000000000    -0.207378500000000     0.761748500000000
    -0.560660000000000     0.810065499999999    -0.898788500000000
  57  36
    -0.210483000000000     0.036769000000000     0.091602500000000
    -0.196300500000000     0.063437500000000     0.025498000000000
     0.251624500000000    -0.039748000000000    -0.035347000000000
  57  37
     0.039970000000000    -0.069147500000000     0.086998000000000
    -0.049418000000000    -0.318577500000000     0.315475500000000
     0.084517500000000     0.297083500000000    -0.037046000000000
  57  38
    -0.022790500000000    -0.001228500000000    -0.024021000000000
     0.028831500000000    -0.005143500000000     0.019894000000000
    -0.018790000000000    -0.012313000000000     0.005002500000000
  57  39
     0.228190000000000     0.241056000000000     0.560197000000000
     0.259027000000000    -0.207747500000000    -0.809774000000000
     0.487301000000000    -0.761163000000000    -0.898586500000000
  57  40
    -0.210054500000000    -0.196337000000000    -0.251181500000000
     0.037188500000000     0.063466500000000     0.040031500000000
    -0.092330000000000    -0.025015500000000    -0.034748000000000
  57  41
    -0.207747500000000     0.809774000000000    -0.259027000000000
     0.761163000000000    -0.898586500000000     0.487301000000000
    -0.241056000000000     0.560197000000000     0.228190000000000
  57  42
    -0.318577500000000    -0.315475500000000     0.049418000000000
    -0.297083500000000    -0.037046000000000     0.084517500000000
     0.069147500000000     0.086998000000000     0.039970000000000
  57  43
    -0.207378500000000    -0.761748500000000    -0.242169000000000
    -0.810065499999999    -0.898788500000000    -0.560660000000000
    -0.259087000000000    -0.486852500000000     0.228948500000000
  57  44
    -0.318668500000000     0.297105000000000     0.069348000000000
     0.314903000000000    -0.037375500000000    -0.087493000000000
     0.049529500000000    -0.084008500000000     0.040637000000000
  57  45
     0.063466500000000    -0.040031500000000    -0.037188500000000
     0.025015500000000    -0.034748000000000    -0.092330000000000
     0.196337000000000    -0.251181500000000    -0.210054500000000
  57  46
    -0.005143500000000    -0.019894000000000    -0.028831500000000
     0.012313000000000     0.005002500000000    -0.018790000000000
     0.001228500000000    -0.024021000000000    -0.022790500000000
  57  47
     0.063437500000000    -0.025498000000000     0.196300500000000
     0.039748000000000    -0.035347000000000     0.251624500000000
    -0.036769000000000     0.091602500000000    -0.210483000000000
  57  48
    -0.005140000000000    -0.012376500000000     0.000771500000000
     0.019496000000000     0.005507000000000     0.024323500000000
    -0.028506000000000     0.018405500000000    -0.023084500000000
  57  49
    -0.898788500000000     0.560660000000000     0.810065499999999
     0.486852500000000     0.228948500000000    -0.259087000000000
     0.761748500000000    -0.242169000000000    -0.207378500000000
  57  50
    -0.898586500000000    -0.487301000000000    -0.761163000000000
    -0.560197000000000     0.228190000000000    -0.241056000000000
    -0.809774000000000    -0.259027000000000    -0.207747500000000
  57  51
    -0.035347000000000    -0.251624500000000    -0.039748000000000
    -0.091602500000000    -0.210483000000000    -0.036769000000000
     0.025498000000000     0.196300500000000     0.063437500000000
  57  52
    -0.034748000000000     0.092330000000000    -0.025015500000000
     0.251181500000000    -0.210054500000000     0.196337000000000
     0.040031500000000    -0.037188500000000     0.063466500000000
  57  53
    -0.037375500000000     0.087493000000000    -0.314903000000000
     0.084008500000000     0.040637000000000     0.049529500000000
    -0.297105000000000     0.069348000000000    -0.318668500000000
  57  54
    -0.037046000000000    -0.084517500000000     0.297083500000000
    -0.086998000000000     0.039970000000000     0.069147500000000
     0.315475500000000     0.049418000000000    -0.318577500000000
  57  55
     0.005507000000000    -0.024323500000000    -0.019496000000000
    -0.018405500000000    -0.023084500000000    -0.028506000000000
     0.012376500000000     0.000771500000000    -0.005140000000000
  57  56
     0.005002500000000     0.018790000000000    -0.012313000000000
     0.024021000000000    -0.022790500000000     0.001228500000000
     0.019894000000000    -0.028831500000000    -0.005143500000000
  57  57
    11.916804483441336     2.710117960437724    -2.585522504850367
     2.585522504850368    11.916804483441338    -2.710117960437723
    -2.710117960437724    -2.585522504850368    11.916804483441336
  57  58
    -0.387210500000000     0.029371000000000     0.015217500000000
     0.029863500000000     0.003729000000000     0.023652500000000
     0.014671000000000     0.023538500000000     0.055255000000000
  57  59
     0.055255000000000    -0.014671000000000     0.023538500000000
    -0.015217500000000    -0.387210500000000    -0.029371000000000
     0.023652500000000    -0.029863500000000     0.003729000000000
  57  60
     0.001631000000000    -0.003466000000000     0.006030000000000
    -0.003826500000000    -0.015482000000000     0.000381000000000
     0.006036500000000     0.000866500000000     0.018008500000000
  57  61
     0.003729000000000    -0.023652500000000    -0.029863500000000
    -0.023538500000000     0.055255000000000     0.014671000000000
    -0.029371000000000     0.015217500000000    -0.387210500000000
  57  62
    -0.015482000000000    -0.000381000000000     0.003826500000000
    -0.000866500000000     0.018008500000000     0.006036500000000
     0.003466000000000     0.006030000000000     0.001631000000000
  57  63
     0.018008500000000    -0.006036500000000     0.000866500000000
    -0.006030000000000     0.001631000000000     0.003466000000000
     0.000381000000000     0.003826500000000    -0.015482000000000
  57  64
    -0.027361500000000    -0.007616000000000     0.007384500000000
    -0.007384500000000    -0.027361500000000     0.007616000000000
     0.007616000000000     0.007384500000000    -0.027361500000000
